{
"type": "FeatureCollection",
"name": "map_counties",
"crs": { "type": "name", "properties": { "name": "urn:ogc:def:crs:OGC:1.3:CRS84" } },
"features": [
{ "type": "Feature", "properties": { "STATEFP": "49", "COUNTYFP": "011", "COUNTYNS": "01448020", "GEOID": "49011", "GEOIDFQ": "0500000US49011", "NAME": "Davis", "NAMELSAD": "Davis County", "LSAD": "06", "CLASSFP": "H1", "MTFCC": "G4020", "CSAFP": "482", "CBSAFP": "36260", "METDIVFP": null, "FUNCSTAT": "A", "ALAND": 841011791, "AWATER": 804179376, "INTPTLAT": "+41.0375594", "INTPTLON": "-112.2019434" }, "geometry": { "type": "Polygon", "coordinates": [ [ [ -112.008134, 40.921016 ], [ -112.011846, 40.919053 ], [ -112.027117, 40.910909 ], [ -112.065095, 40.890614 ], [ -112.065542, 40.890375 ], [ -112.075979, 40.884796 ], [ -112.092245, 40.876131 ], [ -112.100586, 40.871693 ], [ -112.125764, 40.858178 ], [ -112.141647, 40.849698 ], [ -112.142181, 40.849387 ], [ -112.146302, 40.847179 ], [ -112.147659, 40.846454 ], [ -112.148271, 40.846133 ], [ -112.148435, 40.846019 ], [ -112.148652, 40.845868 ], [ -112.148816, 40.845758 ], [ -112.14932, 40.845397 ], [ -112.150219, 40.844818 ], [ -112.153481, 40.842544 ], [ -112.16542, 40.834353 ], [ -112.173393, 40.828863 ], [ -112.176155, 40.82696 ], [ -112.187077, 40.819436 ], [ -112.195979, 40.813321 ], [ -112.217033, 40.79886 ], [ -112.238462, 40.784043 ], [ -112.240247, 40.782812 ], [ -112.250155, 40.775975 ], [ -112.250777, 40.775552 ], [ -112.253335, 40.773835 ], [ -112.259743, 40.769419 ], [ -112.260216, 40.769093 ], [ -112.260838, 40.769915 ], [ -112.262842, 40.772566 ], [ -112.26351, 40.77345 ], [ -112.272356, 40.785247 ], [ -112.280166, 40.795617 ], [ -112.280259, 40.795741 ], [ -112.283106, 40.79953 ], [ -112.300892, 40.823192 ], [ -112.301049, 40.8234 ], [ -112.310945, 40.836537 ], [ -112.316394, 40.843772 ], [ -112.327002, 40.857561 ], [ -112.329422, 40.860706 ], [ -112.340129, 40.874941 ], [ -112.367996, 40.911779 ], [ -112.375788, 40.922079 ], [ -112.380552, 40.928339 ], [ -112.381288, 40.929305 ], [ -112.385142, 40.93437 ], [ -112.387138, 40.936993 ], [ -112.409287, 40.966096 ], [ -112.418698, 40.978462 ], [ -112.435042, 40.999938 ], [ -112.437798, 41.003566 ], [ -112.440555, 41.007194 ], [ -112.457023, 41.028868 ], [ -112.466974, 41.041964 ], [ -112.477781, 41.056187 ], [ -112.493515, 41.076888 ], [ -112.451621, 41.087334 ], [ -112.421388, 41.094884 ], [ -112.402875, 41.099488 ], [ -112.395737, 41.101246 ], [ -112.384667, 41.103969 ], [ -112.330013, 41.117577 ], [ -112.298122, 41.125508 ], [ -112.288623, 41.127895 ], [ -112.286207, 41.12849 ], [ -112.250779, 41.137213 ], [ -112.199344, 41.149904 ], [ -112.190201, 41.152179 ], [ -112.187878, 41.15274 ], [ -112.187135, 41.152919 ], [ -112.186811, 41.153 ], [ -112.186693, 41.153028 ], [ -112.18654, 41.153027 ], [ -112.180011, 41.152989 ], [ -112.179486, 41.152986 ], [ -112.179366, 41.152985 ], [ -112.179177, 41.152984 ], [ -112.178772, 41.152982 ], [ -112.178657, 41.152981 ], [ -112.178521, 41.15298 ], [ -112.178422, 41.152979 ], [ -112.178066, 41.152977 ], [ -112.177053, 41.15297 ], [ -112.177027, 41.15297 ], [ -112.175257, 41.152957 ], [ -112.174573, 41.152956 ], [ -112.173197, 41.152948 ], [ -112.17246, 41.152943 ], [ -112.172003, 41.152938 ], [ -112.171116, 41.152936 ], [ -112.170987, 41.152936 ], [ -112.170845, 41.152934 ], [ -112.169509, 41.152923 ], [ -112.16887, 41.152922 ], [ -112.158158, 41.152856 ], [ -112.152573, 41.152828 ], [ -112.148471, 41.152796 ], [ -112.142584, 41.15276 ], [ -112.138756, 41.152758 ], [ -112.138535, 41.152757 ], [ -112.138391, 41.152757 ], [ -112.132752, 41.152748 ], [ -112.122882, 41.152748 ], [ -112.122569, 41.152746 ], [ -112.113135, 41.152737 ], [ -112.112947, 41.15274 ], [ -112.107995, 41.15274 ], [ -112.10467, 41.152733 ], [ -112.104606, 41.152733 ], [ -112.104527, 41.152733 ], [ -112.102986, 41.152731 ], [ -112.101011, 41.152728 ], [ -112.09492, 41.152724 ], [ -112.092857, 41.15272 ], [ -112.089709, 41.152716 ], [ -112.088619, 41.152715 ], [ -112.08562, 41.152713 ], [ -112.083812, 41.152708 ], [ -112.083263, 41.152709 ], [ -112.081664, 41.152708 ], [ -112.080786, 41.152706 ], [ -112.077871, 41.152703 ], [ -112.075296, 41.152702 ], [ -112.073092, 41.152699 ], [ -112.071868, 41.152703 ], [ -112.064469, 41.152716 ], [ -112.059668, 41.152659 ], [ -112.054856, 41.152611 ], [ -112.053439, 41.152597 ], [ -112.052378, 41.152599 ], [ -112.05125, 41.152604 ], [ -112.049498, 41.152606 ], [ -112.048509, 41.152606 ], [ -112.047528, 41.152609 ], [ -112.046598, 41.152613 ], [ -112.045873, 41.152611 ], [ -112.045228, 41.152617 ], [ -112.044244, 41.152619 ], [ -112.043195, 41.152616 ], [ -112.041261, 41.152621 ], [ -112.039669, 41.152623 ], [ -112.038611, 41.152627 ], [ -112.037532, 41.152627 ], [ -112.03729, 41.152625 ], [ -112.035128, 41.152631 ], [ -112.033534, 41.152636 ], [ -112.033387, 41.152631 ], [ -112.033369, 41.152628 ], [ -112.032371, 41.152632 ], [ -112.031375, 41.152639 ], [ -112.030243, 41.152639 ], [ -112.026059, 41.152647 ], [ -112.025463, 41.152646 ], [ -112.025101, 41.152646 ], [ -112.025023, 41.152647 ], [ -112.0249, 41.152648 ], [ -112.024671, 41.15265 ], [ -112.024492, 41.152652 ], [ -112.024462, 41.152652 ], [ -112.024299, 41.152655 ], [ -112.02412, 41.152658 ], [ -112.023971, 41.152658 ], [ -112.023374, 41.152658 ], [ -112.021653, 41.152655 ], [ -112.021227, 41.152653 ], [ -112.021127, 41.152652 ], [ -112.019615, 41.152657 ], [ -112.01822, 41.152657 ], [ -112.017795, 41.152658 ], [ -112.016337, 41.152663 ], [ -112.015055, 41.152656 ], [ -112.014394, 41.152662 ], [ -112.01425, 41.152662 ], [ -112.01249, 41.152664 ], [ -112.006778, 41.152697 ], [ -112.005003, 41.152665 ], [ -112.000191, 41.152669 ], [ -111.999631, 41.152668 ], [ -111.999402, 41.152668 ], [ -111.999293, 41.152669 ], [ -111.999087, 41.152666 ], [ -111.998539, 41.152677 ], [ -111.993205, 41.152658 ], [ -111.993129, 41.152668 ], [ -111.992742, 41.152662 ], [ -111.992059, 41.152655 ], [ -111.990213, 41.15267 ], [ -111.989106, 41.152664 ], [ -111.98867, 41.152665 ], [ -111.988315, 41.152659 ], [ -111.987777, 41.152659 ], [ -111.979897, 41.152654 ], [ -111.978436, 41.152662 ], [ -111.975092, 41.152652 ], [ -111.97336, 41.152649 ], [ -111.972733, 41.15265 ], [ -111.972629, 41.15265 ], [ -111.972525, 41.15265 ], [ -111.972397, 41.15265 ], [ -111.972173, 41.152649 ], [ -111.97181, 41.152648 ], [ -111.971004, 41.152647 ], [ -111.970406, 41.152418 ], [ -111.970117, 41.152307 ], [ -111.969958, 41.152271 ], [ -111.969672, 41.152206 ], [ -111.969278, 41.152116 ], [ -111.969217, 41.152091 ], [ -111.969086, 41.152036 ], [ -111.96834, 41.151726 ], [ -111.968293, 41.151715 ], [ -111.968113, 41.151672 ], [ -111.968006, 41.151646 ], [ -111.96792, 41.151626 ], [ -111.967849, 41.151609 ], [ -111.967797, 41.151597 ], [ -111.967637, 41.151502 ], [ -111.967396, 41.151359 ], [ -111.967222, 41.151256 ], [ -111.967079, 41.151171 ], [ -111.966797, 41.151004 ], [ -111.9667, 41.150947 ], [ -111.966568, 41.150869 ], [ -111.965732, 41.150374 ], [ -111.963447, 41.149945 ], [ -111.963126, 41.14979 ], [ -111.962351, 41.149416 ], [ -111.962322, 41.149402 ], [ -111.962104, 41.149225 ], [ -111.960797, 41.148161 ], [ -111.960256, 41.147721 ], [ -111.960084, 41.14758 ], [ -111.959922, 41.147448 ], [ -111.95962, 41.147203 ], [ -111.959307, 41.146948 ], [ -111.959117, 41.146949 ], [ -111.958817, 41.146951 ], [ -111.958724, 41.146773 ], [ -111.958688, 41.146705 ], [ -111.958621, 41.146576 ], [ -111.958601, 41.146537 ], [ -111.958567, 41.146473 ], [ -111.958251, 41.146394 ], [ -111.958063, 41.146347 ], [ -111.957677, 41.146125 ], [ -111.957628, 41.146076 ], [ -111.957561, 41.146009 ], [ -111.957509, 41.145934 ], [ -111.957312, 41.145648 ], [ -111.95707, 41.145246 ], [ -111.956937, 41.144936 ], [ -111.956841, 41.144712 ], [ -111.956726, 41.144325 ], [ -111.956765, 41.144109 ], [ -111.956687, 41.144018 ], [ -111.956514, 41.143817 ], [ -111.956439, 41.14373 ], [ -111.956113, 41.143351 ], [ -111.95576, 41.14294 ], [ -111.955743, 41.142836 ], [ -111.955718, 41.142682 ], [ -111.955706, 41.142608 ], [ -111.955686, 41.142485 ], [ -111.955601, 41.141973 ], [ -111.955584, 41.141865 ], [ -111.955558, 41.141705 ], [ -111.955921, 41.141089 ], [ -111.956191, 41.140631 ], [ -111.955052, 41.140261 ], [ -111.953983, 41.139913 ], [ -111.952652, 41.139204 ], [ -111.952537, 41.139143 ], [ -111.949489, 41.138073 ], [ -111.948017, 41.138269 ], [ -111.947811, 41.138292 ], [ -111.947703, 41.138306 ], [ -111.947606, 41.138319 ], [ -111.946316, 41.13808 ], [ -111.945437, 41.137917 ], [ -111.944452, 41.137735 ], [ -111.944252, 41.137698 ], [ -111.944159, 41.137681 ], [ -111.944064, 41.137663 ], [ -111.943978, 41.137647 ], [ -111.9439, 41.137633 ], [ -111.943334, 41.137528 ], [ -111.943262, 41.137515 ], [ -111.943133, 41.137491 ], [ -111.942906, 41.137449 ], [ -111.941616, 41.137698 ], [ -111.941154, 41.137787 ], [ -111.941058, 41.137806 ], [ -111.940948, 41.137827 ], [ -111.940915, 41.137833 ], [ -111.940898, 41.137836 ], [ -111.940835, 41.137848 ], [ -111.940588, 41.137896 ], [ -111.940459, 41.13792 ], [ -111.94037, 41.137938 ], [ -111.940265, 41.137958 ], [ -111.939559, 41.138095 ], [ -111.939486, 41.138109 ], [ -111.938641, 41.138272 ], [ -111.938568, 41.138286 ], [ -111.938482, 41.138303 ], [ -111.93844, 41.138311 ], [ -111.938128, 41.138314 ], [ -111.93809, 41.138315 ], [ -111.937836, 41.138318 ], [ -111.936765, 41.138329 ], [ -111.935271, 41.138346 ], [ -111.934965, 41.138349 ], [ -111.934693, 41.138351 ], [ -111.934314, 41.138356 ], [ -111.934084, 41.138359 ], [ -111.933956, 41.1383 ], [ -111.933871, 41.138261 ], [ -111.933814, 41.138235 ], [ -111.933725, 41.138194 ], [ -111.933704, 41.138185 ], [ -111.933668, 41.138168 ], [ -111.933643, 41.138157 ], [ -111.933615, 41.138145 ], [ -111.933594, 41.138135 ], [ -111.933551, 41.138115 ], [ -111.93351, 41.138096 ], [ -111.933491, 41.138087 ], [ -111.93291, 41.13782 ], [ -111.932333, 41.137555 ], [ -111.932225, 41.137505 ], [ -111.932062, 41.13743 ], [ -111.93171, 41.137268 ], [ -111.931645, 41.137238 ], [ -111.931584, 41.137209 ], [ -111.931384, 41.137118 ], [ -111.931062, 41.13697 ], [ -111.930405, 41.137332 ], [ -111.929929, 41.137594 ], [ -111.92989, 41.13762 ], [ -111.929676, 41.137763 ], [ -111.929498, 41.137884 ], [ -111.928859, 41.138318 ], [ -111.928425, 41.138568 ], [ -111.925853, 41.138025 ], [ -111.925468, 41.137946 ], [ -111.925228, 41.137898 ], [ -111.925211, 41.137894 ], [ -111.924662, 41.137917 ], [ -111.92386, 41.13795 ], [ -111.92307, 41.137983 ], [ -111.921174, 41.138586 ], [ -111.920999, 41.138647 ], [ -111.920909, 41.13867 ], [ -111.920835, 41.138655 ], [ -111.920334, 41.138551 ], [ -111.920334, 41.138313 ], [ -111.920335, 41.138229 ], [ -111.920335, 41.138143 ], [ -111.920337, 41.1377 ], [ -111.919926, 41.1377 ], [ -111.91983, 41.137699 ], [ -111.919794, 41.137699 ], [ -111.919735, 41.137699 ], [ -111.917328, 41.137697 ], [ -111.917134, 41.137888 ], [ -111.916947, 41.137849 ], [ -111.916218, 41.137677 ], [ -111.915095, 41.137411 ], [ -111.915078, 41.137385 ], [ -111.914955, 41.137193 ], [ -111.914913, 41.137126 ], [ -111.914161, 41.135953 ], [ -111.914071, 41.135813 ], [ -111.913606, 41.135087 ], [ -111.912353, 41.134862 ], [ -111.912182, 41.134831 ], [ -111.912162, 41.134828 ], [ -111.911833, 41.134768 ], [ -111.911465, 41.134702 ], [ -111.911122, 41.13464 ], [ -111.910755, 41.134575 ], [ -111.910387, 41.134624 ], [ -111.91026, 41.134641 ], [ -111.910079, 41.134665 ], [ -111.909653, 41.134722 ], [ -111.909182, 41.134785 ], [ -111.907801, 41.135408 ], [ -111.907112, 41.135719 ], [ -111.906889, 41.135748 ], [ -111.906774, 41.135798 ], [ -111.905764, 41.135874 ], [ -111.905261, 41.135958 ], [ -111.904916, 41.136016 ], [ -111.904386, 41.136083 ], [ -111.903797, 41.136181 ], [ -111.903547, 41.136264 ], [ -111.903396, 41.136339 ], [ -111.903211, 41.136446 ], [ -111.903059, 41.136533 ], [ -111.902628, 41.136465 ], [ -111.902603, 41.136467 ], [ -111.901732, 41.13653 ], [ -111.901485, 41.136499 ], [ -111.901222, 41.136466 ], [ -111.900972, 41.136336 ], [ -111.900536, 41.136109 ], [ -111.90016, 41.135914 ], [ -111.899917, 41.135785 ], [ -111.899656, 41.135653 ], [ -111.89949, 41.135566 ], [ -111.899433, 41.135536 ], [ -111.899234, 41.135546 ], [ -111.899082, 41.135553 ], [ -111.898909, 41.135562 ], [ -111.89872, 41.135572 ], [ -111.898292, 41.135593 ], [ -111.897598, 41.135627 ], [ -111.897233, 41.13571 ], [ -111.895535, 41.136097 ], [ -111.893895, 41.136668 ], [ -111.891606, 41.137156 ], [ -111.889873, 41.137618 ], [ -111.888688, 41.137726 ], [ -111.888476, 41.137748 ], [ -111.888436, 41.13774 ], [ -111.888221, 41.137708 ], [ -111.888124, 41.137694 ], [ -111.887028, 41.13753 ], [ -111.886853, 41.137516 ], [ -111.886438, 41.13745 ], [ -111.8859, 41.137368 ], [ -111.885795, 41.137352 ], [ -111.885731, 41.137352 ], [ -111.885694, 41.137353 ], [ -111.885563, 41.137353 ], [ -111.885217, 41.137354 ], [ -111.884774, 41.137353 ], [ -111.884594, 41.137353 ], [ -111.882806, 41.137348 ], [ -111.88098, 41.137786 ], [ -111.880804, 41.13777 ], [ -111.879659, 41.137625 ], [ -111.879614, 41.137619 ], [ -111.879572, 41.137623 ], [ -111.879206, 41.137601 ], [ -111.878916, 41.137551 ], [ -111.878626, 41.137479 ], [ -111.878362, 41.137478 ], [ -111.876634, 41.137832 ], [ -111.876075, 41.137856 ], [ -111.875623, 41.137876 ], [ -111.874564, 41.138238 ], [ -111.874166, 41.138139 ], [ -111.871965, 41.138105 ], [ -111.871017, 41.138091 ], [ -111.870502, 41.138083 ], [ -111.869738, 41.13807 ], [ -111.86904, 41.138059 ], [ -111.868605, 41.137941 ], [ -111.866565, 41.13739 ], [ -111.866315, 41.137322 ], [ -111.866099, 41.137264 ], [ -111.866021, 41.137294 ], [ -111.865418, 41.13753 ], [ -111.865199, 41.137616 ], [ -111.86425, 41.137586 ], [ -111.864077, 41.137583 ], [ -111.861582, 41.137519 ], [ -111.861255, 41.137511 ], [ -111.861263, 41.137563 ], [ -111.861317, 41.137942 ], [ -111.861427, 41.138699 ], [ -111.861472, 41.139011 ], [ -111.861646, 41.140218 ], [ -111.859863, 41.139859 ], [ -111.859694, 41.139747 ], [ -111.859036, 41.13931 ], [ -111.858639, 41.139046 ], [ -111.858437, 41.138886 ], [ -111.858221, 41.138806 ], [ -111.857911, 41.138754 ], [ -111.857775, 41.138747 ], [ -111.85769, 41.138743 ], [ -111.857333, 41.138777 ], [ -111.857202, 41.138782 ], [ -111.857066, 41.13881 ], [ -111.856916, 41.138843 ], [ -111.856633, 41.138953 ], [ -111.856293, 41.139067 ], [ -111.856247, 41.139083 ], [ -111.856228, 41.139028 ], [ -111.856203, 41.138965 ], [ -111.856147, 41.138815 ], [ -111.85613, 41.138773 ], [ -111.856103, 41.138714 ], [ -111.856059, 41.138615 ], [ -111.855946, 41.138351 ], [ -111.855939, 41.138274 ], [ -111.85595, 41.138197 ], [ -111.855984, 41.138098 ], [ -111.856049, 41.138035 ], [ -111.856173, 41.137962 ], [ -111.856529, 41.137824 ], [ -111.856789, 41.137678 ], [ -111.857014, 41.137573 ], [ -111.857156, 41.137513 ], [ -111.857227, 41.137449 ], [ -111.857232, 41.137359 ], [ -111.85724, 41.137292 ], [ -111.857239, 41.137215 ], [ -111.857234, 41.137158 ], [ -111.857211, 41.137109 ], [ -111.857156, 41.136999 ], [ -111.857029, 41.136897 ], [ -111.856766, 41.136795 ], [ -111.856336, 41.136704 ], [ -111.85578, 41.136559 ], [ -111.855523, 41.13648 ], [ -111.855343, 41.136418 ], [ -111.855195, 41.136361 ], [ -111.855139, 41.136339 ], [ -111.854954, 41.136277 ], [ -111.854784, 41.136232 ], [ -111.854717, 41.136225 ], [ -111.854327, 41.136163 ], [ -111.854205, 41.136143 ], [ -111.853978, 41.136076 ], [ -111.853365, 41.135962 ], [ -111.853138, 41.135874 ], [ -111.853105, 41.135861 ], [ -111.853043, 41.135837 ], [ -111.852985, 41.135824 ], [ -111.852965, 41.135819 ], [ -111.852921, 41.135798 ], [ -111.852838, 41.135757 ], [ -111.852784, 41.135736 ], [ -111.852241, 41.135468 ], [ -111.851957, 41.135353 ], [ -111.851945, 41.135348 ], [ -111.851632, 41.135187 ], [ -111.851616, 41.13518 ], [ -111.851255, 41.134958 ], [ -111.851046, 41.134883 ], [ -111.850885, 41.134857 ], [ -111.850711, 41.134804 ], [ -111.850573, 41.134742 ], [ -111.850465, 41.134675 ], [ -111.850315, 41.134573 ], [ -111.849978, 41.13431 ], [ -111.849737, 41.134127 ], [ -111.849497, 41.134003 ], [ -111.849354, 41.133933 ], [ -111.849222, 41.133869 ], [ -111.849006, 41.133758 ], [ -111.848915, 41.133683 ], [ -111.848855, 41.133579 ], [ -111.848805, 41.133436 ], [ -111.848809, 41.133287 ], [ -111.848801, 41.133129 ], [ -111.848782, 41.133021 ], [ -111.848769, 41.132945 ], [ -111.848665, 41.13273 ], [ -111.848403, 41.132268 ], [ -111.848153, 41.131833 ], [ -111.847927, 41.131366 ], [ -111.847682, 41.130863 ], [ -111.847421, 41.1305 ], [ -111.847286, 41.130231 ], [ -111.847062, 41.129934 ], [ -111.846855, 41.129697 ], [ -111.846845, 41.129679 ], [ -111.846669, 41.129486 ], [ -111.84646, 41.129293 ], [ -111.84641, 41.129217 ], [ -111.846328, 41.128848 ], [ -111.846417, 41.128516 ], [ -111.846681, 41.127925 ], [ -111.846767, 41.127441 ], [ -111.846807, 41.127144 ], [ -111.846808, 41.126807 ], [ -111.846732, 41.126515 ], [ -111.846683, 41.126394 ], [ -111.846603, 41.126205 ], [ -111.846488, 41.126021 ], [ -111.846318, 41.125797 ], [ -111.846161, 41.125609 ], [ -111.845991, 41.12539 ], [ -111.845792, 41.125175 ], [ -111.845598, 41.124933 ], [ -111.8455, 41.12485 ], [ -111.845243, 41.124428 ], [ -111.845068, 41.124244 ], [ -111.845004, 41.124136 ], [ -111.844937, 41.123979 ], [ -111.844881, 41.123794 ], [ -111.844842, 41.123579 ], [ -111.844868, 41.123281 ], [ -111.844843, 41.123146 ], [ -111.844819, 41.122728 ], [ -111.844828, 41.12248 ], [ -111.84476, 41.122264 ], [ -111.844716, 41.122134 ], [ -111.844618, 41.121874 ], [ -111.844551, 41.121788 ], [ -111.844513, 41.121626 ], [ -111.844532, 41.121584 ], [ -111.844697, 41.121296 ], [ -111.844841, 41.121142 ], [ -111.844976, 41.121024 ], [ -111.845195, 41.120874 ], [ -111.84536, 41.120769 ], [ -111.845508, 41.120686 ], [ -111.845727, 41.120568 ], [ -111.845892, 41.120423 ], [ -111.846003, 41.120287 ], [ -111.846096, 41.12007 ], [ -111.846135, 41.119865 ], [ -111.84614, 41.119349 ], [ -111.846524, 41.118927 ], [ -111.846599, 41.118891 ], [ -111.846805, 41.118767 ], [ -111.846976, 41.118699 ], [ -111.847334, 41.11861 ], [ -111.847553, 41.118577 ], [ -111.847808, 41.118494 ], [ -111.848009, 41.118358 ], [ -111.848138, 41.118186 ], [ -111.848254, 41.117977 ], [ -111.848499, 41.117561 ], [ -111.848548, 41.117478 ], [ -111.848598, 41.117394 ], [ -111.848699, 41.117196 ], [ -111.848807, 41.117017 ], [ -111.848957, 41.116782 ], [ -111.849073, 41.116658 ], [ -111.849207, 41.116572 ], [ -111.849336, 41.116417 ], [ -111.849345, 41.116228 ], [ -111.849284, 41.116116 ], [ -111.849199, 41.115986 ], [ -111.849168, 41.115851 ], [ -111.849225, 41.11568 ], [ -111.849456, 41.115547 ], [ -111.849645, 41.115468 ], [ -111.849842, 41.115454 ], [ -111.849982, 41.115433 ], [ -111.850084, 41.115418 ], [ -111.850406, 41.115329 ], [ -111.850492, 41.115313 ], [ -111.85062, 41.11529 ], [ -111.850744, 41.115247 ], [ -111.85078, 41.115244 ], [ -111.850827, 41.115231 ], [ -111.851177, 41.115062 ], [ -111.851196, 41.115054 ], [ -111.851217, 41.115046 ], [ -111.851377, 41.114982 ], [ -111.851431, 41.114961 ], [ -111.851492, 41.114947 ], [ -111.851726, 41.114896 ], [ -111.852053, 41.114867 ], [ -111.852082, 41.114864 ], [ -111.852412, 41.114841 ], [ -111.85259, 41.114822 ], [ -111.852836, 41.11477 ], [ -111.852952, 41.114747 ], [ -111.853161, 41.114699 ], [ -111.853543, 41.114553 ], [ -111.8537, 41.114474 ], [ -111.854001, 41.114269 ], [ -111.854152, 41.114144 ], [ -111.854547, 41.113688 ], [ -111.85456, 41.113657 ], [ -111.8546, 41.113607 ], [ -111.85471, 41.113372 ], [ -111.854814, 41.113123 ], [ -111.85499, 41.112928 ], [ -111.85525, 41.112769 ], [ -111.855558, 41.112631 ], [ -111.85573, 41.112554 ], [ -111.855866, 41.112463 ], [ -111.856013, 41.112313 ], [ -111.856104, 41.112146 ], [ -111.856134, 41.112078 ], [ -111.856115, 41.111911 ], [ -111.855961, 41.111525 ], [ -111.855863, 41.111363 ], [ -111.85579, 41.111184 ], [ -111.855742, 41.111081 ], [ -111.855625, 41.110856 ], [ -111.855549, 41.110692 ], [ -111.855528, 41.110645 ], [ -111.85508, 41.110225 ], [ -111.854865, 41.110119 ], [ -111.854702, 41.109985 ], [ -111.8546, 41.109932 ], [ -111.854486, 41.109856 ], [ -111.854297, 41.10974 ], [ -111.854263, 41.109708 ], [ -111.854238, 41.109588 ], [ -111.85417, 41.109363 ], [ -111.854138, 41.109061 ], [ -111.854093, 41.108888 ], [ -111.854086, 41.108868 ], [ -111.853935, 41.108707 ], [ -111.853936, 41.108437 ], [ -111.853964, 41.108139 ], [ -111.854103, 41.107947 ], [ -111.854367, 41.10765 ], [ -111.854447, 41.107529 ], [ -111.854555, 41.107396 ], [ -111.854725, 41.107183 ], [ -111.854964, 41.106811 ], [ -111.85511, 41.106604 ], [ -111.855421, 41.106183 ], [ -111.855508, 41.106024 ], [ -111.855677, 41.105703 ], [ -111.855857, 41.105328 ], [ -111.855972, 41.10503 ], [ -111.85611, 41.10466 ], [ -111.856248, 41.104298 ], [ -111.856286, 41.104046 ], [ -111.856325, 41.103767 ], [ -111.856341, 41.103649 ], [ -111.856445, 41.103436 ], [ -111.856484, 41.103216 ], [ -111.856504, 41.102882 ], [ -111.856375, 41.102595 ], [ -111.856325, 41.102397 ], [ -111.856309, 41.102109 ], [ -111.856259, 41.101925 ], [ -111.8561, 41.101633 ], [ -111.855966, 41.101418 ], [ -111.855701, 41.101123 ], [ -111.855554, 41.100827 ], [ -111.8554, 41.100453 ], [ -111.855153, 41.100217 ], [ -111.855002, 41.10002 ], [ -111.854826, 41.099787 ], [ -111.854603, 41.099509 ], [ -111.854385, 41.099295 ], [ -111.854241, 41.099197 ], [ -111.854048, 41.099014 ], [ -111.853879, 41.098844 ], [ -111.853668, 41.098652 ], [ -111.853349, 41.098415 ], [ -111.853091, 41.098251 ], [ -111.852756, 41.098091 ], [ -111.852463, 41.097976 ], [ -111.852222, 41.09791 ], [ -111.852008, 41.097781 ], [ -111.851762, 41.097688 ], [ -111.851606, 41.097599 ], [ -111.851516, 41.097501 ], [ -111.85153, 41.097347 ], [ -111.851584, 41.097253 ], [ -111.851791, 41.097121 ], [ -111.852015, 41.097011 ], [ -111.852257, 41.096847 ], [ -111.852428, 41.096688 ], [ -111.852568, 41.096457 ], [ -111.852702, 41.096254 ], [ -111.852884, 41.096014 ], [ -111.853089, 41.095814 ], [ -111.853295, 41.095592 ], [ -111.853482, 41.095352 ], [ -111.85367, 41.095125 ], [ -111.853852, 41.094894 ], [ -111.854011, 41.094776 ], [ -111.854156, 41.094608 ], [ -111.854305, 41.094472 ], [ -111.854469, 41.094268 ], [ -111.854573, 41.094042 ], [ -111.854653, 41.093825 ], [ -111.854755, 41.093571 ], [ -111.854803, 41.09345 ], [ -111.854895, 41.093184 ], [ -111.854965, 41.093044 ], [ -111.855127, 41.092718 ], [ -111.855143, 41.092587 ], [ -111.855129, 41.092421 ], [ -111.855062, 41.092318 ], [ -111.854881, 41.092098 ], [ -111.854726, 41.0919 ], [ -111.854633, 41.09178 ], [ -111.854506, 41.09161 ], [ -111.854431, 41.091386 ], [ -111.854411, 41.091188 ], [ -111.85439, 41.090944 ], [ -111.854231, 41.090626 ], [ -111.854091, 41.090424 ], [ -111.853862, 41.09021 ], [ -111.853778, 41.090102 ], [ -111.853627, 41.089986 ], [ -111.853542, 41.089918 ], [ -111.853418, 41.089789 ], [ -111.853342, 41.089538 ], [ -111.853162, 41.089446 ], [ -111.853116, 41.08938 ], [ -111.853017, 41.08932 ], [ -111.852922, 41.089276 ], [ -111.852706, 41.089178 ], [ -111.852561, 41.089039 ], [ -111.852182, 41.08877 ], [ -111.851834, 41.088522 ], [ -111.851546, 41.088358 ], [ -111.851295, 41.088229 ], [ -111.851089, 41.088144 ], [ -111.850941, 41.08806 ], [ -111.850833, 41.087962 ], [ -111.850826, 41.087899 ], [ -111.850966, 41.087691 ], [ -111.851106, 41.087469 ], [ -111.851222, 41.087221 ], [ -111.851302, 41.087004 ], [ -111.851407, 41.086755 ], [ -111.851437, 41.086341 ], [ -111.851416, 41.086102 ], [ -111.851378, 41.08594 ], [ -111.851377, 41.085713 ], [ -111.851474, 41.085588 ], [ -111.851585, 41.085344 ], [ -111.851575, 41.085007 ], [ -111.851529, 41.084701 ], [ -111.851568, 41.08448 ], [ -111.851766, 41.084167 ], [ -111.851858, 41.083883 ], [ -111.851956, 41.083689 ], [ -111.851965, 41.083436 ], [ -111.852016, 41.083165 ], [ -111.852042, 41.082949 ], [ -111.85199, 41.082639 ], [ -111.851952, 41.082459 ], [ -111.851795, 41.082217 ], [ -111.851584, 41.082025 ], [ -111.851224, 41.081843 ], [ -111.851038, 41.081727 ], [ -111.8509, 41.081656 ], [ -111.850804, 41.081549 ], [ -111.850779, 41.081477 ], [ -111.850795, 41.081333 ], [ -111.850812, 41.081152 ], [ -111.850855, 41.080922 ], [ -111.850877, 41.080737 ], [ -111.850868, 41.080526 ], [ -111.850871, 41.080265 ], [ -111.85085, 41.08008 ], [ -111.850841, 41.079801 ], [ -111.850795, 41.07949 ], [ -111.850745, 41.079284 ], [ -111.8506, 41.078679 ], [ -111.850332, 41.077903 ], [ -111.849932, 41.077449 ], [ -111.849896, 41.077432 ], [ -111.849695, 41.077296 ], [ -111.849474, 41.077199 ], [ -111.849264, 41.077048 ], [ -111.849211, 41.076989 ], [ -111.849131, 41.076865 ], [ -111.849117, 41.076773 ], [ -111.849079, 41.076594 ], [ -111.848975, 41.076338 ], [ -111.848871, 41.076136 ], [ -111.848738, 41.075979 ], [ -111.848456, 41.075796 ], [ -111.84836, 41.075739 ], [ -111.848311, 41.07564 ], [ -111.848333, 41.075505 ], [ -111.848377, 41.075324 ], [ -111.848406, 41.07513 ], [ -111.848475, 41.07495 ], [ -111.848564, 41.074759 ], [ -111.848591, 41.074701 ], [ -111.848725, 41.074484 ], [ -111.84883, 41.074321 ], [ -111.848975, 41.074077 ], [ -111.849144, 41.073778 ], [ -111.849249, 41.073597 ], [ -111.849418, 41.073309 ], [ -111.849463, 41.073082 ], [ -111.849536, 41.072798 ], [ -111.849646, 41.072567 ], [ -111.84988, 41.072214 ], [ -111.849938, 41.072119 ], [ -111.849997, 41.072024 ], [ -111.850143, 41.071825 ], [ -111.850295, 41.071617 ], [ -111.850447, 41.071381 ], [ -111.850557, 41.071151 ], [ -111.850637, 41.070939 ], [ -111.850629, 41.070776 ], [ -111.850667, 41.070483 ], [ -111.850753, 41.070235 ], [ -111.850809, 41.069942 ], [ -111.850842, 41.069749 ], [ -111.850848, 41.069717 ], [ -111.850939, 41.069432 ], [ -111.851007, 41.069161 ], [ -111.851153, 41.068953 ], [ -111.851317, 41.068727 ], [ -111.851447, 41.068583 ], [ -111.851456, 41.068565 ], [ -111.851742, 41.068198 ], [ -111.851774, 41.068147 ], [ -111.851944, 41.067943 ], [ -111.852007, 41.067821 ], [ -111.852036, 41.067712 ], [ -111.851999, 41.0676 ], [ -111.851835, 41.067358 ], [ -111.851821, 41.067182 ], [ -111.851835, 41.066939 ], [ -111.851796, 41.066651 ], [ -111.851659, 41.066394 ], [ -111.851327, 41.065808 ], [ -111.85124, 41.065565 ], [ -111.850961, 41.065153 ], [ -111.850616, 41.064777 ], [ -111.850447, 41.064526 ], [ -111.850283, 41.064262 ], [ -111.85009, 41.063997 ], [ -111.849877, 41.063684 ], [ -111.849677, 41.063388 ], [ -111.849465, 41.063128 ], [ -111.849393, 41.063013 ], [ -111.849312, 41.062742 ], [ -111.849021, 41.062357 ], [ -111.848805, 41.062153 ], [ -111.84845, 41.061902 ], [ -111.848067, 41.061751 ], [ -111.847741, 41.06163 ], [ -111.847635, 41.061569 ], [ -111.847384, 41.061498 ], [ -111.847033, 41.061367 ], [ -111.846926, 41.061332 ], [ -111.846644, 41.061239 ], [ -111.846413, 41.061196 ], [ -111.846227, 41.061143 ], [ -111.846136, 41.061081 ], [ -111.84598, 41.060947 ], [ -111.845756, 41.060664 ], [ -111.845725, 41.060636 ], [ -111.845625, 41.060505 ], [ -111.845556, 41.060352 ], [ -111.845482, 41.060222 ], [ -111.845385, 41.060051 ], [ -111.845163, 41.059881 ], [ -111.844923, 41.059795 ], [ -111.844584, 41.059572 ], [ -111.844395, 41.059448 ], [ -111.844353, 41.059375 ], [ -111.844364, 41.05928 ], [ -111.844444, 41.059019 ], [ -111.844485, 41.058857 ], [ -111.844703, 41.058386 ], [ -111.844721, 41.058291 ], [ -111.844713, 41.058269 ], [ -111.844736, 41.058164 ], [ -111.844739, 41.057929 ], [ -111.844702, 41.057879 ], [ -111.844667, 41.057831 ], [ -111.844574, 41.05757 ], [ -111.844488, 41.057377 ], [ -111.844468, 41.057152 ], [ -111.844508, 41.057067 ], [ -111.844635, 41.056778 ], [ -111.844587, 41.056632 ], [ -111.844369, 41.056428 ], [ -111.844196, 41.056357 ], [ -111.843938, 41.056242 ], [ -111.843924, 41.056017 ], [ -111.84394, 41.055886 ], [ -111.843899, 41.055542 ], [ -111.843908, 41.055412 ], [ -111.843956, 41.055314 ], [ -111.844044, 41.055169 ], [ -111.844017, 41.054971 ], [ -111.84398, 41.054814 ], [ -111.843865, 41.054685 ], [ -111.843757, 41.054608 ], [ -111.84375, 41.054532 ], [ -111.843832, 41.054468 ], [ -111.843991, 41.054323 ], [ -111.844097, 41.054254 ], [ -111.844146, 41.054117 ], [ -111.844158, 41.054089 ], [ -111.844207, 41.05397 ], [ -111.844203, 41.053658 ], [ -111.844187, 41.05333 ], [ -111.844122, 41.052952 ], [ -111.844089, 41.052628 ], [ -111.844115, 41.05234 ], [ -111.844082, 41.052133 ], [ -111.844115, 41.051876 ], [ -111.844106, 41.051692 ], [ -111.843919, 41.051441 ], [ -111.843857, 41.051283 ], [ -111.843842, 41.051067 ], [ -111.84387, 41.050873 ], [ -111.843868, 41.050756 ], [ -111.84405, 41.050521 ], [ -111.84419, 41.050295 ], [ -111.84416, 41.049853 ], [ -111.844004, 41.04971 ], [ -111.843781, 41.049482 ], [ -111.843606, 41.049294 ], [ -111.843226, 41.048919 ], [ -111.84302, 41.04865 ], [ -111.842845, 41.048453 ], [ -111.842682, 41.048247 ], [ -111.842512, 41.04801 ], [ -111.842168, 41.047589 ], [ -111.842015, 41.047293 ], [ -111.841817, 41.047092 ], [ -111.841647, 41.046881 ], [ -111.841507, 41.046639 ], [ -111.841343, 41.046423 ], [ -111.841274, 41.046342 ], [ -111.841262, 41.046318 ], [ -111.840988, 41.046066 ], [ -111.840849, 41.045874 ], [ -111.840538, 41.045736 ], [ -111.840293, 41.045652 ], [ -111.840143, 41.045559 ], [ -111.840065, 41.045492 ], [ -111.840044, 41.045477 ], [ -111.839883, 41.045368 ], [ -111.839747, 41.04528 ], [ -111.839537, 41.045211 ], [ -111.839527, 41.045206 ], [ -111.839388, 41.045162 ], [ -111.839017, 41.045015 ], [ -111.838731, 41.044777 ], [ -111.838686, 41.044655 ], [ -111.838664, 41.044564 ], [ -111.838574, 41.044202 ], [ -111.838543, 41.044013 ], [ -111.838527, 41.043814 ], [ -111.838528, 41.043454 ], [ -111.838439, 41.04304 ], [ -111.838383, 41.042847 ], [ -111.838342, 41.042424 ], [ -111.838499, 41.042112 ], [ -111.838631, 41.041853 ], [ -111.838731, 41.041655 ], [ -111.838888, 41.041339 ], [ -111.839023, 41.041098 ], [ -111.839138, 41.040987 ], [ -111.839324, 41.040809 ], [ -111.839404, 41.040756 ], [ -111.839515, 41.040665 ], [ -111.839538, 41.040566 ], [ -111.83946, 41.040499 ], [ -111.839388, 41.04048 ], [ -111.83935, 41.040446 ], [ -111.838817, 41.040353 ], [ -111.838798, 41.040355 ], [ -111.838369, 41.040308 ], [ -111.838118, 41.04027 ], [ -111.837979, 41.040244 ], [ -111.837826, 41.040213 ], [ -111.83756, 41.040131 ], [ -111.837529, 41.040111 ], [ -111.837481, 41.040079 ], [ -111.837383, 41.04 ], [ -111.837251, 41.039893 ], [ -111.836903, 41.03963 ], [ -111.836732, 41.039549 ], [ -111.836424, 41.039314 ], [ -111.836213, 41.039093 ], [ -111.835888, 41.038754 ], [ -111.835641, 41.038514 ], [ -111.835386, 41.038243 ], [ -111.835313, 41.038108 ], [ -111.835168, 41.037907 ], [ -111.835023, 41.037719 ], [ -111.834962, 41.037634 ], [ -111.83492, 41.037575 ], [ -111.834818, 41.037513 ], [ -111.834676, 41.037473 ], [ -111.834513, 41.03742 ], [ -111.834233, 41.037341 ], [ -111.834083, 41.037356 ], [ -111.833786, 41.037268 ], [ -111.833606, 41.037175 ], [ -111.833546, 41.037094 ], [ -111.833545, 41.037031 ], [ -111.833688, 41.037012 ], [ -111.834015, 41.037019 ], [ -111.834472, 41.036948 ], [ -111.83481, 41.036896 ], [ -111.835142, 41.036794 ], [ -111.83533, 41.03668 ], [ -111.835414, 41.03663 ], [ -111.835608, 41.036507 ], [ -111.835721, 41.036428 ], [ -111.835785, 41.036384 ], [ -111.835951, 41.036329 ], [ -111.836083, 41.036322 ], [ -111.836205, 41.036316 ], [ -111.836554, 41.036247 ], [ -111.836756, 41.036199 ], [ -111.836811, 41.036158 ], [ -111.836974, 41.03585 ], [ -111.837089, 41.035575 ], [ -111.837108, 41.035506 ], [ -111.837245, 41.035225 ], [ -111.837306, 41.035144 ], [ -111.837386, 41.035039 ], [ -111.837514, 41.034831 ], [ -111.837588, 41.034587 ], [ -111.837586, 41.034438 ], [ -111.83763, 41.034289 ], [ -111.837703, 41.034126 ], [ -111.837799, 41.033973 ], [ -111.837987, 41.033747 ], [ -111.838177, 41.033542 ], [ -111.838322, 41.033375 ], [ -111.838451, 41.03318 ], [ -111.838465, 41.033126 ], [ -111.838496, 41.033005 ], [ -111.838541, 41.032792 ], [ -111.838603, 41.032526 ], [ -111.838755, 41.032264 ], [ -111.838919, 41.032051 ], [ -111.839088, 41.031825 ], [ -111.839165, 41.031688 ], [ -111.839222, 41.031585 ], [ -111.839398, 41.031372 ], [ -111.839459, 41.031219 ], [ -111.839478, 41.031169 ], [ -111.839512, 41.03093 ], [ -111.839503, 41.030872 ], [ -111.839509, 41.03086 ], [ -111.83946, 41.030496 ], [ -111.839291, 41.030279 ], [ -111.839145, 41.030091 ], [ -111.839076, 41.029989 ], [ -111.83887, 41.029672 ], [ -111.838828, 41.029608 ], [ -111.838711, 41.029311 ], [ -111.838636, 41.029055 ], [ -111.838574, 41.02884 ], [ -111.838534, 41.028705 ], [ -111.83848, 41.028522 ], [ -111.838469, 41.028484 ], [ -111.838406, 41.028298 ], [ -111.838382, 41.028228 ], [ -111.838365, 41.028136 ], [ -111.838329, 41.027944 ], [ -111.838277, 41.027624 ], [ -111.838247, 41.027441 ], [ -111.838204, 41.027302 ], [ -111.838197, 41.027252 ], [ -111.838185, 41.027199 ], [ -111.838166, 41.027118 ], [ -111.838158, 41.0271 ], [ -111.838119, 41.026896 ], [ -111.838097, 41.026746 ], [ -111.838067, 41.026627 ], [ -111.838014, 41.026425 ], [ -111.837826, 41.026107 ], [ -111.837633, 41.025892 ], [ -111.837518, 41.025785 ], [ -111.837439, 41.025567 ], [ -111.837458, 41.025201 ], [ -111.837468, 41.025103 ], [ -111.83749, 41.024959 ], [ -111.837512, 41.02481 ], [ -111.837632, 41.02444 ], [ -111.837837, 41.024173 ], [ -111.837964, 41.023989 ], [ -111.838107, 41.023846 ], [ -111.838129, 41.023792 ], [ -111.838235, 41.023678 ], [ -111.838388, 41.023484 ], [ -111.838373, 41.023286 ], [ -111.838249, 41.02298 ], [ -111.838153, 41.022819 ], [ -111.837953, 41.022519 ], [ -111.837676, 41.022228 ], [ -111.8374, 41.022018 ], [ -111.837257, 41.021898 ], [ -111.837203, 41.021853 ], [ -111.837153, 41.021806 ], [ -111.836877, 41.021632 ], [ -111.836828, 41.021556 ], [ -111.836752, 41.021435 ], [ -111.836726, 41.021397 ], [ -111.83671, 41.021383 ], [ -111.836431, 41.021148 ], [ -111.836054, 41.020956 ], [ -111.835258, 41.020633 ], [ -111.8351, 41.020539 ], [ -111.834989, 41.020473 ], [ -111.834712, 41.020357 ], [ -111.834619, 41.020318 ], [ -111.834405, 41.020319 ], [ -111.833984, 41.020408 ], [ -111.833467, 41.020457 ], [ -111.832973, 41.020433 ], [ -111.832438, 41.020455 ], [ -111.832207, 41.020575 ], [ -111.832089, 41.020637 ], [ -111.83196, 41.020721 ], [ -111.831717, 41.020843 ], [ -111.831497, 41.020959 ], [ -111.831404, 41.020999 ], [ -111.831238, 41.021031 ], [ -111.831119, 41.021014 ], [ -111.830904, 41.020962 ], [ -111.830666, 41.020927 ], [ -111.830415, 41.020893 ], [ -111.830112, 41.020864 ], [ -111.829873, 41.020825 ], [ -111.829582, 41.020832 ], [ -111.829202, 41.020834 ], [ -111.82896, 41.02081 ], [ -111.828787, 41.020777 ], [ -111.828486, 41.020562 ], [ -111.82825, 41.020359 ], [ -111.828117, 41.020189 ], [ -111.827918, 41.019997 ], [ -111.827553, 41.019765 ], [ -111.827277, 41.019556 ], [ -111.82718, 41.019421 ], [ -111.827017, 41.019215 ], [ -111.826753, 41.018975 ], [ -111.826709, 41.01888 ], [ -111.826553, 41.018768 ], [ -111.826087, 41.018609 ], [ -111.825902, 41.018566 ], [ -111.825699, 41.018499 ], [ -111.825496, 41.018366 ], [ -111.825308, 41.018101 ], [ -111.825174, 41.017868 ], [ -111.82504, 41.017608 ], [ -111.824866, 41.017246 ], [ -111.824639, 41.016899 ], [ -111.824444, 41.016522 ], [ -111.824333, 41.016208 ], [ -111.824241, 41.01601 ], [ -111.824006, 41.015769 ], [ -111.823669, 41.015403 ], [ -111.823433, 41.015103 ], [ -111.823204, 41.014883 ], [ -111.822934, 41.014674 ], [ -111.822688, 41.01449 ], [ -111.822561, 41.01432 ], [ -111.822494, 41.014229 ], [ -111.822331, 41.013988 ], [ -111.822179, 41.01371 ], [ -111.822014, 41.013382 ], [ -111.821853, 41.012884 ], [ -111.821816, 41.012731 ], [ -111.821748, 41.012555 ], [ -111.82159, 41.012291 ], [ -111.82145, 41.011995 ], [ -111.821311, 41.011797 ], [ -111.82113, 41.011591 ], [ -111.820926, 41.011372 ], [ -111.820745, 41.011238 ], [ -111.820664, 41.011104 ], [ -111.820617, 41.011064 ], [ -111.820624, 41.011039 ], [ -111.820534, 41.010842 ], [ -111.820589, 41.010681 ], [ -111.820705, 41.010396 ], [ -111.820987, 41.009931 ], [ -111.821068, 41.009711 ], [ -111.821117, 41.009618 ], [ -111.821382, 41.009116 ], [ -111.821458, 41.008816 ], [ -111.821551, 41.00864 ], [ -111.821702, 41.008387 ], [ -111.821781, 41.008241 ], [ -111.821847, 41.008116 ], [ -111.82188, 41.007975 ], [ -111.821909, 41.007836 ], [ -111.821854, 41.007678 ], [ -111.821798, 41.007623 ], [ -111.821745, 41.00757 ], [ -111.821643, 41.007468 ], [ -111.821438, 41.007347 ], [ -111.821386, 41.007317 ], [ -111.821098, 41.00713 ], [ -111.820761, 41.00687 ], [ -111.820456, 41.006707 ], [ -111.820417, 41.006686 ], [ -111.820014, 41.00652 ], [ -111.819333, 41.006377 ], [ -111.818787, 41.006299 ], [ -111.818561, 41.006324 ], [ -111.818068, 41.006358 ], [ -111.817962, 41.006422 ], [ -111.817731, 41.006376 ], [ -111.81756, 41.006341 ], [ -111.817369, 41.006283 ], [ -111.817183, 41.006207 ], [ -111.817012, 41.006093 ], [ -111.816713, 41.005894 ], [ -111.816662, 41.005874 ], [ -111.816366, 41.005756 ], [ -111.816293, 41.005748 ], [ -111.815866, 41.005699 ], [ -111.815812, 41.005693 ], [ -111.815586, 41.005676 ], [ -111.815407, 41.005633 ], [ -111.815104, 41.005613 ], [ -111.81473, 41.005696 ], [ -111.814268, 41.00583 ], [ -111.813894, 41.005887 ], [ -111.81327, 41.005886 ], [ -111.812717, 41.005836 ], [ -111.812181, 41.005687 ], [ -111.811999, 41.005526 ], [ -111.811877, 41.005306 ], [ -111.811799, 41.005252 ], [ -111.811738, 41.005267 ], [ -111.81149, 41.005201 ], [ -111.811217, 41.005257 ], [ -111.810857, 41.005183 ], [ -111.810466, 41.005086 ], [ -111.810095, 41.004895 ], [ -111.809963, 41.004797 ], [ -111.80956, 41.004448 ], [ -111.809289, 41.004144 ], [ -111.808924, 41.003922 ], [ -111.808593, 41.003609 ], [ -111.808341, 41.003421 ], [ -111.808088, 41.003227 ], [ -111.808023, 41.003194 ], [ -111.807742, 41.003038 ], [ -111.807466, 41.002846 ], [ -111.807063, 41.002525 ], [ -111.80689, 41.002414 ], [ -111.806715, 41.002257 ], [ -111.806528, 41.002063 ], [ -111.806396, 41.001926 ], [ -111.806245, 41.001815 ], [ -111.806126, 41.001685 ], [ -111.806135, 41.001492 ], [ -111.806198, 41.00127 ], [ -111.806332, 41.001008 ], [ -111.806422, 41.000714 ], [ -111.806575, 41.000497 ], [ -111.806633, 41.000371 ], [ -111.806661, 41.000231 ], [ -111.806671, 41.000064 ], [ -111.806729, 40.999944 ], [ -111.806751, 40.999833 ], [ -111.806743, 40.999649 ], [ -111.806699, 40.999487 ], [ -111.806608, 40.999334 ], [ -111.806475, 40.999133 ], [ -111.806385, 40.99897 ], [ -111.806233, 40.998814 ], [ -111.806136, 40.99868 ], [ -111.80601, 40.998573 ], [ -111.805854, 40.998448 ], [ -111.805692, 40.998305 ], [ -111.805643, 40.998184 ], [ -111.805491, 40.997973 ], [ -111.805413, 40.997865 ], [ -111.805292, 40.997691 ], [ -111.805236, 40.997497 ], [ -111.805078, 40.997188 ], [ -111.805027, 40.996931 ], [ -111.804983, 40.996733 ], [ -111.804945, 40.996544 ], [ -111.804883, 40.996311 ], [ -111.804767, 40.996068 ], [ -111.804639, 40.995839 ], [ -111.804555, 40.995718 ], [ -111.804337, 40.995409 ], [ -111.804274, 40.99518 ], [ -111.804172, 40.994973 ], [ -111.803972, 40.994781 ], [ -111.803679, 40.994625 ], [ -111.803553, 40.994487 ], [ -111.803432, 40.994366 ], [ -111.803175, 40.994093 ], [ -111.802954, 40.993889 ], [ -111.802765, 40.993709 ], [ -111.802519, 40.99353 ], [ -111.802291, 40.993419 ], [ -111.80204, 40.993277 ], [ -111.801817, 40.992985 ], [ -111.801725, 40.992819 ], [ -111.801628, 40.992604 ], [ -111.801627, 40.992577 ], [ -111.801613, 40.992298 ], [ -111.801515, 40.992114 ], [ -111.801316, 40.991904 ], [ -111.801154, 40.991716 ], [ -111.800914, 40.991546 ], [ -111.80074, 40.991408 ], [ -111.800511, 40.991166 ], [ -111.800104, 40.990971 ], [ -111.799918, 40.990833 ], [ -111.799792, 40.990608 ], [ -111.799639, 40.990308 ], [ -111.799487, 40.990079 ], [ -111.799342, 40.989864 ], [ -111.79919, 40.989694 ], [ -111.799029, 40.989515 ], [ -111.798848, 40.989349 ], [ -111.798596, 40.989202 ], [ -111.798346, 40.989092 ], [ -111.79791, 40.988923 ], [ -111.797623, 40.988894 ], [ -111.797267, 40.988851 ], [ -111.796964, 40.988826 ], [ -111.796654, 40.988761 ], [ -111.796578, 40.988716 ], [ -111.79651, 40.988676 ], [ -111.796336, 40.988533 ], [ -111.796144, 40.988373 ], [ -111.79594, 40.988212 ], [ -111.795759, 40.988015 ], [ -111.795549, 40.987859 ], [ -111.795351, 40.987657 ], [ -111.795189, 40.98753 ], [ -111.795153, 40.987501 ], [ -111.795003, 40.987408 ], [ -111.794823, 40.987283 ], [ -111.794679, 40.987149 ], [ -111.794313, 40.986836 ], [ -111.794061, 40.986675 ], [ -111.793786, 40.986529 ], [ -111.793612, 40.986431 ], [ -111.793481, 40.986355 ], [ -111.793415, 40.986306 ], [ -111.793354, 40.98623 ], [ -111.793269, 40.986055 ], [ -111.793208, 40.985919 ], [ -111.793039, 40.985741 ], [ -111.792947, 40.985494 ], [ -111.792885, 40.985274 ], [ -111.79274, 40.985045 ], [ -111.792637, 40.984866 ], [ -111.792568, 40.984687 ], [ -111.792465, 40.984417 ], [ -111.792404, 40.984264 ], [ -111.792395, 40.984066 ], [ -111.792352, 40.98389 ], [ -111.792295, 40.983674 ], [ -111.79215, 40.983473 ], [ -111.792053, 40.983293 ], [ -111.791908, 40.98307 ], [ -111.791721, 40.982841 ], [ -111.791468, 40.982563 ], [ -111.791371, 40.982406 ], [ -111.791222, 40.98228 ], [ -111.791149, 40.982218 ], [ -111.791045, 40.982012 ], [ -111.790919, 40.9819 ], [ -111.790762, 40.981761 ], [ -111.790641, 40.981582 ], [ -111.790521, 40.981443 ], [ -111.790203, 40.981165 ], [ -111.789957, 40.981005 ], [ -111.789813, 40.980894 ], [ -111.789657, 40.980751 ], [ -111.789488, 40.980581 ], [ -111.78932, 40.980412 ], [ -111.788996, 40.980152 ], [ -111.788774, 40.979996 ], [ -111.788648, 40.979861 ], [ -111.788549, 40.979747 ], [ -111.788528, 40.979723 ], [ -111.788467, 40.979621 ], [ -111.788357, 40.979431 ], [ -111.788305, 40.979346 ], [ -111.788278, 40.979303 ], [ -111.788194, 40.979166 ], [ -111.788136, 40.979052 ], [ -111.788072, 40.978928 ], [ -111.787986, 40.978804 ], [ -111.787941, 40.978738 ], [ -111.787921, 40.978709 ], [ -111.787775, 40.978413 ], [ -111.787635, 40.978197 ], [ -111.787543, 40.978067 ], [ -111.787454, 40.977942 ], [ -111.787332, 40.977645 ], [ -111.787144, 40.977372 ], [ -111.787011, 40.977251 ], [ -111.786868, 40.977103 ], [ -111.786699, 40.976871 ], [ -111.786577, 40.976633 ], [ -111.78639, 40.976395 ], [ -111.786301, 40.976262 ], [ -111.785966, 40.975772 ], [ -111.785808, 40.975471 ], [ -111.785619, 40.975175 ], [ -111.78547, 40.974987 ], [ -111.785331, 40.974826 ], [ -111.785206, 40.97458 ], [ -111.785177, 40.974461 ], [ -111.785185, 40.974009 ], [ -111.785217, 40.973911 ], [ -111.785243, 40.973831 ], [ -111.78527, 40.973633 ], [ -111.785292, 40.973484 ], [ -111.785278, 40.973349 ], [ -111.785211, 40.973188 ], [ -111.785097, 40.973062 ], [ -111.784923, 40.972919 ], [ -111.784582, 40.972751 ], [ -111.784335, 40.972545 ], [ -111.784097, 40.972225 ], [ -111.783949, 40.971962 ], [ -111.783843, 40.971717 ], [ -111.783705, 40.971489 ], [ -111.783521, 40.971025 ], [ -111.783514, 40.97092 ], [ -111.783468, 40.970502 ], [ -111.783471, 40.970231 ], [ -111.783408, 40.969962 ], [ -111.78328, 40.969698 ], [ -111.783171, 40.969544 ], [ -111.782977, 40.969185 ], [ -111.782771, 40.968853 ], [ -111.782512, 40.968612 ], [ -111.782177, 40.968389 ], [ -111.78195, 40.968264 ], [ -111.781794, 40.96818 ], [ -111.781769, 40.968009 ], [ -111.781702, 40.967888 ], [ -111.781603, 40.967654 ], [ -111.781495, 40.967493 ], [ -111.78119, 40.967328 ], [ -111.781005, 40.967217 ], [ -111.780884, 40.967105 ], [ -111.780548, 40.966842 ], [ -111.780217, 40.966461 ], [ -111.780036, 40.966224 ], [ -111.779885, 40.965972 ], [ -111.77963, 40.96555 ], [ -111.779384, 40.9653 ], [ -111.779054, 40.965028 ], [ -111.778662, 40.964584 ], [ -111.778458, 40.964415 ], [ -111.778403, 40.964266 ], [ -111.778341, 40.9641 ], [ -111.778184, 40.963741 ], [ -111.778066, 40.963426 ], [ -111.777872, 40.96309 ], [ -111.777614, 40.962907 ], [ -111.777321, 40.962642 ], [ -111.77717, 40.962496 ], [ -111.777032, 40.96237 ], [ -111.776558, 40.962009 ], [ -111.776116, 40.9618 ], [ -111.775696, 40.961447 ], [ -111.775618, 40.961361 ], [ -111.775484, 40.961102 ], [ -111.775363, 40.960913 ], [ -111.775284, 40.960738 ], [ -111.775121, 40.960546 ], [ -111.775022, 40.960249 ], [ -111.774972, 40.960038 ], [ -111.774922, 40.95979 ], [ -111.774985, 40.959456 ], [ -111.775041, 40.959316 ], [ -111.775105, 40.959203 ], [ -111.775276, 40.959054 ], [ -111.775464, 40.958904 ], [ -111.775765, 40.958749 ], [ -111.776002, 40.958639 ], [ -111.776232, 40.958544 ], [ -111.776313, 40.958519 ], [ -111.776463, 40.958474 ], [ -111.776706, 40.958386 ], [ -111.777168, 40.958266 ], [ -111.777319, 40.958254 ], [ -111.777531, 40.958237 ], [ -111.777797, 40.958231 ], [ -111.778134, 40.958197 ], [ -111.778504, 40.958176 ], [ -111.779092, 40.958208 ], [ -111.779621, 40.958236 ], [ -111.779817, 40.958218 ], [ -111.780042, 40.95817 ], [ -111.780237, 40.958079 ], [ -111.780669, 40.957887 ], [ -111.780924, 40.957826 ], [ -111.781155, 40.957789 ], [ -111.781373, 40.957661 ], [ -111.781496, 40.957512 ], [ -111.781637, 40.957325 ], [ -111.781748, 40.957186 ], [ -111.782084, 40.956928 ], [ -111.782533, 40.956798 ], [ -111.783034, 40.956812 ], [ -111.783401, 40.956819 ], [ -111.783931, 40.956923 ], [ -111.784695, 40.957215 ], [ -111.785151, 40.957595 ], [ -111.785469, 40.95785 ], [ -111.785727, 40.958082 ], [ -111.786079, 40.95821 ], [ -111.786325, 40.95838 ], [ -111.786624, 40.958585 ], [ -111.787067, 40.958852 ], [ -111.787479, 40.959016 ], [ -111.787842, 40.959095 ], [ -111.78817, 40.959155 ], [ -111.788694, 40.959228 ], [ -111.788967, 40.959289 ], [ -111.789524, 40.959563 ], [ -111.789554, 40.959582 ], [ -111.789752, 40.959782 ], [ -111.789932, 40.959963 ], [ -111.789961, 40.959993 ], [ -111.790149, 40.960189 ], [ -111.790293, 40.960338 ], [ -111.790569, 40.960683 ], [ -111.790716, 40.960816 ], [ -111.790756, 40.960853 ], [ -111.790965, 40.960942 ], [ -111.791109, 40.960927 ], [ -111.791511, 40.960884 ], [ -111.791614, 40.960871 ], [ -111.791999, 40.960822 ], [ -111.792369, 40.960873 ], [ -111.792803, 40.960875 ], [ -111.793568, 40.960929 ], [ -111.794098, 40.961024 ], [ -111.794431, 40.961018 ], [ -111.794733, 40.960934 ], [ -111.795134, 40.960688 ], [ -111.795483, 40.960447 ], [ -111.795812, 40.960224 ], [ -111.796401, 40.959889 ], [ -111.796684, 40.959682 ], [ -111.797133, 40.959427 ], [ -111.797429, 40.959339 ], [ -111.797618, 40.959235 ], [ -111.797931, 40.959084 ], [ -111.798174, 40.959046 ], [ -111.79849, 40.95912 ], [ -111.798853, 40.959221 ], [ -111.799273, 40.959511 ], [ -111.799444, 40.959566 ], [ -111.799993, 40.959653 ], [ -111.800168, 40.959693 ], [ -111.800345, 40.959707 ], [ -111.800772, 40.959668 ], [ -111.801074, 40.959611 ], [ -111.801418, 40.959555 ], [ -111.801816, 40.959543 ], [ -111.802107, 40.959546 ], [ -111.803816, 40.959345 ], [ -111.804201, 40.959247 ], [ -111.804645, 40.959105 ], [ -111.805225, 40.958943 ], [ -111.805674, 40.958724 ], [ -111.806084, 40.958463 ], [ -111.806423, 40.958254 ], [ -111.806765, 40.958009 ], [ -111.807171, 40.957722 ], [ -111.80743, 40.957554 ], [ -111.807696, 40.957412 ], [ -111.808122, 40.957256 ], [ -111.808353, 40.957205 ], [ -111.808638, 40.957176 ], [ -111.808995, 40.957241 ], [ -111.809365, 40.957374 ], [ -111.809723, 40.957497 ], [ -111.810178, 40.95776 ], [ -111.810585, 40.958041 ], [ -111.810933, 40.958299 ], [ -111.811131, 40.958464 ], [ -111.811227, 40.958545 ], [ -111.81158, 40.958718 ], [ -111.811992, 40.958877 ], [ -111.812225, 40.959015 ], [ -111.812726, 40.959184 ], [ -111.813199, 40.959459 ], [ -111.813439, 40.959664 ], [ -111.813757, 40.959883 ], [ -111.813912, 40.959967 ], [ -111.814169, 40.960042 ], [ -111.814335, 40.960023 ], [ -111.814524, 40.959923 ], [ -111.814647, 40.959774 ], [ -111.814738, 40.959498 ], [ -111.814854, 40.9592 ], [ -111.814949, 40.95878 ], [ -111.815054, 40.958559 ], [ -111.815102, 40.958472 ], [ -111.815193, 40.95831 ], [ -111.815298, 40.958115 ], [ -111.815365, 40.957921 ], [ -111.8154, 40.957718 ], [ -111.815414, 40.95743 ], [ -111.815298, 40.957179 ], [ -111.81511, 40.956896 ], [ -111.814929, 40.956614 ], [ -111.814594, 40.955967 ], [ -111.814454, 40.955667 ], [ -111.814182, 40.95534 ], [ -111.81382, 40.954892 ], [ -111.81353, 40.954453 ], [ -111.813179, 40.953933 ], [ -111.813013, 40.953474 ], [ -111.812785, 40.952823 ], [ -111.812687, 40.952598 ], [ -111.812408, 40.952163 ], [ -111.812321, 40.951831 ], [ -111.812312, 40.951443 ], [ -111.812143, 40.950873 ], [ -111.812051, 40.950648 ], [ -111.811689, 40.950169 ], [ -111.811479, 40.949976 ], [ -111.811185, 40.949758 ], [ -111.810647, 40.949496 ], [ -111.809648, 40.949404 ], [ -111.809023, 40.949282 ], [ -111.808707, 40.949199 ], [ -111.808143, 40.949212 ], [ -111.80749, 40.949275 ], [ -111.807312, 40.949263 ], [ -111.807109, 40.94925 ], [ -111.806871, 40.949189 ], [ -111.806705, 40.948722 ], [ -111.80667, 40.948558 ], [ -111.806632, 40.948381 ], [ -111.80653, 40.948049 ], [ -111.806413, 40.947864 ], [ -111.806324, 40.947722 ], [ -111.806141, 40.947493 ], [ -111.806072, 40.947433 ], [ -111.805949, 40.947326 ], [ -111.805825, 40.947273 ], [ -111.805671, 40.947207 ], [ -111.805616, 40.947126 ], [ -111.805621, 40.947008 ], [ -111.805644, 40.946464 ], [ -111.80558, 40.946095 ], [ -111.805399, 40.945889 ], [ -111.805158, 40.945544 ], [ -111.805017, 40.945207 ], [ -111.804886, 40.945022 ], [ -111.804649, 40.944837 ], [ -111.804517, 40.944745 ], [ -111.804261, 40.944619 ], [ -111.80404, 40.944502 ], [ -111.803925, 40.944354 ], [ -111.803876, 40.944237 ], [ -111.803928, 40.944043 ], [ -111.803937, 40.943918 ], [ -111.803943, 40.943836 ], [ -111.803976, 40.943669 ], [ -111.80402, 40.943372 ], [ -111.804211, 40.942933 ], [ -111.804367, 40.942608 ], [ -111.804454, 40.942355 ], [ -111.804497, 40.94199 ], [ -111.80441, 40.941689 ], [ -111.804328, 40.941307 ], [ -111.804194, 40.941033 ], [ -111.803982, 40.940701 ], [ -111.803659, 40.940514 ], [ -111.80336, 40.940313 ], [ -111.803137, 40.940103 ], [ -111.802915, 40.939817 ], [ -111.802633, 40.939638 ], [ -111.802334, 40.93951 ], [ -111.802148, 40.939403 ], [ -111.801957, 40.939268 ], [ -111.801765, 40.9391 ], [ -111.801644, 40.93892 ], [ -111.801587, 40.938614 ], [ -111.801381, 40.938264 ], [ -111.801199, 40.938 ], [ -111.801019, 40.937816 ], [ -111.800832, 40.93757 ], [ -111.800358, 40.937181 ], [ -111.80016, 40.936994 ], [ -111.79998, 40.936864 ], [ -111.799596, 40.936588 ], [ -111.79928, 40.936454 ], [ -111.798953, 40.93627 ], [ -111.798582, 40.936194 ], [ -111.798349, 40.936083 ], [ -111.798056, 40.93595 ], [ -111.797847, 40.93586 ], [ -111.79753, 40.935683 ], [ -111.797273, 40.935478 ], [ -111.797133, 40.935213 ], [ -111.796952, 40.934985 ], [ -111.796526, 40.934618 ], [ -111.796305, 40.934421 ], [ -111.79598, 40.93411 ], [ -111.795798, 40.933826 ], [ -111.795687, 40.933525 ], [ -111.795569, 40.933156 ], [ -111.795549, 40.932778 ], [ -111.795514, 40.932423 ], [ -111.795454, 40.932133 ], [ -111.795319, 40.931928 ], [ -111.795215, 40.931823 ], [ -111.794934, 40.931636 ], [ -111.79439, 40.931378 ], [ -111.793798, 40.93104 ], [ -111.79338, 40.9308 ], [ -111.793063, 40.930622 ], [ -111.792908, 40.930552 ], [ -111.7928, 40.930504 ], [ -111.792627, 40.930426 ], [ -111.792583, 40.93033 ], [ -111.792517, 40.930184 ], [ -111.792508, 40.930155 ], [ -111.792455, 40.929982 ], [ -111.792393, 40.929879 ], [ -111.792348, 40.929804 ], [ -111.792189, 40.929538 ], [ -111.792117, 40.929387 ], [ -111.792036, 40.929219 ], [ -111.791966, 40.928994 ], [ -111.79184, 40.928729 ], [ -111.791785, 40.928644 ], [ -111.791701, 40.928514 ], [ -111.791507, 40.928313 ], [ -111.791473, 40.928278 ], [ -111.791221, 40.928085 ], [ -111.791059, 40.927951 ], [ -111.790999, 40.927776 ], [ -111.790973, 40.927583 ], [ -111.790958, 40.927474 ], [ -111.791006, 40.927182 ], [ -111.791028, 40.927112 ], [ -111.791053, 40.927031 ], [ -111.791235, 40.926788 ], [ -111.791411, 40.926562 ], [ -111.791809, 40.926113 ], [ -111.792132, 40.925777 ], [ -111.792461, 40.925536 ], [ -111.792743, 40.925214 ], [ -111.792977, 40.924915 ], [ -111.793109, 40.924697 ], [ -111.793201, 40.924446 ], [ -111.793341, 40.924066 ], [ -111.793386, 40.923821 ], [ -111.793441, 40.92352 ], [ -111.793348, 40.92317 ], [ -111.793338, 40.922841 ], [ -111.793256, 40.922378 ], [ -111.793086, 40.922141 ], [ -111.792802, 40.921732 ], [ -111.792774, 40.921409 ], [ -111.792864, 40.920957 ], [ -111.792917, 40.920847 ], [ -111.79311, 40.920447 ], [ -111.793119, 40.920428 ], [ -111.793358, 40.920062 ], [ -111.793679, 40.919582 ], [ -111.793918, 40.919202 ], [ -111.794091, 40.918832 ], [ -111.794235, 40.918461 ], [ -111.79425, 40.918196 ], [ -111.79415, 40.917791 ], [ -111.793969, 40.91749 ], [ -111.793882, 40.917167 ], [ -111.793863, 40.917039 ], [ -111.793851, 40.91695 ], [ -111.793809, 40.916658 ], [ -111.793772, 40.916169 ], [ -111.793748, 40.915965 ], [ -111.793644, 40.915664 ], [ -111.793344, 40.915382 ], [ -111.793146, 40.915239 ], [ -111.792847, 40.915066 ], [ -111.792602, 40.914955 ], [ -111.792419, 40.914953 ], [ -111.792317, 40.914952 ], [ -111.79229, 40.91496 ], [ -111.791908, 40.915032 ], [ -111.791678, 40.915092 ], [ -111.791453, 40.915156 ], [ -111.791217, 40.915217 ], [ -111.791105, 40.915193 ], [ -111.790906, 40.91515 ], [ -111.790754, 40.915074 ], [ -111.790739, 40.915067 ], [ -111.790692, 40.915018 ], [ -111.79063, 40.914956 ], [ -111.790588, 40.914919 ], [ -111.790493, 40.914853 ], [ -111.790337, 40.914749 ], [ -111.790062, 40.914566 ], [ -111.789658, 40.914529 ], [ -111.789603, 40.914527 ], [ -111.789117, 40.914514 ], [ -111.78876, 40.91444 ], [ -111.78826, 40.914309 ], [ -111.788027, 40.914243 ], [ -111.787645, 40.914051 ], [ -111.787299, 40.913878 ], [ -111.78703, 40.91374 ], [ -111.786779, 40.913607 ], [ -111.786319, 40.913376 ], [ -111.785992, 40.913329 ], [ -111.785617, 40.913291 ], [ -111.784987, 40.913226 ], [ -111.784724, 40.913179 ], [ -111.78388, 40.913107 ], [ -111.783441, 40.913004 ], [ -111.78336, 40.91297 ], [ -111.783059, 40.912844 ], [ -111.783026, 40.912821 ], [ -111.782844, 40.912692 ], [ -111.782616, 40.912527 ], [ -111.782448, 40.912407 ], [ -111.782273, 40.912183 ], [ -111.782141, 40.91199 ], [ -111.782021, 40.911747 ], [ -111.782, 40.911622 ], [ -111.781787, 40.911177 ], [ -111.7817, 40.91089 ], [ -111.781684, 40.910556 ], [ -111.781675, 40.91025 ], [ -111.781695, 40.909818 ], [ -111.781715, 40.909627 ], [ -111.78172, 40.909583 ], [ -111.781669, 40.909273 ], [ -111.78144, 40.908936 ], [ -111.78136, 40.908752 ], [ -111.781227, 40.908537 ], [ -111.780957, 40.908309 ], [ -111.780777, 40.908162 ], [ -111.780657, 40.908005 ], [ -111.780468, 40.907628 ], [ -111.780418, 40.907407 ], [ -111.780183, 40.907076 ], [ -111.780034, 40.907032 ], [ -111.779812, 40.90687 ], [ -111.779603, 40.906751 ], [ -111.779388, 40.90659 ], [ -111.779219, 40.906428 ], [ -111.779093, 40.906214 ], [ -111.778971, 40.905998 ], [ -111.778921, 40.905742 ], [ -111.778831, 40.905229 ], [ -111.778894, 40.904986 ], [ -111.778892, 40.904971 ], [ -111.778855, 40.904684 ], [ -111.778863, 40.904405 ], [ -111.778844, 40.90427 ], [ -111.778825, 40.904139 ], [ -111.778697, 40.903887 ], [ -111.778479, 40.903488 ], [ -111.778346, 40.903287 ], [ -111.778312, 40.903193 ], [ -111.778037, 40.902924 ], [ -111.777854, 40.902844 ], [ -111.777627, 40.902698 ], [ -111.77758, 40.90266 ], [ -111.777535, 40.902623 ], [ -111.777435, 40.902541 ], [ -111.777225, 40.902376 ], [ -111.777004, 40.90222 ], [ -111.77666, 40.901799 ], [ -111.776346, 40.901321 ], [ -111.776249, 40.901171 ], [ -111.776206, 40.901014 ], [ -111.776162, 40.900775 ], [ -111.776081, 40.900496 ], [ -111.776126, 40.900257 ], [ -111.776177, 40.900086 ], [ -111.776204, 40.899838 ], [ -111.776331, 40.899531 ], [ -111.776488, 40.899223 ], [ -111.776693, 40.898974 ], [ -111.776882, 40.898748 ], [ -111.777163, 40.898579 ], [ -111.777315, 40.898375 ], [ -111.777519, 40.898276 ], [ -111.777669, 40.898203 ], [ -111.777994, 40.898096 ], [ -111.778456, 40.897941 ], [ -111.778744, 40.897946 ], [ -111.779693, 40.897963 ], [ -111.779831, 40.897965 ], [ -111.779963, 40.897952 ], [ -111.780118, 40.897918 ], [ -111.780259, 40.897887 ], [ -111.78036, 40.897835 ], [ -111.780425, 40.897801 ], [ -111.780519, 40.897738 ], [ -111.780624, 40.897583 ], [ -111.780746, 40.897384 ], [ -111.780822, 40.89723 ], [ -111.780905, 40.897039 ], [ -111.780956, 40.896941 ], [ -111.780999, 40.896717 ], [ -111.781027, 40.896567 ], [ -111.781143, 40.896282 ], [ -111.781305, 40.895975 ], [ -111.781386, 40.895799 ], [ -111.781418, 40.895714 ], [ -111.781461, 40.895605 ], [ -111.781372, 40.895542 ], [ -111.781099, 40.895625 ], [ -111.7808, 40.895725 ], [ -111.780699, 40.895768 ], [ -111.78065, 40.895786 ], [ -111.780076, 40.895943 ], [ -111.779389, 40.896128 ], [ -111.779162, 40.896176 ], [ -111.778673, 40.89628 ], [ -111.778236, 40.896392 ], [ -111.777774, 40.896485 ], [ -111.777512, 40.896474 ], [ -111.777411, 40.89647 ], [ -111.77722, 40.896331 ], [ -111.776939, 40.896203 ], [ -111.776659, 40.896065 ], [ -111.776278, 40.896009 ], [ -111.776023, 40.895993 ], [ -111.77563, 40.895932 ], [ -111.775226, 40.895854 ], [ -111.775005, 40.895774 ], [ -111.77476, 40.89565 ], [ -111.774568, 40.895462 ], [ -111.774387, 40.89522 ], [ -111.774136, 40.895014 ], [ -111.77402, 40.894814 ], [ -111.773737, 40.894523 ], [ -111.773629, 40.894405 ], [ -111.773383, 40.894132 ], [ -111.773178, 40.893876 ], [ -111.772918, 40.893649 ], [ -111.772728, 40.893465 ], [ -111.772661, 40.893388 ], [ -111.772572, 40.893286 ], [ -111.772215, 40.892676 ], [ -111.772124, 40.892542 ], [ -111.772086, 40.892326 ], [ -111.77197, 40.89207 ], [ -111.771812, 40.891696 ], [ -111.77175, 40.891517 ], [ -111.771617, 40.891284 ], [ -111.771543, 40.891014 ], [ -111.7715, 40.89087 ], [ -111.771449, 40.890596 ], [ -111.771446, 40.89051 ], [ -111.771442, 40.890375 ], [ -111.771454, 40.8901 ], [ -111.771471, 40.889907 ], [ -111.771493, 40.88978 ], [ -111.771479, 40.889618 ], [ -111.77149, 40.889501 ], [ -111.771445, 40.889366 ], [ -111.771267, 40.88925 ], [ -111.771159, 40.889116 ], [ -111.771039, 40.889018 ], [ -111.770895, 40.888892 ], [ -111.770829, 40.888803 ], [ -111.77075, 40.888664 ], [ -111.7707, 40.888434 ], [ -111.770636, 40.888174 ], [ -111.770535, 40.888039 ], [ -111.77041, 40.88795 ], [ -111.770272, 40.887897 ], [ -111.770136, 40.887925 ], [ -111.76987, 40.888007 ], [ -111.769604, 40.888085 ], [ -111.76942, 40.888146 ], [ -111.769218, 40.888138 ], [ -111.768853, 40.888205 ], [ -111.768565, 40.888199 ], [ -111.768404, 40.888211 ], [ -111.767883, 40.888253 ], [ -111.767179, 40.888341 ], [ -111.766758, 40.888389 ], [ -111.766503, 40.888427 ], [ -111.766167, 40.888585 ], [ -111.766077, 40.888618 ], [ -111.76596, 40.888673 ], [ -111.765576, 40.888811 ], [ -111.765269, 40.888957 ], [ -111.76505, 40.888994 ], [ -111.764623, 40.889015 ], [ -111.764344, 40.889017 ], [ -111.764029, 40.888988 ], [ -111.763836, 40.888894 ], [ -111.763611, 40.88877 ], [ -111.763484, 40.888635 ], [ -111.763347, 40.888407 ], [ -111.763196, 40.888273 ], [ -111.762946, 40.88809 ], [ -111.762634, 40.88797 ], [ -111.762308, 40.887845 ], [ -111.762235, 40.887797 ], [ -111.762156, 40.887676 ], [ -111.762095, 40.887501 ], [ -111.762099, 40.887361 ], [ -111.762084, 40.887242 ], [ -111.762067, 40.887104 ], [ -111.761975, 40.886884 ], [ -111.7618, 40.8866 ], [ -111.761774, 40.886561 ], [ -111.761674, 40.886413 ], [ -111.76166, 40.88635 ], [ -111.761617, 40.886157 ], [ -111.761572, 40.88586 ], [ -111.761582, 40.885689 ], [ -111.761662, 40.885469 ], [ -111.761747, 40.885265 ], [ -111.761893, 40.885086 ], [ -111.76203, 40.884943 ], [ -111.762305, 40.884632 ], [ -111.762446, 40.884475 ], [ -111.762622, 40.884263 ], [ -111.762909, 40.883941 ], [ -111.76306, 40.883724 ], [ -111.763201, 40.883534 ], [ -111.763317, 40.883362 ], [ -111.763381, 40.883182 ], [ -111.763439, 40.883105 ], [ -111.763514, 40.882898 ], [ -111.763678, 40.882648 ], [ -111.763829, 40.882449 ], [ -111.764075, 40.882137 ], [ -111.764106, 40.882102 ], [ -111.764233, 40.881964 ], [ -111.764336, 40.881612 ], [ -111.764381, 40.8814 ], [ -111.764502, 40.881133 ], [ -111.764627, 40.880984 ], [ -111.76474, 40.880674 ], [ -111.764791, 40.880393 ], [ -111.764788, 40.880195 ], [ -111.764832, 40.879825 ], [ -111.764872, 40.879665 ], [ -111.764922, 40.879469 ], [ -111.76495, 40.879298 ], [ -111.765059, 40.878932 ], [ -111.765057, 40.878773 ], [ -111.765079, 40.878721 ], [ -111.765055, 40.878653 ], [ -111.765077, 40.878464 ], [ -111.765129, 40.878301 ], [ -111.765228, 40.878165 ], [ -111.76544, 40.878012 ], [ -111.765605, 40.877924 ], [ -111.76587, 40.877769 ], [ -111.766058, 40.877742 ], [ -111.766219, 40.87769 ], [ -111.766397, 40.877684 ], [ -111.766587, 40.877679 ], [ -111.766682, 40.877647 ], [ -111.766746, 40.877537 ], [ -111.766791, 40.877322 ], [ -111.76676, 40.877164 ], [ -111.766731, 40.876959 ], [ -111.766733, 40.876917 ], [ -111.766724, 40.876691 ], [ -111.766764, 40.876588 ], [ -111.767013, 40.876291 ], [ -111.767104, 40.876207 ], [ -111.767299, 40.876089 ], [ -111.767482, 40.875957 ], [ -111.767658, 40.875829 ], [ -111.767859, 40.875779 ], [ -111.768071, 40.875669 ], [ -111.768284, 40.875591 ], [ -111.768377, 40.875451 ], [ -111.768376, 40.875352 ], [ -111.768375, 40.875253 ], [ -111.76835, 40.875109 ], [ -111.768348, 40.874965 ], [ -111.768387, 40.874883 ], [ -111.768412, 40.874829 ], [ -111.768481, 40.874666 ], [ -111.768497, 40.874495 ], [ -111.768553, 40.874238 ], [ -111.768551, 40.874044 ], [ -111.768436, 40.873847 ], [ -111.768393, 40.873699 ], [ -111.768332, 40.873618 ], [ -111.768304, 40.873563 ], [ -111.768289, 40.873532 ], [ -111.768253, 40.873461 ], [ -111.768205, 40.873362 ], [ -111.768197, 40.873182 ], [ -111.768254, 40.873029 ], [ -111.768429, 40.872748 ], [ -111.768505, 40.872657 ], [ -111.768552, 40.872593 ], [ -111.768605, 40.87254 ], [ -111.768658, 40.872431 ], [ -111.768689, 40.872279 ], [ -111.768678, 40.872233 ], [ -111.768571, 40.87222 ], [ -111.768418, 40.872281 ], [ -111.768312, 40.872334 ], [ -111.76817, 40.872403 ], [ -111.768123, 40.872457 ], [ -111.768047, 40.87253 ], [ -111.768005, 40.872556 ], [ -111.767982, 40.872571 ], [ -111.767949, 40.872593 ], [ -111.767841, 40.872666 ], [ -111.767681, 40.872745 ], [ -111.76751, 40.872772 ], [ -111.767118, 40.872811 ], [ -111.766792, 40.872813 ], [ -111.766756, 40.872816 ], [ -111.766544, 40.872834 ], [ -111.766508, 40.872837 ], [ -111.766241, 40.872853 ], [ -111.766093, 40.872876 ], [ -111.765701, 40.87291 ], [ -111.765577, 40.872947 ], [ -111.765254, 40.872998 ], [ -111.764938, 40.873073 ], [ -111.764642, 40.87312 ], [ -111.764429, 40.873224 ], [ -111.764159, 40.873344 ], [ -111.763957, 40.873435 ], [ -111.763828, 40.873553 ], [ -111.763733, 40.87359 ], [ -111.763557, 40.873627 ], [ -111.763413, 40.873592 ], [ -111.763127, 40.87354 ], [ -111.762895, 40.87346 ], [ -111.762746, 40.873389 ], [ -111.762569, 40.873341 ], [ -111.762365, 40.873288 ], [ -111.762133, 40.873276 ], [ -111.761891, 40.873314 ], [ -111.761809, 40.873319 ], [ -111.761546, 40.873334 ], [ -111.761303, 40.873308 ], [ -111.761071, 40.873256 ], [ -111.760886, 40.873203 ], [ -111.760755, 40.87315 ], [ -111.760569, 40.873016 ], [ -111.760473, 40.872899 ], [ -111.760335, 40.872734 ], [ -111.7603, 40.872689 ], [ -111.760173, 40.872523 ], [ -111.760034, 40.872407 ], [ -111.75976, 40.872283 ], [ -111.759558, 40.872239 ], [ -111.759148, 40.872198 ], [ -111.758838, 40.872167 ], [ -111.758519, 40.872202 ], [ -111.758312, 40.872238 ], [ -111.758087, 40.872275 ], [ -111.757987, 40.872315 ], [ -111.757812, 40.872385 ], [ -111.75778, 40.872392 ], [ -111.757543, 40.872464 ], [ -111.757076, 40.872593 ], [ -111.756591, 40.872736 ], [ -111.756307, 40.872828 ], [ -111.756047, 40.872857 ], [ -111.755679, 40.872877 ], [ -111.755358, 40.87287 ], [ -111.755114, 40.872858 ], [ -111.754688, 40.872842 ], [ -111.754444, 40.872782 ], [ -111.754164, 40.87268 ], [ -111.753999, 40.872605 ], [ -111.753949, 40.872582 ], [ -111.753776, 40.872471 ], [ -111.753514, 40.872387 ], [ -111.753328, 40.872361 ], [ -111.752985, 40.872359 ], [ -111.752972, 40.872363 ], [ -111.752871, 40.872395 ], [ -111.752726, 40.872442 ], [ -111.752387, 40.872457 ], [ -111.752138, 40.872413 ], [ -111.751994, 40.872379 ], [ -111.751792, 40.872317 ], [ -111.751689, 40.872165 ], [ -111.751557, 40.872012 ], [ -111.75139, 40.871919 ], [ -111.751212, 40.871889 ], [ -111.751093, 40.871862 ], [ -111.750986, 40.871849 ], [ -111.750795, 40.871801 ], [ -111.75029, 40.871665 ], [ -111.749861, 40.871585 ], [ -111.749654, 40.871546 ], [ -111.748743, 40.871353 ], [ -111.748381, 40.871276 ], [ -111.748023, 40.871189 ], [ -111.747726, 40.871177 ], [ -111.747412, 40.871175 ], [ -111.746889, 40.871106 ], [ -111.746701, 40.871048 ], [ -111.746376, 40.870904 ], [ -111.746197, 40.870737 ], [ -111.746107, 40.870642 ], [ -111.745936, 40.870463 ], [ -111.74583, 40.870352 ], [ -111.745316, 40.870026 ], [ -111.744969, 40.869771 ], [ -111.744907, 40.869741 ], [ -111.74482, 40.8697 ], [ -111.744618, 40.869625 ], [ -111.744326, 40.86955 ], [ -111.744215, 40.869508 ], [ -111.744153, 40.869484 ], [ -111.744081, 40.869421 ], [ -111.744045, 40.869331 ], [ -111.744014, 40.869197 ], [ -111.74401, 40.868908 ], [ -111.744009, 40.868809 ], [ -111.744002, 40.868665 ], [ -111.743964, 40.868521 ], [ -111.743897, 40.868355 ], [ -111.743794, 40.868162 ], [ -111.743508, 40.867825 ], [ -111.743361, 40.867651 ], [ -111.743303, 40.86759 ], [ -111.74285, 40.867114 ], [ -111.742443, 40.866716 ], [ -111.741917, 40.866314 ], [ -111.741349, 40.865957 ], [ -111.740964, 40.865737 ], [ -111.740934, 40.865716 ], [ -111.740859, 40.865675 ], [ -111.740543, 40.86549 ], [ -111.740393, 40.865351 ], [ -111.740358, 40.865302 ], [ -111.740333, 40.865267 ], [ -111.740309, 40.865234 ], [ -111.740254, 40.865068 ], [ -111.740252, 40.864865 ], [ -111.740302, 40.864658 ], [ -111.740323, 40.864396 ], [ -111.740297, 40.864289 ], [ -111.740214, 40.863922 ], [ -111.74018, 40.863798 ], [ -111.739877, 40.863287 ], [ -111.739564, 40.862852 ], [ -111.73942, 40.862672 ], [ -111.739378, 40.862574 ], [ -111.739232, 40.862354 ], [ -111.73922, 40.862331 ], [ -111.739189, 40.862274 ], [ -111.739061, 40.862035 ], [ -111.739007, 40.861819 ], [ -111.738993, 40.861657 ], [ -111.738992, 40.861595 ], [ -111.738992, 40.86157 ], [ -111.73899, 40.861387 ], [ -111.738965, 40.86129 ], [ -111.738953, 40.861243 ], [ -111.738912, 40.861174 ], [ -111.739495, 40.860929 ], [ -111.740211, 40.860699 ], [ -111.740995, 40.86059 ], [ -111.74156, 40.86049 ], [ -111.741786, 40.860441 ], [ -111.741913, 40.860456 ], [ -111.741965, 40.860461 ], [ -111.742219, 40.860484 ], [ -111.742387, 40.860501 ], [ -111.742447, 40.860502 ], [ -111.742498, 40.860507 ], [ -111.742629, 40.860521 ], [ -111.743265, 40.860588 ], [ -111.743692, 40.860609 ], [ -111.744547, 40.860631 ], [ -111.744801, 40.860584 ], [ -111.745062, 40.860537 ], [ -111.745661, 40.860452 ], [ -111.74595, 40.86041 ], [ -111.746181, 40.860354 ], [ -111.746843, 40.860193 ], [ -111.747274, 40.859996 ], [ -111.747742, 40.859693 ], [ -111.748052, 40.859383 ], [ -111.74812, 40.859252 ], [ -111.748189, 40.85904 ], [ -111.748215, 40.858747 ], [ -111.748237, 40.858049 ], [ -111.748344, 40.857503 ], [ -111.7484, 40.85725 ], [ -111.748479, 40.856871 ], [ -111.748565, 40.856694 ], [ -111.748694, 40.856429 ], [ -111.74894, 40.856161 ], [ -111.749233, 40.855822 ], [ -111.749294, 40.855758 ], [ -111.749451, 40.855532 ], [ -111.749585, 40.85534 ], [ -111.749662, 40.85523 ], [ -111.750099, 40.854767 ], [ -111.75015, 40.854733 ], [ -111.750351, 40.854596 ], [ -111.750498, 40.854426 ], [ -111.750804, 40.854208 ], [ -111.750937, 40.854126 ], [ -111.751128, 40.854031 ], [ -111.751279, 40.853905 ], [ -111.751457, 40.85373 ], [ -111.751574, 40.853639 ], [ -111.751762, 40.853458 ], [ -111.75199, 40.85327 ], [ -111.752015, 40.853249 ], [ -111.752115, 40.853181 ], [ -111.752304, 40.853081 ], [ -111.752521, 40.85303 ], [ -111.752659, 40.853006 ], [ -111.752866, 40.853018 ], [ -111.753075, 40.853084 ], [ -111.753272, 40.853182 ], [ -111.753351, 40.853236 ], [ -111.753382, 40.853257 ], [ -111.753463, 40.853312 ], [ -111.753637, 40.85345 ], [ -111.753786, 40.853553 ], [ -111.754269, 40.85377 ], [ -111.754763, 40.853907 ], [ -111.754971, 40.853946 ], [ -111.75519, 40.853944 ], [ -111.755356, 40.853903 ], [ -111.755598, 40.853802 ], [ -111.755793, 40.85372 ], [ -111.756034, 40.85357 ], [ -111.756282, 40.853419 ], [ -111.756441, 40.853324 ], [ -111.756582, 40.853227 ], [ -111.756626, 40.853197 ], [ -111.756641, 40.853187 ], [ -111.756906, 40.853046 ], [ -111.757137, 40.852936 ], [ -111.757337, 40.852845 ], [ -111.757526, 40.852763 ], [ -111.75765, 40.852703 ], [ -111.757863, 40.852608 ], [ -111.757907, 40.852579 ], [ -111.758015, 40.852537 ], [ -111.758205, 40.852505 ], [ -111.758437, 40.852445 ], [ -111.758679, 40.852398 ], [ -111.758726, 40.852408 ], [ -111.759311, 40.852671 ], [ -111.759617, 40.852818 ], [ -111.759783, 40.852937 ], [ -111.759997, 40.853004 ], [ -111.760157, 40.853025 ], [ -111.760252, 40.852967 ], [ -111.760262, 40.852961 ], [ -111.760345, 40.852862 ], [ -111.76038, 40.852695 ], [ -111.760478, 40.852496 ], [ -111.760559, 40.852333 ], [ -111.760787, 40.852143 ], [ -111.760866, 40.852098 ], [ -111.760988, 40.852029 ], [ -111.7612, 40.851865 ], [ -111.761394, 40.851706 ], [ -111.761688, 40.851524 ], [ -111.761924, 40.851401 ], [ -111.762101, 40.851292 ], [ -111.762328, 40.851144 ], [ -111.762567, 40.851054 ], [ -111.762809, 40.850964 ], [ -111.763199, 40.850847 ], [ -111.763584, 40.850741 ], [ -111.763873, 40.85064 ], [ -111.76408, 40.850558 ], [ -111.764275, 40.850439 ], [ -111.764716, 40.850184 ], [ -111.76491, 40.850069 ], [ -111.765111, 40.84997 ], [ -111.765294, 40.849874 ], [ -111.765701, 40.8497 ], [ -111.766244, 40.84949 ], [ -111.766711, 40.849324 ], [ -111.766999, 40.849129 ], [ -111.767288, 40.84896 ], [ -111.767577, 40.848823 ], [ -111.767866, 40.848641 ], [ -111.768255, 40.848431 ], [ -111.768515, 40.84833 ], [ -111.768812, 40.848364 ], [ -111.769151, 40.848475 ], [ -111.769598, 40.848629 ], [ -111.769878, 40.848758 ], [ -111.770122, 40.848829 ], [ -111.770443, 40.848871 ], [ -111.770847, 40.848914 ], [ -111.771355, 40.84887 ], [ -111.771887, 40.84884 ], [ -111.772056, 40.848828 ], [ -111.77227, 40.848741 ], [ -111.772269, 40.848731 ], [ -111.772251, 40.848555 ], [ -111.772602, 40.848476 ], [ -111.772696, 40.848393 ], [ -111.772861, 40.848178 ], [ -111.77363, 40.848014 ], [ -111.774254, 40.847801 ], [ -111.774607, 40.847632 ], [ -111.774821, 40.847568 ], [ -111.774976, 40.847521 ], [ -111.775554, 40.847017 ], [ -111.775812, 40.846791 ], [ -111.776088, 40.846651 ], [ -111.776293, 40.846488 ], [ -111.776624, 40.84618 ], [ -111.77682, 40.846019 ], [ -111.777003, 40.845817 ], [ -111.777027, 40.845787 ], [ -111.777506, 40.845115 ], [ -111.778016, 40.844724 ], [ -111.778531, 40.844577 ], [ -111.77885, 40.844516 ], [ -111.779342, 40.844391 ], [ -111.77974, 40.844375 ], [ -111.780088, 40.844314 ], [ -111.780395, 40.844254 ], [ -111.780786, 40.844179 ], [ -111.780969, 40.84407 ], [ -111.781263, 40.843901 ], [ -111.781518, 40.84389 ], [ -111.781744, 40.843902 ], [ -111.781987, 40.843959 ], [ -111.782285, 40.844047 ], [ -111.782673, 40.844166 ], [ -111.783077, 40.844317 ], [ -111.783495, 40.844472 ], [ -111.783647, 40.844501 ], [ -111.784041, 40.844636 ], [ -111.784363, 40.844712 ], [ -111.784606, 40.844734 ], [ -111.784861, 40.844746 ], [ -111.785119, 40.844938 ], [ -111.785758, 40.845348 ], [ -111.786109, 40.84544 ], [ -111.78659, 40.845473 ], [ -111.787006, 40.845501 ], [ -111.78748, 40.845512 ], [ -111.787772, 40.845564 ], [ -111.78814, 40.845615 ], [ -111.788531, 40.845595 ], [ -111.788857, 40.845592 ], [ -111.789225, 40.845554 ], [ -111.789655, 40.845426 ], [ -111.789669, 40.845419 ], [ -111.790895, 40.84503 ], [ -111.791143, 40.844976 ], [ -111.791157, 40.844968 ], [ -111.791606, 40.844844 ], [ -111.79189, 40.844756 ], [ -111.792233, 40.844677 ], [ -111.792629, 40.844562 ], [ -111.792703, 40.844542 ], [ -111.79279, 40.844445 ], [ -111.794108, 40.843593 ], [ -111.794153, 40.843547 ], [ -111.794492, 40.843234 ], [ -111.794741, 40.843079 ], [ -111.795149, 40.842964 ], [ -111.795473, 40.842926 ], [ -111.795936, 40.842824 ], [ -111.796206, 40.842632 ], [ -111.796353, 40.842528 ], [ -111.796507, 40.842415 ], [ -111.796683, 40.842287 ], [ -111.796853, 40.84215 ], [ -111.797223, 40.841963 ], [ -111.797502, 40.841862 ], [ -111.797802, 40.841679 ], [ -111.798096, 40.841266 ], [ -111.798644, 40.840823 ], [ -111.798757, 40.840682 ], [ -111.798927, 40.840537 ], [ -111.799044, 40.840415 ], [ -111.799286, 40.840278 ], [ -111.799719, 40.840261 ], [ -111.800022, 40.840331 ], [ -111.800259, 40.840326 ], [ -111.800443, 40.840324 ], [ -111.800721, 40.840232 ], [ -111.80111, 40.840103 ], [ -111.801471, 40.839964 ], [ -111.801729, 40.839793 ], [ -111.801929, 40.839606 ], [ -111.802187, 40.839402 ], [ -111.802541, 40.839251 ], [ -111.80302, 40.839108 ], [ -111.803304, 40.839011 ], [ -111.803616, 40.83883 ], [ -111.803732, 40.838643 ], [ -111.804154, 40.838298 ], [ -111.804453, 40.838098 ], [ -111.804658, 40.837855 ], [ -111.804888, 40.837882 ], [ -111.805671, 40.838346 ], [ -111.806401, 40.83892 ], [ -111.806642, 40.838983 ], [ -111.80697, 40.839076 ], [ -111.807386, 40.839194 ], [ -111.807653, 40.839221 ], [ -111.807758, 40.839162 ], [ -111.80848, 40.839224 ], [ -111.808785, 40.839166 ], [ -111.80913, 40.839182 ], [ -111.809504, 40.839261 ], [ -111.809819, 40.839313 ], [ -111.81007, 40.839419 ], [ -111.8106, 40.839667 ], [ -111.811166, 40.839848 ], [ -111.811559, 40.839953 ], [ -111.812006, 40.839985 ], [ -111.813031, 40.839757 ], [ -111.813351, 40.839456 ], [ -111.813519, 40.839464 ], [ -111.814731, 40.839021 ], [ -111.815651, 40.838982 ], [ -111.815761, 40.838923 ], [ -111.816028, 40.838764 ], [ -111.816299, 40.838623 ], [ -111.816564, 40.838513 ], [ -111.816914, 40.838474 ], [ -111.816963, 40.838473 ], [ -111.817098, 40.838401 ], [ -111.817196, 40.83839 ], [ -111.817857, 40.837995 ], [ -111.817967, 40.837916 ], [ -111.818484, 40.837425 ], [ -111.818629, 40.836835 ], [ -111.818735, 40.836673 ], [ -111.818765, 40.83665 ], [ -111.818852, 40.836474 ], [ -111.819152, 40.836256 ], [ -111.819469, 40.836019 ], [ -111.819789, 40.835835 ], [ -111.819871, 40.835668 ], [ -111.820052, 40.835525 ], [ -111.820339, 40.835379 ], [ -111.820354, 40.835368 ], [ -111.82058, 40.835205 ], [ -111.821203, 40.834764 ], [ -111.821438, 40.834523 ], [ -111.821767, 40.834332 ], [ -111.822128, 40.834235 ], [ -111.822525, 40.834196 ], [ -111.822827, 40.834118 ], [ -111.82321, 40.834006 ], [ -111.823661, 40.833994 ], [ -111.824021, 40.833901 ], [ -111.824304, 40.833755 ], [ -111.824688, 40.83364 ], [ -111.825015, 40.833683 ], [ -111.825341, 40.833698 ], [ -111.82587, 40.833726 ], [ -111.826327, 40.833768 ], [ -111.826694, 40.833774 ], [ -111.82724, 40.833801 ], [ -111.827549, 40.833813 ], [ -111.827839, 40.833816 ], [ -111.828142, 40.833772 ], [ -111.828418, 40.8336 ], [ -111.828504, 40.833513 ], [ -111.828784, 40.833068 ], [ -111.828704, 40.832817 ], [ -111.828831, 40.832537 ], [ -111.829167, 40.832297 ], [ -111.829249, 40.832243 ], [ -111.830393, 40.831825 ], [ -111.830555, 40.831859 ], [ -111.830845, 40.831853 ], [ -111.831238, 40.831922 ], [ -111.831949, 40.831939 ], [ -111.83221, 40.831946 ], [ -111.832505, 40.831908 ], [ -111.832714, 40.831886 ], [ -111.832915, 40.831801 ], [ -111.833479, 40.831714 ], [ -111.833973, 40.831592 ], [ -111.834351, 40.831368 ], [ -111.834751, 40.831142 ], [ -111.834821, 40.831081 ], [ -111.835044, 40.830926 ], [ -111.835203, 40.830844 ], [ -111.83544, 40.830793 ], [ -111.835694, 40.830763 ], [ -111.836251, 40.830747 ], [ -111.836755, 40.83072 ], [ -111.837141, 40.830722 ], [ -111.837584, 40.830682 ], [ -111.837846, 40.830681 ], [ -111.838014, 40.830736 ], [ -111.838395, 40.830764 ], [ -111.838571, 40.830778 ], [ -111.83885, 40.830862 ], [ -111.8391, 40.830955 ], [ -111.839184, 40.830997 ], [ -111.83961, 40.831016 ], [ -111.840107, 40.831683 ], [ -111.840158, 40.831721 ], [ -111.840733, 40.832047 ], [ -111.841496, 40.832399 ], [ -111.841998, 40.832246 ], [ -111.842423, 40.832184 ], [ -111.842614, 40.832114 ], [ -111.84294, 40.832103 ], [ -111.84313, 40.83211 ], [ -111.843311, 40.832144 ], [ -111.84386, 40.832145 ], [ -111.844039, 40.832235 ], [ -111.844074, 40.832236 ], [ -111.844238, 40.832117 ], [ -111.844361, 40.831941 ], [ -111.844373, 40.831831 ], [ -111.844333, 40.831424 ], [ -111.844484, 40.831235 ], [ -111.844488, 40.831218 ], [ -111.84458, 40.830956 ], [ -111.844678, 40.830784 ], [ -111.84486, 40.830643 ], [ -111.845089, 40.830425 ], [ -111.845364, 40.830225 ], [ -111.845905, 40.829714 ], [ -111.846314, 40.829603 ], [ -111.846799, 40.829705 ], [ -111.847815, 40.829941 ], [ -111.848628, 40.830335 ], [ -111.848871, 40.830337 ], [ -111.848932, 40.830288 ], [ -111.849087, 40.830089 ], [ -111.849199, 40.829989 ], [ -111.849427, 40.829767 ], [ -111.84958, 40.829649 ], [ -111.849665, 40.829529 ], [ -111.849838, 40.829454 ], [ -111.85036, 40.829408 ], [ -111.85055, 40.829502 ], [ -111.850871, 40.829504 ], [ -111.851119, 40.829448 ], [ -111.851444, 40.829443 ], [ -111.851971, 40.829324 ], [ -111.852269, 40.829312 ], [ -111.852285, 40.829305 ], [ -111.852457, 40.829254 ], [ -111.852646, 40.829189 ], [ -111.852841, 40.82917 ], [ -111.853107, 40.829181 ], [ -111.853286, 40.829237 ], [ -111.853334, 40.829252 ], [ -111.853415, 40.829264 ], [ -111.853485, 40.829273 ], [ -111.853607, 40.829277 ], [ -111.853655, 40.82928 ], [ -111.853746, 40.829222 ], [ -111.853727, 40.82881 ], [ -111.853677, 40.8287 ], [ -111.853647, 40.828632 ], [ -111.853698, 40.82847 ], [ -111.853822, 40.828308 ], [ -111.854002, 40.828166 ], [ -111.854265, 40.827966 ], [ -111.854596, 40.827783 ], [ -111.854844, 40.827691 ], [ -111.855133, 40.827554 ], [ -111.855386, 40.827417 ], [ -111.855447, 40.827389 ], [ -111.855558, 40.827298 ], [ -111.855934, 40.826986 ], [ -111.856229, 40.826991 ], [ -111.856443, 40.82695 ], [ -111.856612, 40.826845 ], [ -111.856906, 40.826613 ], [ -111.857104, 40.826391 ], [ -111.85728, 40.826182 ], [ -111.857372, 40.826015 ], [ -111.85743, 40.825888 ], [ -111.85754, 40.825685 ], [ -111.857685, 40.825463 ], [ -111.857796, 40.825264 ], [ -111.857888, 40.825106 ], [ -111.857986, 40.824853 ], [ -111.858048, 40.824641 ], [ -111.85807, 40.824456 ], [ -111.858127, 40.824338 ], [ -111.858257, 40.824279 ], [ -111.858488, 40.824231 ], [ -111.860307, 40.824543 ], [ -111.861002, 40.824799 ], [ -111.861314, 40.824818 ], [ -111.861642, 40.824756 ], [ -111.861714, 40.82473 ], [ -111.862197, 40.824524 ], [ -111.86262, 40.824206 ], [ -111.862945, 40.824064 ], [ -111.863323, 40.82398 ], [ -111.863632, 40.824022 ], [ -111.8639, 40.824101 ], [ -111.864292, 40.824184 ], [ -111.864655, 40.824312 ], [ -111.864989, 40.824436 ], [ -111.86515, 40.824493 ], [ -111.865323, 40.824555 ], [ -111.865394, 40.824535 ], [ -111.865577, 40.824485 ], [ -111.865831, 40.824425 ], [ -111.866102, 40.82431 ], [ -111.866492, 40.824177 ], [ -111.866776, 40.824147 ], [ -111.867423, 40.824165 ], [ -111.867695, 40.82418 ], [ -111.868007, 40.824198 ], [ -111.868224, 40.824172 ], [ -111.868685, 40.824133 ], [ -111.869027, 40.824 ], [ -111.869244, 40.823836 ], [ -111.869701, 40.822794 ], [ -111.869771, 40.822422 ], [ -111.869868, 40.822198 ], [ -111.869969, 40.822045 ], [ -111.87003, 40.821992 ], [ -111.870262, 40.821847 ], [ -111.870503, 40.821741 ], [ -111.870895, 40.821702 ], [ -111.872105, 40.821779 ], [ -111.872829, 40.821796 ], [ -111.873747, 40.821771 ], [ -111.874448, 40.821824 ], [ -111.87465, 40.8218 ], [ -111.874773, 40.821785 ], [ -111.875284, 40.821809 ], [ -111.87558, 40.821785 ], [ -111.875829, 40.821822 ], [ -111.877656, 40.821823 ], [ -111.879071, 40.821823 ], [ -111.880918, 40.821823 ], [ -111.891154, 40.821826 ], [ -111.891259, 40.821826 ], [ -111.89138, 40.821826 ], [ -111.891548, 40.821826 ], [ -111.899992, 40.821826 ], [ -111.900906, 40.821827 ], [ -111.900907, 40.819882 ], [ -111.903422, 40.819895 ], [ -111.905669, 40.819878 ], [ -111.905665, 40.821823 ], [ -111.9077, 40.821822 ], [ -111.909726, 40.821821 ], [ -111.91129, 40.82182 ], [ -111.913422, 40.821819 ], [ -111.915555, 40.821816 ], [ -111.915846, 40.821814 ], [ -111.916184, 40.821823 ], [ -111.916474, 40.821826 ], [ -111.916836, 40.821829 ], [ -111.917865, 40.821817 ], [ -111.918344, 40.821816 ], [ -111.918527, 40.821813 ], [ -111.919025, 40.821822 ], [ -111.919207, 40.821822 ], [ -111.919461, 40.821816 ], [ -111.919646, 40.821816 ], [ -111.919703, 40.821816 ], [ -111.919735, 40.821816 ], [ -111.91981, 40.821816 ], [ -111.921597, 40.821821 ], [ -111.923289, 40.821813 ], [ -111.923761, 40.821813 ], [ -111.926726, 40.821811 ], [ -111.929344, 40.821809 ], [ -111.933104, 40.821806 ], [ -111.936658, 40.821804 ], [ -111.937785, 40.821801 ], [ -111.938739, 40.821801 ], [ -111.939212, 40.8218 ], [ -111.940042, 40.821798 ], [ -111.940575, 40.821797 ], [ -111.940975, 40.821796 ], [ -111.941187, 40.821798 ], [ -111.941362, 40.821792 ], [ -111.941454, 40.821791 ], [ -111.945863, 40.821791 ], [ -111.946289, 40.82179 ], [ -111.946408, 40.822046 ], [ -111.946686, 40.823845 ], [ -111.946158, 40.824493 ], [ -111.945566, 40.825105 ], [ -111.944929, 40.825763 ], [ -111.944084, 40.826535 ], [ -111.943587, 40.827394 ], [ -111.943983, 40.828336 ], [ -111.943824, 40.829096 ], [ -111.943286, 40.830005 ], [ -111.942873, 40.830494 ], [ -111.94305, 40.831344 ], [ -111.943985, 40.831562 ], [ -111.944185, 40.831609 ], [ -111.944256, 40.831626 ], [ -111.944335, 40.831644 ], [ -111.944394, 40.831658 ], [ -111.944425, 40.831718 ], [ -111.944468, 40.831804 ], [ -111.944656, 40.832175 ], [ -111.944737, 40.832334 ], [ -111.944923, 40.8327 ], [ -111.944845, 40.832878 ], [ -111.944758, 40.833077 ], [ -111.944376, 40.833949 ], [ -111.944324, 40.834069 ], [ -111.944287, 40.834154 ], [ -111.944839, 40.834866 ], [ -111.945345, 40.83552 ], [ -111.94539, 40.835589 ], [ -111.945696, 40.836062 ], [ -111.946354, 40.837081 ], [ -111.946662, 40.837608 ], [ -111.946733, 40.837959 ], [ -111.9469, 40.838015 ], [ -111.947008, 40.838051 ], [ -111.947034, 40.83806 ], [ -111.94791, 40.838353 ], [ -111.94826, 40.838471 ], [ -111.948277, 40.838569 ], [ -111.948295, 40.838669 ], [ -111.948328, 40.83885 ], [ -111.948459, 40.839589 ], [ -111.948483, 40.839612 ], [ -111.948743, 40.839857 ], [ -111.949049, 40.840145 ], [ -111.950355, 40.840808 ], [ -111.951116, 40.841067 ], [ -111.951622, 40.841572 ], [ -111.951257, 40.841917 ], [ -111.951248, 40.841963 ], [ -111.951122, 40.842586 ], [ -111.949956, 40.842732 ], [ -111.949886, 40.842741 ], [ -111.949762, 40.842756 ], [ -111.949772, 40.842929 ], [ -111.949783, 40.843125 ], [ -111.952318, 40.844378 ], [ -111.952921, 40.844648 ], [ -111.952931, 40.844681 ], [ -111.952948, 40.844728 ], [ -111.95299, 40.844839 ], [ -111.953005, 40.844881 ], [ -111.953052, 40.845005 ], [ -111.953455, 40.846092 ], [ -111.953693, 40.846734 ], [ -111.953912, 40.847321 ], [ -111.953918, 40.847641 ], [ -111.954691, 40.848061 ], [ -111.954714, 40.848073 ], [ -111.954745, 40.84809 ], [ -111.954813, 40.848121 ], [ -111.954839, 40.848133 ], [ -111.954899, 40.848165 ], [ -111.954935, 40.848184 ], [ -111.955803, 40.849044 ], [ -111.955872, 40.849112 ], [ -111.95592, 40.84916 ], [ -111.955972, 40.849211 ], [ -111.9564, 40.849067 ], [ -111.957998, 40.848531 ], [ -111.959654, 40.848602 ], [ -111.96063, 40.847889 ], [ -111.96251, 40.848111 ], [ -111.962643, 40.848127 ], [ -111.962728, 40.848137 ], [ -111.962792, 40.848145 ], [ -111.962905, 40.848158 ], [ -111.962932, 40.848161 ], [ -111.963003, 40.84817 ], [ -111.963215, 40.848505 ], [ -111.962985, 40.848584 ], [ -111.962884, 40.848619 ], [ -111.962805, 40.848646 ], [ -111.962687, 40.848687 ], [ -111.961683, 40.849032 ], [ -111.960685, 40.849065 ], [ -111.960429, 40.849073 ], [ -111.960259, 40.849079 ], [ -111.959297, 40.849111 ], [ -111.959143, 40.849116 ], [ -111.959064, 40.849158 ], [ -111.958898, 40.849245 ], [ -111.959967, 40.851075 ], [ -111.959815, 40.851614 ], [ -111.959689, 40.852061 ], [ -111.959663, 40.852151 ], [ -111.9597, 40.852166 ], [ -111.960057, 40.85231 ], [ -111.960502, 40.852199 ], [ -111.960726, 40.852144 ], [ -111.961794, 40.851877 ], [ -111.962193, 40.852109 ], [ -111.962233, 40.852132 ], [ -111.962432, 40.852248 ], [ -111.962722, 40.852416 ], [ -111.963003, 40.852579 ], [ -111.963132, 40.852654 ], [ -111.963345, 40.852778 ], [ -111.964242, 40.853299 ], [ -111.964289, 40.853326 ], [ -111.964355, 40.853364 ], [ -111.964403, 40.853392 ], [ -111.964457, 40.853423 ], [ -111.964494, 40.853445 ], [ -111.964426, 40.853542 ], [ -111.964259, 40.85378 ], [ -111.96407, 40.853788 ], [ -111.963883, 40.853795 ], [ -111.963718, 40.853802 ], [ -111.961747, 40.853883 ], [ -111.961599, 40.854233 ], [ -111.961744, 40.854329 ], [ -111.961839, 40.854391 ], [ -111.962611, 40.8549 ], [ -111.96268, 40.854945 ], [ -111.962724, 40.854974 ], [ -111.963114, 40.855231 ], [ -111.963782, 40.855325 ], [ -111.96415, 40.855202 ], [ -111.96423, 40.855175 ], [ -111.965617, 40.854713 ], [ -111.965876, 40.854626 ], [ -111.966043, 40.854956 ], [ -111.965887, 40.856482 ], [ -111.966052, 40.856889 ], [ -111.96624, 40.857351 ], [ -111.96645, 40.857867 ], [ -111.966357, 40.858034 ], [ -111.964075, 40.859973 ], [ -111.964778, 40.861042 ], [ -111.964775, 40.86145 ], [ -111.964769, 40.861476 ], [ -111.964715, 40.86172 ], [ -111.964654, 40.861992 ], [ -111.964648, 40.862021 ], [ -111.964335, 40.86254 ], [ -111.962766, 40.863233 ], [ -111.962652, 40.863599 ], [ -111.963836, 40.864532 ], [ -111.963964, 40.866313 ], [ -111.962834, 40.866623 ], [ -111.962833, 40.866967 ], [ -111.963889, 40.867288 ], [ -111.963899, 40.8675 ], [ -111.962558, 40.868729 ], [ -111.962892, 40.870004 ], [ -111.963532, 40.870176 ], [ -111.963649, 40.870208 ], [ -111.963749, 40.870235 ], [ -111.96387, 40.870268 ], [ -111.964095, 40.870537 ], [ -111.964201, 40.870664 ], [ -111.9644, 40.870903 ], [ -111.964495, 40.871017 ], [ -111.963706, 40.871312 ], [ -111.963602, 40.871351 ], [ -111.963592, 40.871424 ], [ -111.963574, 40.871557 ], [ -111.964018, 40.871672 ], [ -111.964128, 40.871701 ], [ -111.964244, 40.871731 ], [ -111.964539, 40.871807 ], [ -111.964769, 40.871866 ], [ -111.965821, 40.872139 ], [ -111.966065, 40.872221 ], [ -111.966575, 40.87232 ], [ -111.966824, 40.872228 ], [ -111.967974, 40.871804 ], [ -111.968354, 40.871896 ], [ -111.968531, 40.871939 ], [ -111.96863, 40.871963 ], [ -111.96877, 40.871997 ], [ -111.969354, 40.872138 ], [ -111.96954, 40.872316 ], [ -111.968907, 40.874107 ], [ -111.969695, 40.874461 ], [ -111.969812, 40.874514 ], [ -111.969983, 40.874591 ], [ -111.970389, 40.874773 ], [ -111.970428, 40.87481 ], [ -111.970582, 40.874957 ], [ -111.970726, 40.875094 ], [ -111.971024, 40.876439 ], [ -111.971069, 40.876645 ], [ -111.969501, 40.878568 ], [ -111.968817, 40.878932 ], [ -111.968117, 40.879468 ], [ -111.967556, 40.880059 ], [ -111.968069, 40.8811 ], [ -111.967844, 40.882387 ], [ -111.96804, 40.882565 ], [ -111.968072, 40.882594 ], [ -111.968119, 40.882637 ], [ -111.96824, 40.882747 ], [ -111.968399, 40.882891 ], [ -111.968829, 40.883283 ], [ -111.969037, 40.883471 ], [ -111.968998, 40.883507 ], [ -111.968913, 40.883573 ], [ -111.968046, 40.884387 ], [ -111.968038, 40.884491 ], [ -111.968032, 40.884565 ], [ -111.968332, 40.884775 ], [ -111.968534, 40.884917 ], [ -111.968646, 40.884995 ], [ -111.968799, 40.885102 ], [ -111.969247, 40.885415 ], [ -111.96923, 40.885465 ], [ -111.969187, 40.885589 ], [ -111.969154, 40.885686 ], [ -111.969101, 40.885841 ], [ -111.968734, 40.886904 ], [ -111.966818, 40.888394 ], [ -111.966708, 40.888479 ], [ -111.966687, 40.888495 ], [ -111.966294, 40.888802 ], [ -111.966287, 40.888953 ], [ -111.966281, 40.889094 ], [ -111.966243, 40.889933 ], [ -111.966183, 40.891056 ], [ -111.966147, 40.891653 ], [ -111.964044, 40.89269 ], [ -111.963374, 40.89302 ], [ -111.962508, 40.893201 ], [ -111.961744, 40.89336 ], [ -111.961528, 40.895282 ], [ -111.961152, 40.895547 ], [ -111.960273, 40.895911 ], [ -111.959266, 40.896327 ], [ -111.959276, 40.896379 ], [ -111.959307, 40.896545 ], [ -111.959339, 40.896711 ], [ -111.959357, 40.89681 ], [ -111.959476, 40.897451 ], [ -111.959548, 40.897813 ], [ -111.958978, 40.899232 ], [ -111.95879, 40.899701 ], [ -111.958677, 40.899979 ], [ -111.958602, 40.900167 ], [ -111.958603, 40.900368 ], [ -111.958604, 40.900981 ], [ -111.958607, 40.901631 ], [ -111.958608, 40.901847 ], [ -111.958609, 40.902291 ], [ -111.958608, 40.903453 ], [ -111.958631, 40.909753 ], [ -111.958634, 40.909976 ], [ -111.958643, 40.912697 ], [ -111.958645, 40.913391 ], [ -111.958656, 40.9166 ], [ -111.958656, 40.916789 ], [ -111.958657, 40.917117 ], [ -111.95866, 40.918064 ], [ -111.958672, 40.921822 ], [ -111.972263, 40.921828 ], [ -111.978242, 40.921837 ], [ -111.97845, 40.921834 ], [ -111.978623, 40.921832 ], [ -111.991431, 40.921842 ], [ -112.00075, 40.921847 ], [ -112.005919, 40.921848 ], [ -112.006458, 40.921848 ], [ -112.006566, 40.921846 ], [ -112.008134, 40.921016 ] ] ] } },
{ "type": "Feature", "properties": { "STATEFP": "49", "COUNTYFP": "003", "COUNTYNS": "01455966", "GEOID": "49003", "GEOIDFQ": "0500000US49003", "NAME": "Box Elder", "NAMELSAD": "Box Elder County", "LSAD": "06", "CLASSFP": "H1", "MTFCC": "G4020", "CSAFP": "482", "CBSAFP": "14940", "METDIVFP": null, "FUNCSTAT": "A", "ALAND": 14973507312, "AWATER": 2455159793, "INTPTLAT": "+41.6226233", "INTPTLON": "-113.0602520" }, "geometry": { "type": "Polygon", "coordinates": [ [ [ -112.133181, 41.336872 ], [ -112.137003, 41.336857 ], [ -112.137459, 41.336856 ], [ -112.137583, 41.336856 ], [ -112.140075, 41.336849 ], [ -112.142685, 41.336842 ], [ -112.146783, 41.336831 ], [ -112.150071, 41.336822 ], [ -112.152672, 41.336814 ], [ -112.155905, 41.336805 ], [ -112.159059, 41.336797 ], [ -112.160428, 41.336793 ], [ -112.161254, 41.336791 ], [ -112.161943, 41.336789 ], [ -112.163528, 41.336784 ], [ -112.169416, 41.336768 ], [ -112.171242, 41.336763 ], [ -112.171684, 41.336762 ], [ -112.173836, 41.336756 ], [ -112.178228, 41.336744 ], [ -112.179025, 41.336742 ], [ -112.179167, 41.336741 ], [ -112.179191, 41.336741 ], [ -112.179535, 41.33674 ], [ -112.17976, 41.33674 ], [ -112.182088, 41.336733 ], [ -112.182293, 41.336732 ], [ -112.182719, 41.336731 ], [ -112.185288, 41.336723 ], [ -112.187208, 41.336717 ], [ -112.188577, 41.336713 ], [ -112.190551, 41.336707 ], [ -112.192502, 41.336701 ], [ -112.194082, 41.336696 ], [ -112.196071, 41.33669 ], [ -112.197534, 41.336686 ], [ -112.197892, 41.336684 ], [ -112.198189, 41.336684 ], [ -112.198541, 41.336683 ], [ -112.198848, 41.336682 ], [ -112.199015, 41.336681 ], [ -112.200593, 41.336676 ], [ -112.201334, 41.336674 ], [ -112.201996, 41.336672 ], [ -112.203005, 41.336669 ], [ -112.203408, 41.336667 ], [ -112.203695, 41.336665 ], [ -112.20498, 41.336663 ], [ -112.20628, 41.336658 ], [ -112.20884, 41.33665 ], [ -112.212123, 41.336639 ], [ -112.214422, 41.336631 ], [ -112.21736, 41.336621 ], [ -112.219573, 41.336614 ], [ -112.222771, 41.336603 ], [ -112.224902, 41.336596 ], [ -112.225305, 41.336595 ], [ -112.229502, 41.336581 ], [ -112.234326, 41.336565 ], [ -112.235625, 41.33656 ], [ -112.23677, 41.336557 ], [ -112.238065, 41.336552 ], [ -112.238164, 41.336551 ], [ -112.243952, 41.33071 ], [ -112.246031, 41.328647 ], [ -112.250777, 41.32394 ], [ -112.251739, 41.322964 ], [ -112.251837, 41.322864 ], [ -112.252132, 41.322565 ], [ -112.252231, 41.322466 ], [ -112.252331, 41.322363 ], [ -112.252361, 41.322333 ], [ -112.252464, 41.322227 ], [ -112.252568, 41.322121 ], [ -112.252631, 41.322056 ], [ -112.252732, 41.321954 ], [ -112.254038, 41.320627 ], [ -112.255915, 41.318724 ], [ -112.257958, 41.316649 ], [ -112.259098, 41.315493 ], [ -112.259186, 41.315403 ], [ -112.259265, 41.315323 ], [ -112.259378, 41.315209 ], [ -112.259717, 41.31487 ], [ -112.259831, 41.314757 ], [ -112.261093, 41.313474 ], [ -112.264881, 41.309625 ], [ -112.266144, 41.308343 ], [ -112.266216, 41.308267 ], [ -112.266304, 41.308178 ], [ -112.268082, 41.306372 ], [ -112.271073, 41.303338 ], [ -112.273902, 41.300466 ], [ -112.275843, 41.298498 ], [ -112.275918, 41.298419 ], [ -112.275997, 41.298338 ], [ -112.276043, 41.298291 ], [ -112.276077, 41.298257 ], [ -112.276148, 41.298184 ], [ -112.276226, 41.298107 ], [ -112.276259, 41.298072 ], [ -112.276359, 41.297971 ], [ -112.276393, 41.297937 ], [ -112.27707, 41.297249 ], [ -112.279068, 41.295223 ], [ -112.279104, 41.295185 ], [ -112.279286, 41.295001 ], [ -112.279505, 41.294779 ], [ -112.279655, 41.294627 ], [ -112.279782, 41.294497 ], [ -112.279933, 41.294345 ], [ -112.286875, 41.287299 ], [ -112.286969, 41.287193 ], [ -112.287011, 41.287152 ], [ -112.287094, 41.287071 ], [ -112.287178, 41.286991 ], [ -112.287478, 41.286688 ], [ -112.287777, 41.286385 ], [ -112.288339, 41.285816 ], [ -112.288701, 41.285449 ], [ -112.288826, 41.285322 ], [ -112.289889, 41.28424 ], [ -112.292601, 41.281483 ], [ -112.293079, 41.280997 ], [ -112.294143, 41.279917 ], [ -112.295537, 41.278501 ], [ -112.299722, 41.274256 ], [ -112.301117, 41.272841 ], [ -112.301165, 41.272791 ], [ -112.301312, 41.272643 ], [ -112.301361, 41.272594 ], [ -112.302804, 41.27113 ], [ -112.304835, 41.269071 ], [ -112.30713, 41.266737 ], [ -112.308303, 41.265545 ], [ -112.308518, 41.265328 ], [ -112.308572, 41.265273 ], [ -112.308624, 41.265225 ], [ -112.308635, 41.265213 ], [ -112.30882, 41.265026 ], [ -112.308882, 41.264964 ], [ -112.308915, 41.264929 ], [ -112.309014, 41.264828 ], [ -112.309048, 41.264794 ], [ -112.315132, 41.258612 ], [ -112.316372, 41.257354 ], [ -112.323683, 41.249938 ], [ -112.323691, 41.24993 ], [ -112.333408, 41.240089 ], [ -112.335802, 41.237666 ], [ -112.337676, 41.23577 ], [ -112.339053, 41.234374 ], [ -112.339504, 41.233919 ], [ -112.339538, 41.233884 ], [ -112.339642, 41.233782 ], [ -112.339677, 41.233748 ], [ -112.339704, 41.233719 ], [ -112.339785, 41.233634 ], [ -112.339813, 41.233606 ], [ -112.33987, 41.233548 ], [ -112.340042, 41.233375 ], [ -112.3401, 41.233318 ], [ -112.345413, 41.22794 ], [ -112.355465, 41.217768 ], [ -112.355604, 41.217628 ], [ -112.361307, 41.211764 ], [ -112.366578, 41.206345 ], [ -112.368829, 41.204032 ], [ -112.368942, 41.203916 ], [ -112.369057, 41.203798 ], [ -112.371181, 41.201616 ], [ -112.375784, 41.196888 ], [ -112.38251, 41.190033 ], [ -112.390143, 41.182255 ], [ -112.392311, 41.180046 ], [ -112.39233, 41.180029 ], [ -112.393337, 41.179001 ], [ -112.393569, 41.178764 ], [ -112.394579, 41.177737 ], [ -112.395656, 41.17664 ], [ -112.398007, 41.174253 ], [ -112.418267, 41.153615 ], [ -112.446398, 41.124951 ], [ -112.44857, 41.122734 ], [ -112.451281, 41.119968 ], [ -112.454593, 41.11659 ], [ -112.455216, 41.115954 ], [ -112.457051, 41.114079 ], [ -112.467642, 41.103252 ], [ -112.472859, 41.09793 ], [ -112.481816, 41.08879 ], [ -112.483236, 41.087344 ], [ -112.493406, 41.076997 ], [ -112.493515, 41.076888 ], [ -112.500794, 41.075086 ], [ -112.502296, 41.074708 ], [ -112.503799, 41.074331 ], [ -112.522005, 41.069754 ], [ -112.525791, 41.068802 ], [ -112.536796, 41.066036 ], [ -112.559597, 41.060335 ], [ -112.569233, 41.057916 ], [ -112.585497, 41.053835 ], [ -112.600799, 41.050009 ], [ -112.605899, 41.048735 ], [ -112.6258, 41.043735 ], [ -112.633357, 41.041845 ], [ -112.654233, 41.036627 ], [ -112.655002, 41.036435 ], [ -112.65603, 41.036176 ], [ -112.663586, 41.03428 ], [ -112.666985, 41.033427 ], [ -112.670384, 41.032574 ], [ -112.68059, 41.030013 ], [ -112.709204, 41.022834 ], [ -112.731601, 41.017206 ], [ -112.748605, 41.012934 ], [ -112.749045, 41.012784 ], [ -112.750365, 41.012334 ], [ -112.750805, 41.012184 ], [ -112.754276, 41.011328 ], [ -112.761233, 41.009614 ], [ -112.768145, 41.007863 ], [ -112.780821, 41.004662 ], [ -112.799359, 40.999939 ], [ -112.825389, 40.999946 ], [ -112.826384, 40.999935 ], [ -112.848938, 40.999933 ], [ -112.859941, 40.999933 ], [ -112.875705, 40.99993 ], [ -112.881541, 40.999932 ], [ -112.883817, 40.999931 ], [ -112.901694, 40.999933 ], [ -112.916529, 40.999933 ], [ -112.950391, 40.999932 ], [ -112.958167, 40.999932 ], [ -112.965746, 40.999933 ], [ -112.965998, 40.999933 ], [ -112.966251, 40.999933 ], [ -112.970485, 40.999933 ], [ -112.997415, 40.999931 ], [ -113.000814, 40.999932 ], [ -113.007166, 40.999932 ], [ -113.017805, 40.999932 ], [ -113.036049, 40.999932 ], [ -113.040083, 40.999932 ], [ -113.04064, 40.999932 ], [ -113.059081, 40.999932 ], [ -113.073446, 40.999932 ], [ -113.073549, 40.999932 ], [ -113.08302, 40.99993 ], [ -113.117826, 40.999928 ], [ -113.125771, 40.99993 ], [ -113.129382, 40.999931 ], [ -113.136363, 40.999931 ], [ -113.143093, 40.999931 ], [ -113.157108, 40.999931 ], [ -113.164024, 40.999931 ], [ -113.201698, 40.99993 ], [ -113.250886, 40.99993 ], [ -113.250986, 40.99993 ], [ -113.266321, 40.999931 ], [ -113.343561, 40.999924 ], [ -113.354732, 40.999929 ], [ -113.357324, 40.99993 ], [ -113.375823, 40.999929 ], [ -113.380723, 40.999933 ], [ -113.397161, 40.99993 ], [ -113.500829, 40.999929 ], [ -113.578231, 40.999928 ], [ -113.586718, 40.999928 ], [ -113.61186, 40.999928 ], [ -113.61218, 40.999928 ], [ -113.620668, 40.999928 ], [ -113.625834, 40.999927 ], [ -113.714703, 40.99994 ], [ -113.723031, 40.999938 ], [ -113.725714, 40.999937 ], [ -113.739458, 40.999931 ], [ -113.750075, 40.999927 ], [ -113.750836, 40.999927 ], [ -113.760119, 40.999927 ], [ -113.784724, 40.999927 ], [ -113.784781, 40.999927 ], [ -113.785564, 40.999927 ], [ -113.785784, 40.999927 ], [ -113.788643, 40.999926 ], [ -113.796037, 40.999927 ], [ -113.836338, 40.999927 ], [ -113.875839, 40.999926 ], [ -113.887239, 40.999926 ], [ -113.961623, 40.999926 ], [ -113.973835, 40.999926 ], [ -113.975293, 40.999924 ], [ -113.976697, 40.999926 ], [ -113.980166, 40.999925 ], [ -113.980323, 40.999925 ], [ -113.980868, 40.999926 ], [ -113.982969, 40.999926 ], [ -113.984436, 40.999925 ], [ -113.988885, 40.999925 ], [ -113.989806, 40.999925 ], [ -113.990368, 40.999926 ], [ -113.990438, 40.999926 ], [ -113.992462, 40.999926 ], [ -113.99609, 40.999926 ], [ -113.998752, 40.99993 ], [ -114.00085, 40.999933 ], [ -114.013509, 40.999953 ], [ -114.028393, 40.999958 ], [ -114.038174, 40.999926 ], [ -114.042029, 40.999896 ], [ -114.042016, 41.001562 ], [ -114.041948, 41.010251 ], [ -114.041829, 41.017874 ], [ -114.041819, 41.019505 ], [ -114.041794, 41.020902 ], [ -114.041861, 41.023749 ], [ -114.041851, 41.024789 ], [ -114.041846, 41.026027 ], [ -114.041815, 41.030705 ], [ -114.041809, 41.037304 ], [ -114.041695, 41.055588 ], [ -114.041695, 41.055791 ], [ -114.041521, 41.103928 ], [ -114.041547, 41.114831 ], [ -114.041542, 41.116701 ], [ -114.041555, 41.119425 ], [ -114.041556, 41.122504 ], [ -114.04157, 41.123425 ], [ -114.04156, 41.125226 ], [ -114.041547, 41.127492 ], [ -114.041528, 41.131396 ], [ -114.041499, 41.136396 ], [ -114.041502, 41.136496 ], [ -114.041425, 41.143102 ], [ -114.041362, 41.146436 ], [ -114.041295, 41.150112 ], [ -114.041229, 41.153683 ], [ -114.041229, 41.157223 ], [ -114.041267, 41.164361 ], [ -114.041295, 41.170272 ], [ -114.041317, 41.176286 ], [ -114.041376, 41.181575 ], [ -114.041364, 41.190989 ], [ -114.041369, 41.191271 ], [ -114.041355, 41.195401 ], [ -114.041326, 41.203331 ], [ -114.04133, 41.206692 ], [ -114.041323, 41.20878 ], [ -114.041319, 41.211481 ], [ -114.041318, 41.211539 ], [ -114.041317, 41.21289 ], [ -114.041299, 41.220117 ], [ -114.041297, 41.222508 ], [ -114.041242, 41.231601 ], [ -114.04123, 41.23577 ], [ -114.041192, 41.244381 ], [ -114.041189, 41.24453 ], [ -114.041189, 41.244603 ], [ -114.041188, 41.245437 ], [ -114.041189, 41.249171 ], [ -114.041165, 41.253774 ], [ -114.041166, 41.254145 ], [ -114.041102, 41.260205 ], [ -114.041035, 41.265544 ], [ -114.04099, 41.270791 ], [ -114.040978, 41.275676 ], [ -114.040959, 41.278664 ], [ -114.040959, 41.280005 ], [ -114.040923, 41.28635 ], [ -114.040854, 41.291989 ], [ -114.040854, 41.292756 ], [ -114.040781, 41.29924 ], [ -114.040742, 41.303121 ], [ -114.040616, 41.321329 ], [ -114.040589, 41.329845 ], [ -114.040566, 41.334139 ], [ -114.040528, 41.34197 ], [ -114.04057, 41.360009 ], [ -114.040569, 41.361303 ], [ -114.040581, 41.362773 ], [ -114.040584, 41.364873 ], [ -114.040598, 41.368202 ], [ -114.040604, 41.36892 ], [ -114.040586, 41.375664 ], [ -114.04059, 41.376598 ], [ -114.040546, 41.391346 ], [ -114.04054, 41.392251 ], [ -114.040524, 41.393576 ], [ -114.040534, 41.394877 ], [ -114.040519, 41.398965 ], [ -114.040488, 41.400672 ], [ -114.040479, 41.405845 ], [ -114.040495, 41.407568 ], [ -114.040491, 41.408632 ], [ -114.040488, 41.409845 ], [ -114.040488, 41.41042 ], [ -114.040467, 41.425014 ], [ -114.04047, 41.425736 ], [ -114.040469, 41.426338 ], [ -114.040442, 41.4466 ], [ -114.040446, 41.452926 ], [ -114.040437, 41.454936 ], [ -114.040454, 41.457869 ], [ -114.040415, 41.464238 ], [ -114.040413, 41.464654 ], [ -114.040415, 41.464801 ], [ -114.04039, 41.47167 ], [ -114.040335, 41.47932 ], [ -114.040324, 41.480083 ], [ -114.0403, 41.484539 ], [ -114.040289, 41.486183 ], [ -114.04029, 41.491199 ], [ -114.040293, 41.491971 ], [ -114.040295, 41.49246 ], [ -114.040298, 41.493404 ], [ -114.040317, 41.494257 ], [ -114.040342, 41.495437 ], [ -114.040359, 41.495807 ], [ -114.040727, 41.525021 ], [ -114.04073, 41.525963 ], [ -114.040735, 41.526208 ], [ -114.040715, 41.534048 ], [ -114.040715, 41.534082 ], [ -114.040663, 41.54133 ], [ -114.04054, 41.560563 ], [ -114.040493, 41.568376 ], [ -114.040493, 41.569092 ], [ -114.040486, 41.570273 ], [ -114.040492, 41.572147 ], [ -114.040467, 41.575051 ], [ -114.040348, 41.581797 ], [ -114.040246, 41.591376 ], [ -114.040246, 41.591603 ], [ -114.040244, 41.591789 ], [ -114.040168, 41.602387 ], [ -114.040164, 41.602529 ], [ -114.040121, 41.606945 ], [ -114.040025, 41.614895 ], [ -114.040016, 41.615224 ], [ -114.039936, 41.622295 ], [ -114.039908, 41.62442 ], [ -114.039861, 41.628069 ], [ -114.039813, 41.631709 ], [ -114.039799, 41.633212 ], [ -114.039753, 41.648917 ], [ -114.039764, 41.651667 ], [ -114.039766, 41.653034 ], [ -114.039804, 41.660558 ], [ -114.039805, 41.660824 ], [ -114.039802, 41.661217 ], [ -114.039829, 41.691173 ], [ -114.039842, 41.693579 ], [ -114.039852, 41.695261 ], [ -114.039834, 41.701193 ], [ -114.039824, 41.702422 ], [ -114.039768, 41.708671 ], [ -114.039752, 41.709423 ], [ -114.03972, 41.711839 ], [ -114.039619, 41.714313 ], [ -114.039578, 41.715513 ], [ -114.039461, 41.718874 ], [ -114.039463, 41.719178 ], [ -114.039623, 41.722495 ], [ -114.039623, 41.722687 ], [ -114.03971, 41.724541 ], [ -114.039783, 41.725998 ], [ -114.039791, 41.726755 ], [ -114.039852, 41.731701 ], [ -114.039863, 41.733129 ], [ -114.039841, 41.73459 ], [ -114.039784, 41.737197 ], [ -114.039717, 41.740275 ], [ -114.039707, 41.740817 ], [ -114.039726, 41.741913 ], [ -114.039854, 41.751619 ], [ -114.039868, 41.752653 ], [ -114.039868, 41.752683 ], [ -114.039879, 41.753266 ], [ -114.039957, 41.759875 ], [ -114.039962, 41.760339 ], [ -114.03999, 41.763241 ], [ -114.040037, 41.767226 ], [ -114.040037, 41.767292 ], [ -114.040057, 41.76887 ], [ -114.040119, 41.77411 ], [ -114.040177, 41.775203 ], [ -114.039897, 41.829151 ], [ -114.039891, 41.829319 ], [ -114.039888, 41.833632 ], [ -114.039932, 41.834933 ], [ -114.040298, 41.84575 ], [ -114.040375, 41.84801 ], [ -114.040368, 41.848918 ], [ -114.040365, 41.849363 ], [ -114.04036, 41.850038 ], [ -114.040351, 41.851912 ], [ -114.040323, 41.857532 ], [ -114.040315, 41.859407 ], [ -114.0403, 41.862478 ], [ -114.040289, 41.864656 ], [ -114.040363, 41.8717 ], [ -114.040396, 41.874776 ], [ -114.04041, 41.876086 ], [ -114.04042, 41.876987 ], [ -114.040318, 41.880225 ], [ -114.040227, 41.883092 ], [ -114.040147, 41.88583 ], [ -114.039978, 41.891345 ], [ -114.039964, 41.895995 ], [ -114.039951, 41.903939 ], [ -114.039982, 41.905867 ], [ -114.040036, 41.909303 ], [ -114.040198, 41.919613 ], [ -114.040253, 41.92305 ], [ -114.040261, 41.923514 ], [ -114.040285, 41.924906 ], [ -114.040293, 41.925371 ], [ -114.040293, 41.925388 ], [ -114.040302, 41.926415 ], [ -114.040304, 41.926547 ], [ -114.040305, 41.926635 ], [ -114.040387, 41.932634 ], [ -114.040384, 41.935825 ], [ -114.040331, 41.938668 ], [ -114.040275, 41.942647 ], [ -114.040268, 41.943092 ], [ -114.040246, 41.944461 ], [ -114.040177, 41.948805 ], [ -114.040196, 41.949364 ], [ -114.040218, 41.949878 ], [ -114.040805, 41.963913 ], [ -114.040808, 41.964158 ], [ -114.040935, 41.967202 ], [ -114.041038, 41.969657 ], [ -114.041123, 41.971664 ], [ -114.041243, 41.974598 ], [ -114.041362, 41.977437 ], [ -114.041374, 41.977717 ], [ -114.041376, 41.978144 ], [ -114.041378, 41.978836 ], [ -114.04138, 41.979058 ], [ -114.041381, 41.979261 ], [ -114.041382, 41.979532 ], [ -114.041383, 41.979623 ], [ -114.041382, 41.979705 ], [ -114.041384, 41.979828 ], [ -114.041383, 41.979889 ], [ -114.041387, 41.980414 ], [ -114.041401, 41.981953 ], [ -114.04144, 41.987914 ], [ -114.041441, 41.988116 ], [ -114.041477, 41.993873 ], [ -114.03925, 41.993826 ], [ -114.038987, 41.993825 ], [ -113.996682, 41.993148 ], [ -113.99493, 41.993134 ], [ -113.990091, 41.993095 ], [ -113.983176, 41.992721 ], [ -113.977226, 41.992386 ], [ -113.96748, 41.991844 ], [ -113.963243, 41.991605 ], [ -113.963009, 41.991597 ], [ -113.962195, 41.99155 ], [ -113.961152, 41.991491 ], [ -113.945592, 41.990632 ], [ -113.932742, 41.989966 ], [ -113.914477, 41.989123 ], [ -113.91446, 41.989122 ], [ -113.90939, 41.988895 ], [ -113.906881, 41.988786 ], [ -113.901578, 41.988552 ], [ -113.89569, 41.988427 ], [ -113.895206, 41.988418 ], [ -113.891792, 41.988393 ], [ -113.884412, 41.988319 ], [ -113.882462, 41.988299 ], [ -113.882386, 41.988299 ], [ -113.873349, 41.988182 ], [ -113.867726, 41.988209 ], [ -113.866748, 41.988213 ], [ -113.863567, 41.988226 ], [ -113.843337, 41.988442 ], [ -113.830611, 41.988607 ], [ -113.819486, 41.988638 ], [ -113.818126, 41.988644 ], [ -113.814884, 41.988654 ], [ -113.802407, 41.988858 ], [ -113.796612, 41.988955 ], [ -113.796166, 41.988933 ], [ -113.795926, 41.98895 ], [ -113.792727, 41.989004 ], [ -113.791106, 41.98903 ], [ -113.789166, 41.989058 ], [ -113.786874, 41.989098 ], [ -113.784579, 41.989149 ], [ -113.784405, 41.989161 ], [ -113.783951, 41.989158 ], [ -113.781424, 41.989197 ], [ -113.77909, 41.989234 ], [ -113.776726, 41.989271 ], [ -113.776436, 41.989275 ], [ -113.774228, 41.989309 ], [ -113.772602, 41.989334 ], [ -113.771637, 41.989349 ], [ -113.769367, 41.989384 ], [ -113.766838, 41.989423 ], [ -113.765422, 41.989445 ], [ -113.764716, 41.989457 ], [ -113.764506, 41.98946 ], [ -113.759279, 41.98954 ], [ -113.757885, 41.98956 ], [ -113.75363, 41.989628 ], [ -113.752589, 41.989637 ], [ -113.744936, 41.989745 ], [ -113.694773, 41.990509 ], [ -113.676913, 41.990788 ], [ -113.675222, 41.990814 ], [ -113.675047, 41.990817 ], [ -113.674892, 41.990819 ], [ -113.673628, 41.990838 ], [ -113.672463, 41.990855 ], [ -113.669751, 41.990895 ], [ -113.666939, 41.990933 ], [ -113.659932, 41.991029 ], [ -113.657137, 41.991066 ], [ -113.65662, 41.991087 ], [ -113.652277, 41.991132 ], [ -113.650098, 41.991156 ], [ -113.649654, 41.991161 ], [ -113.649247, 41.991165 ], [ -113.648784, 41.99117 ], [ -113.647469, 41.991186 ], [ -113.639985, 41.991263 ], [ -113.637916, 41.991287 ], [ -113.631632, 41.991354 ], [ -113.630276, 41.991377 ], [ -113.626613, 41.99144 ], [ -113.625707, 41.991451 ], [ -113.618022, 41.991577 ], [ -113.603031, 41.991755 ], [ -113.60125, 41.991777 ], [ -113.599913, 41.991788 ], [ -113.599126, 41.991791 ], [ -113.584135, 41.991971 ], [ -113.581597, 41.992011 ], [ -113.579308, 41.992048 ], [ -113.578944, 41.992054 ], [ -113.565285, 41.992252 ], [ -113.564382, 41.99226 ], [ -113.554423, 41.992393 ], [ -113.544707, 41.992519 ], [ -113.526112, 41.992727 ], [ -113.517213, 41.992833 ], [ -113.514938, 41.992865 ], [ -113.512998, 41.99288 ], [ -113.50165, 41.993029 ], [ -113.501033, 41.993039 ], [ -113.50061, 41.993042 ], [ -113.498485, 41.993068 ], [ -113.496285, 41.993096 ], [ -113.495505, 41.993103 ], [ -113.490845, 41.993161 ], [ -113.484696, 41.993215 ], [ -113.481818, 41.993242 ], [ -113.46657, 41.993463 ], [ -113.463596, 41.993527 ], [ -113.461708, 41.993567 ], [ -113.456005, 41.99369 ], [ -113.455773, 41.993695 ], [ -113.454122, 41.993731 ], [ -113.451263, 41.993753 ], [ -113.436603, 41.99388 ], [ -113.431582, 41.993914 ], [ -113.431504, 41.993913 ], [ -113.431305, 41.993908 ], [ -113.425847, 41.993934 ], [ -113.421675, 41.993979 ], [ -113.414581, 41.994069 ], [ -113.407488, 41.994151 ], [ -113.406454, 41.994159 ], [ -113.40591, 41.994154 ], [ -113.402543, 41.994186 ], [ -113.402523, 41.994186 ], [ -113.396662, 41.994257 ], [ -113.396274, 41.994253 ], [ -113.369109, 41.994572 ], [ -113.368746, 41.994578 ], [ -113.368397, 41.994557 ], [ -113.36373, 41.994617 ], [ -113.35951, 41.994676 ], [ -113.358477, 41.994687 ], [ -113.353974, 41.994726 ], [ -113.353588, 41.994734 ], [ -113.341712, 41.994853 ], [ -113.341108, 41.994859 ], [ -113.322679, 41.995091 ], [ -113.319934, 41.995129 ], [ -113.31559, 41.995189 ], [ -113.31554, 41.995189 ], [ -113.314382, 41.995179 ], [ -113.307246, 41.995305 ], [ -113.292824, 41.995497 ], [ -113.29164, 41.99551 ], [ -113.289442, 41.995524 ], [ -113.282557, 41.99561 ], [ -113.277846, 41.995659 ], [ -113.271334, 41.995733 ], [ -113.266607, 41.995785 ], [ -113.259919, 41.99586 ], [ -113.256265, 41.995896 ], [ -113.249781, 41.995969 ], [ -113.249022, 41.995973 ], [ -113.244413, 41.996019 ], [ -113.237405, 41.996089 ], [ -113.229978, 41.996155 ], [ -113.227553, 41.996176 ], [ -113.220692, 41.996234 ], [ -113.213495, 41.996297 ], [ -113.210196, 41.996323 ], [ -113.205005, 41.996366 ], [ -113.197009, 41.996432 ], [ -113.194047, 41.996459 ], [ -113.191788, 41.996481 ], [ -113.186978, 41.996525 ], [ -113.186822, 41.996527 ], [ -113.169721, 41.996684 ], [ -113.166249, 41.996713 ], [ -113.163101, 41.996739 ], [ -113.158558, 41.99678 ], [ -113.157611, 41.996785 ], [ -113.157436, 41.996788 ], [ -113.157149, 41.996792 ], [ -113.156407, 41.996801 ], [ -113.154646, 41.996828 ], [ -113.14966, 41.996872 ], [ -113.14282, 41.996946 ], [ -113.142185, 41.996945 ], [ -113.141879, 41.996945 ], [ -113.14113, 41.996953 ], [ -113.141071, 41.996954 ], [ -113.140871, 41.996956 ], [ -113.140651, 41.996958 ], [ -113.138763, 41.996978 ], [ -113.133225, 41.997027 ], [ -113.133044, 41.997029 ], [ -113.133008, 41.997029 ], [ -113.12845, 41.99707 ], [ -113.125658, 41.997094 ], [ -113.125528, 41.997094 ], [ -113.123695, 41.997117 ], [ -113.121443, 41.997132 ], [ -113.117903, 41.997166 ], [ -113.116503, 41.99718 ], [ -113.111412, 41.997228 ], [ -113.110457, 41.997242 ], [ -113.107755, 41.997262 ], [ -113.106192, 41.997252 ], [ -113.10384, 41.997308 ], [ -113.103086, 41.997308 ], [ -113.0993, 41.997344 ], [ -113.096008, 41.997375 ], [ -113.093171, 41.997424 ], [ -113.090949, 41.997421 ], [ -113.088157, 41.997446 ], [ -113.087891, 41.99745 ], [ -113.087872, 41.99745 ], [ -113.087649, 41.997454 ], [ -113.078228, 41.997544 ], [ -113.07532, 41.997563 ], [ -113.070232, 41.997613 ], [ -113.04927, 41.997796 ], [ -113.041588, 41.997865 ], [ -113.04145, 41.997866 ], [ -113.006875, 41.998149 ], [ -113.000824, 41.998199 ], [ -113.000041, 41.998204 ], [ -113.000001, 41.998204 ], [ -112.979408, 41.99832 ], [ -112.979275, 41.998321 ], [ -112.975056, 41.998359 ], [ -112.96277, 41.998472 ], [ -112.951211, 41.998557 ], [ -112.946114, 41.998624 ], [ -112.944685, 41.998673 ], [ -112.937572, 41.99862 ], [ -112.909075, 41.998871 ], [ -112.908962, 41.998872 ], [ -112.905848, 41.998925 ], [ -112.903199, 41.998963 ], [ -112.90209, 41.998968 ], [ -112.893403, 41.999007 ], [ -112.891746, 41.999021 ], [ -112.882635, 41.999087 ], [ -112.882288, 41.999089 ], [ -112.880751, 41.999095 ], [ -112.861755, 41.999198 ], [ -112.860549, 41.999211 ], [ -112.859059, 41.999211 ], [ -112.85302, 41.999269 ], [ -112.848243, 41.999327 ], [ -112.847558, 41.999326 ], [ -112.844376, 41.999349 ], [ -112.84432, 41.99935 ], [ -112.843628, 41.999355 ], [ -112.843483, 41.999353 ], [ -112.833517, 41.999418 ], [ -112.832528, 41.999421 ], [ -112.831796, 41.999431 ], [ -112.810741, 41.999537 ], [ -112.810021, 41.999542 ], [ -112.807065, 41.999563 ], [ -112.804807, 41.999578 ], [ -112.788416, 41.999709 ], [ -112.782761, 41.99976 ], [ -112.78175, 41.999769 ], [ -112.775055, 41.999806 ], [ -112.77087, 41.999822 ], [ -112.765841, 41.999833 ], [ -112.765685, 41.999833 ], [ -112.765165, 41.999834 ], [ -112.753195, 41.999857 ], [ -112.75094, 41.999866 ], [ -112.750736, 41.999867 ], [ -112.749664, 41.999872 ], [ -112.746057, 41.999887 ], [ -112.745871, 41.9999 ], [ -112.745672, 41.999899 ], [ -112.744042, 41.999896 ], [ -112.743407, 41.999906 ], [ -112.729113, 41.999972 ], [ -112.709791, 42.000084 ], [ -112.709441, 42.000117 ], [ -112.708457, 42.000134 ], [ -112.705919, 42.000144 ], [ -112.705684, 42.000151 ], [ -112.702162, 42.000151 ], [ -112.700984, 42.000169 ], [ -112.700508, 42.000159 ], [ -112.699042, 42.000167 ], [ -112.697985, 42.000164 ], [ -112.695198, 42.000164 ], [ -112.694959, 42.000164 ], [ -112.687469, 42.000189 ], [ -112.687027, 42.000188 ], [ -112.687004, 42.000189 ], [ -112.68658, 42.000197 ], [ -112.685579, 42.000195 ], [ -112.656728, 42.000252 ], [ -112.656583, 42.000255 ], [ -112.656051, 42.000267 ], [ -112.648904, 42.000317 ], [ -112.648489, 42.000301 ], [ -112.648369, 42.000296 ], [ -112.647733, 42.000272 ], [ -112.637897, 42.000295 ], [ -112.589329, 42.000467 ], [ -112.582167, 42.000532 ], [ -112.581844, 42.000533 ], [ -112.578299, 42.000543 ], [ -112.576979, 42.000548 ], [ -112.573391, 42.000558 ], [ -112.572115, 42.000562 ], [ -112.568483, 42.000572 ], [ -112.567251, 42.000576 ], [ -112.558277, 42.000602 ], [ -112.540345, 42.000672 ], [ -112.509275, 42.00077 ], [ -112.509156, 42.000771 ], [ -112.508568, 42.00077 ], [ -112.505614, 42.00078 ], [ -112.455113, 42.000748 ], [ -112.450699, 42.000763 ], [ -112.44068, 42.000776 ], [ -112.3849, 42.000961 ], [ -112.364813, 42.001053 ], [ -112.363979, 42.001058 ], [ -112.35599, 42.001049 ], [ -112.355938, 42.001049 ], [ -112.355784, 42.001048 ], [ -112.355734, 42.001048 ], [ -112.355665, 42.001047 ], [ -112.313897, 42.001065 ], [ -112.300788, 42.001045 ], [ -112.286995, 42.001025 ], [ -112.28265, 42.001051 ], [ -112.26936, 42.001133 ], [ -112.268141, 42.001141 ], [ -112.265345, 42.001108 ], [ -112.264882, 42.001158 ], [ -112.26481, 42.001189 ], [ -112.264697, 42.001206 ], [ -112.264579, 42.001211 ], [ -112.26268, 42.001181 ], [ -112.262433, 42.001177 ], [ -112.258237, 42.0012 ], [ -112.256737, 42.00119 ], [ -112.255836, 42.00119 ], [ -112.255797, 42.001191 ], [ -112.255763, 42.001191 ], [ -112.253268, 42.001183 ], [ -112.252047, 42.001191 ], [ -112.243916, 42.001177 ], [ -112.243568, 42.001177 ], [ -112.242327, 42.001181 ], [ -112.242151, 42.001182 ], [ -112.241743, 42.001183 ], [ -112.241266, 42.001166 ], [ -112.239367, 42.001166 ], [ -112.239304, 42.001166 ], [ -112.239048, 42.001166 ], [ -112.238645, 42.001166 ], [ -112.238338, 42.001171 ], [ -112.2364, 42.001167 ], [ -112.233839, 42.001167 ], [ -112.231872, 42.001166 ], [ -112.226839, 42.001167 ], [ -112.220936, 42.001167 ], [ -112.220803, 42.001166 ], [ -112.220721, 42.001167 ], [ -112.21743, 42.001168 ], [ -112.209194, 42.001167 ], [ -112.206648, 42.001166 ], [ -112.201546, 42.001163 ], [ -112.200908, 42.001162 ], [ -112.199018, 42.001164 ], [ -112.198976, 42.001164 ], [ -112.198551, 42.001164 ], [ -112.198496, 42.001164 ], [ -112.197889, 42.001164 ], [ -112.192899, 42.00115 ], [ -112.192476, 42.001148 ], [ -112.189891, 42.001134 ], [ -112.189751, 42.001133 ], [ -112.186029, 42.001206 ], [ -112.181183, 42.001332 ], [ -112.17634, 42.001461 ], [ -112.173148, 42.001515 ], [ -112.171486, 42.001118 ], [ -112.167143, 42.000113 ], [ -112.166625, 41.999993 ], [ -112.161737, 41.998934 ], [ -112.159184, 41.998382 ], [ -112.159597, 41.998135 ], [ -112.159935, 41.997959 ], [ -112.160246, 41.997865 ], [ -112.160822, 41.997859 ], [ -112.16084, 41.997851 ], [ -112.161215, 41.997696 ], [ -112.161496, 41.997653 ], [ -112.161865, 41.9977 ], [ -112.162428, 41.997968 ], [ -112.16244, 41.997974 ], [ -112.163141, 41.997592 ], [ -112.163943, 41.997183 ], [ -112.164361, 41.996931 ], [ -112.164747, 41.996696 ], [ -112.164805, 41.99666 ], [ -112.164863, 41.996625 ], [ -112.164905, 41.996599 ], [ -112.165301, 41.996461 ], [ -112.16577, 41.996357 ], [ -112.166008, 41.996179 ], [ -112.166108, 41.996007 ], [ -112.165818, 41.995694 ], [ -112.165147, 41.995301 ], [ -112.164739, 41.995098 ], [ -112.164633, 41.994936 ], [ -112.164538, 41.994699 ], [ -112.164479, 41.994407 ], [ -112.16434, 41.994084 ], [ -112.163934, 41.99366 ], [ -112.163593, 41.993497 ], [ -112.163278, 41.993428 ], [ -112.163181, 41.993416 ], [ -112.162667, 41.993403 ], [ -112.162299, 41.993416 ], [ -112.162063, 41.993382 ], [ -112.16179, 41.993313 ], [ -112.161376, 41.993119 ], [ -112.160781, 41.992899 ], [ -112.160266, 41.992815 ], [ -112.159841, 41.992693 ], [ -112.159664, 41.992578 ], [ -112.159414, 41.992413 ], [ -112.159052, 41.992102 ], [ -112.158429, 41.991721 ], [ -112.158046, 41.991536 ], [ -112.157875, 41.99142 ], [ -112.157768, 41.991201 ], [ -112.157769, 41.990903 ], [ -112.157766, 41.990713 ], [ -112.157579, 41.990417 ], [ -112.157419, 41.990259 ], [ -112.156824, 41.989824 ], [ -112.156593, 41.989605 ], [ -112.156351, 41.989292 ], [ -112.156107, 41.988826 ], [ -112.155847, 41.988433 ], [ -112.155745, 41.988168 ], [ -112.155662, 41.987895 ], [ -112.155648, 41.987832 ], [ -112.155576, 41.987502 ], [ -112.155382, 41.987155 ], [ -112.155241, 41.987002 ], [ -112.154805, 41.98657 ], [ -112.154484, 41.986199 ], [ -112.154229, 41.985738 ], [ -112.154016, 41.985317 ], [ -112.153841, 41.985012 ], [ -112.153781, 41.984707 ], [ -112.153782, 41.984423 ], [ -112.153802, 41.984208 ], [ -112.153813, 41.984089 ], [ -112.153978, 41.983908 ], [ -112.154102, 41.983722 ], [ -112.154152, 41.983496 ], [ -112.154075, 41.98292 ], [ -112.154084, 41.982411 ], [ -112.153921, 41.981742 ], [ -112.153798, 41.981293 ], [ -112.153766, 41.981164 ], [ -112.153733, 41.981032 ], [ -112.153711, 41.98078 ], [ -112.15373, 41.98051 ], [ -112.153804, 41.980289 ], [ -112.153819, 41.980036 ], [ -112.153724, 41.979835 ], [ -112.153604, 41.979574 ], [ -112.153455, 41.979333 ], [ -112.153258, 41.979092 ], [ -112.152634, 41.978306 ], [ -112.152281, 41.977805 ], [ -112.15215, 41.977558 ], [ -112.151924, 41.977083 ], [ -112.151923, 41.976705 ], [ -112.151906, 41.976435 ], [ -112.152103, 41.976001 ], [ -112.152272, 41.975621 ], [ -112.152189, 41.975378 ], [ -112.151975, 41.975237 ], [ -112.151838, 41.975026 ], [ -112.151616, 41.974745 ], [ -112.151344, 41.974423 ], [ -112.15123, 41.974082 ], [ -112.151158, 41.973745 ], [ -112.15111, 41.973582 ], [ -112.151055, 41.97339 ], [ -112.151027, 41.973239 ], [ -112.151, 41.973203 ], [ -112.150744, 41.972379 ], [ -112.15074, 41.972358 ], [ -112.150673, 41.971967 ], [ -112.150611, 41.971535 ], [ -112.150713, 41.971196 ], [ -112.150847, 41.970893 ], [ -112.150877, 41.970564 ], [ -112.150709, 41.970282 ], [ -112.150514, 41.970171 ], [ -112.150404, 41.970114 ], [ -112.149827, 41.969917 ], [ -112.149628, 41.969843 ], [ -112.149472, 41.969628 ], [ -112.149445, 41.969507 ], [ -112.149439, 41.96944 ], [ -112.149314, 41.969233 ], [ -112.149034, 41.969164 ], [ -112.148837, 41.969065 ], [ -112.148384, 41.968837 ], [ -112.148109, 41.968637 ], [ -112.148011, 41.96858 ], [ -112.14766, 41.968498 ], [ -112.146933, 41.96837 ], [ -112.146426, 41.968339 ], [ -112.146086, 41.968239 ], [ -112.145849, 41.968124 ], [ -112.145629, 41.968 ], [ -112.145031, 41.967628 ], [ -112.14456, 41.967268 ], [ -112.144423, 41.96699 ], [ -112.14424, 41.966564 ], [ -112.144053, 41.96626 ], [ -112.143892, 41.966027 ], [ -112.14367, 41.965755 ], [ -112.143552, 41.965522 ], [ -112.143444, 41.965252 ], [ -112.143355, 41.964911 ], [ -112.143252, 41.964633 ], [ -112.143102, 41.964319 ], [ -112.143002, 41.964172 ], [ -112.142935, 41.964073 ], [ -112.142833, 41.963813 ], [ -112.142786, 41.963566 ], [ -112.142652, 41.963491 ], [ -112.142556, 41.963505 ], [ -112.142424, 41.963547 ], [ -112.142191, 41.963666 ], [ -112.141392, 41.963881 ], [ -112.14087, 41.964016 ], [ -112.140401, 41.964103 ], [ -112.139798, 41.964149 ], [ -112.138721, 41.964304 ], [ -112.138298, 41.964272 ], [ -112.138084, 41.964117 ], [ -112.137846, 41.963962 ], [ -112.137518, 41.963812 ], [ -112.13739, 41.963466 ], [ -112.137403, 41.963151 ], [ -112.137426, 41.962772 ], [ -112.137288, 41.962467 ], [ -112.137017, 41.962164 ], [ -112.136541, 41.961818 ], [ -112.136368, 41.961639 ], [ -112.136194, 41.961344 ], [ -112.136092, 41.961043 ], [ -112.135714, 41.960487 ], [ -112.135559, 41.960251 ], [ -112.13535, 41.959983 ], [ -112.135159, 41.959769 ], [ -112.134971, 41.959574 ], [ -112.134875, 41.959474 ], [ -112.13468, 41.959341 ], [ -112.134455, 41.959204 ], [ -112.134388, 41.959151 ], [ -112.134179, 41.958981 ], [ -112.134017, 41.958645 ], [ -112.13394, 41.958416 ], [ -112.133916, 41.958056 ], [ -112.134008, 41.957812 ], [ -112.134021, 41.957537 ], [ -112.133925, 41.957323 ], [ -112.133858, 41.957174 ], [ -112.133782, 41.957008 ], [ -112.1337, 41.956766 ], [ -112.133642, 41.9566 ], [ -112.133453, 41.956444 ], [ -112.133141, 41.956217 ], [ -112.133012, 41.95607 ], [ -112.13288, 41.955806 ], [ -112.132618, 41.955281 ], [ -112.132216, 41.954758 ], [ -112.132162, 41.954439 ], [ -112.132219, 41.954253 ], [ -112.132228, 41.954042 ], [ -112.132146, 41.953841 ], [ -112.131851, 41.953569 ], [ -112.131536, 41.953131 ], [ -112.131314, 41.952867 ], [ -112.130993, 41.95246 ], [ -112.130807, 41.952174 ], [ -112.130505, 41.951749 ], [ -112.130276, 41.951463 ], [ -112.130119, 41.951295 ], [ -112.129604, 41.950982 ], [ -112.129531, 41.950957 ], [ -112.129428, 41.950927 ], [ -112.129393, 41.950915 ], [ -112.129257, 41.95087 ], [ -112.129101, 41.950817 ], [ -112.128879, 41.950621 ], [ -112.128705, 41.950394 ], [ -112.128575, 41.950106 ], [ -112.128692, 41.949921 ], [ -112.128883, 41.94954 ], [ -112.129031, 41.949291 ], [ -112.12912, 41.948895 ], [ -112.129077, 41.948557 ], [ -112.129014, 41.948332 ], [ -112.128875, 41.947996 ], [ -112.128598, 41.947652 ], [ -112.128364, 41.947419 ], [ -112.128137, 41.947179 ], [ -112.128018, 41.94691 ], [ -112.127927, 41.946587 ], [ -112.12783, 41.946173 ], [ -112.127627, 41.946036 ], [ -112.127339, 41.94608 ], [ -112.127152, 41.946063 ], [ -112.127028, 41.945956 ], [ -112.126882, 41.945791 ], [ -112.126782, 41.945607 ], [ -112.126774, 41.945593 ], [ -112.126598, 41.94532 ], [ -112.126364, 41.944936 ], [ -112.126077, 41.94444 ], [ -112.12579, 41.943943 ], [ -112.125119, 41.943048 ], [ -112.124991, 41.942726 ], [ -112.12491, 41.942435 ], [ -112.124901, 41.942246 ], [ -112.124957, 41.942123 ], [ -112.124988, 41.942056 ], [ -112.125054, 41.941889 ], [ -112.125092, 41.941798 ], [ -112.12495, 41.941625 ], [ -112.124671, 41.941354 ], [ -112.124527, 41.941213 ], [ -112.124413, 41.940991 ], [ -112.124381, 41.940946 ], [ -112.124365, 41.940916 ], [ -112.124312, 41.940646 ], [ -112.124263, 41.939922 ], [ -112.12429, 41.939363 ], [ -112.124345, 41.939065 ], [ -112.12438, 41.938918 ], [ -112.124418, 41.938808 ], [ -112.124512, 41.938613 ], [ -112.124534, 41.938404 ], [ -112.124532, 41.938195 ], [ -112.124505, 41.938118 ], [ -112.124495, 41.938111 ], [ -112.124363, 41.937734 ], [ -112.124251, 41.937487 ], [ -112.124082, 41.936964 ], [ -112.124064, 41.936881 ], [ -112.124041, 41.936554 ], [ -112.124017, 41.936211 ], [ -112.124037, 41.935639 ], [ -112.12409, 41.935209 ], [ -112.124161, 41.934785 ], [ -112.124189, 41.934591 ], [ -112.124222, 41.934487 ], [ -112.124207, 41.934457 ], [ -112.124209, 41.934444 ], [ -112.124137, 41.934116 ], [ -112.123962, 41.933775 ], [ -112.123637, 41.933143 ], [ -112.123384, 41.932704 ], [ -112.123246, 41.932472 ], [ -112.123098, 41.93232 ], [ -112.122882, 41.932025 ], [ -112.122748, 41.931651 ], [ -112.122684, 41.931383 ], [ -112.122562, 41.931179 ], [ -112.12254, 41.93112 ], [ -112.122495, 41.930948 ], [ -112.122498, 41.930934 ], [ -112.122528, 41.93075 ], [ -112.12281, 41.930346 ], [ -112.122812, 41.930273 ], [ -112.122815, 41.930096 ], [ -112.122817, 41.930017 ], [ -112.122675, 41.929487 ], [ -112.122411, 41.928891 ], [ -112.122126, 41.928452 ], [ -112.121966, 41.928244 ], [ -112.121924, 41.928171 ], [ -112.121733, 41.928097 ], [ -112.121459, 41.927914 ], [ -112.121276, 41.927714 ], [ -112.120998, 41.927279 ], [ -112.120609, 41.926891 ], [ -112.120091, 41.926324 ], [ -112.12001, 41.926232 ], [ -112.119799, 41.926026 ], [ -112.119157, 41.925175 ], [ -112.118391, 41.924158 ], [ -112.118333, 41.924004 ], [ -112.118407, 41.923715 ], [ -112.118433, 41.923494 ], [ -112.118376, 41.923323 ], [ -112.118222, 41.923122 ], [ -112.117966, 41.922869 ], [ -112.11778, 41.922696 ], [ -112.117498, 41.922429 ], [ -112.117061, 41.922276 ], [ -112.116824, 41.922125 ], [ -112.116723, 41.92191 ], [ -112.116697, 41.921834 ], [ -112.116669, 41.921729 ], [ -112.116634, 41.921629 ], [ -112.116523, 41.921563 ], [ -112.116384, 41.921478 ], [ -112.116166, 41.921314 ], [ -112.116098, 41.921284 ], [ -112.115839, 41.920768 ], [ -112.115189, 41.920021 ], [ -112.115127, 41.919914 ], [ -112.114991, 41.919734 ], [ -112.114867, 41.919465 ], [ -112.114549, 41.919229 ], [ -112.11417, 41.918963 ], [ -112.113925, 41.918713 ], [ -112.113662, 41.918531 ], [ -112.113447, 41.918317 ], [ -112.113026, 41.918046 ], [ -112.112795, 41.91794 ], [ -112.112437, 41.917773 ], [ -112.112186, 41.917586 ], [ -112.111735, 41.917289 ], [ -112.111449, 41.917121 ], [ -112.111248, 41.917023 ], [ -112.111036, 41.916968 ], [ -112.11057, 41.916854 ], [ -112.110056, 41.916796 ], [ -112.109367, 41.91669 ], [ -112.109173, 41.916611 ], [ -112.108808, 41.916439 ], [ -112.108749, 41.916371 ], [ -112.108657, 41.916264 ], [ -112.108654, 41.916253 ], [ -112.108616, 41.916145 ], [ -112.108444, 41.915647 ], [ -112.108209, 41.914933 ], [ -112.10792, 41.914486 ], [ -112.107533, 41.913976 ], [ -112.107462, 41.913799 ], [ -112.107371, 41.913536 ], [ -112.107195, 41.913164 ], [ -112.106982, 41.912792 ], [ -112.106948, 41.912711 ], [ -112.106687, 41.91235 ], [ -112.106616, 41.912295 ], [ -112.106291, 41.912063 ], [ -112.106242, 41.912012 ], [ -112.10623, 41.911999 ], [ -112.106168, 41.911951 ], [ -112.105757, 41.91156 ], [ -112.105385, 41.911091 ], [ -112.10515, 41.910861 ], [ -112.10471, 41.910619 ], [ -112.104316, 41.910502 ], [ -112.103707, 41.910503 ], [ -112.103442, 41.910492 ], [ -112.103345, 41.910489 ], [ -112.103327, 41.910489 ], [ -112.102832, 41.910417 ], [ -112.10204, 41.910303 ], [ -112.101198, 41.910081 ], [ -112.10064, 41.909893 ], [ -112.100099, 41.909637 ], [ -112.099776, 41.909433 ], [ -112.099537, 41.90921 ], [ -112.099232, 41.908974 ], [ -112.099071, 41.908873 ], [ -112.098921, 41.908779 ], [ -112.098907, 41.908773 ], [ -112.098654, 41.908665 ], [ -112.09826, 41.908551 ], [ -112.097999, 41.908432 ], [ -112.097756, 41.908326 ], [ -112.097435, 41.90823 ], [ -112.097047, 41.908101 ], [ -112.097028, 41.908095 ], [ -112.096669, 41.907868 ], [ -112.096363, 41.907628 ], [ -112.096169, 41.907536 ], [ -112.095908, 41.907434 ], [ -112.095605, 41.907343 ], [ -112.094717, 41.907261 ], [ -112.093782, 41.907189 ], [ -112.093505, 41.907112 ], [ -112.093109, 41.907006 ], [ -112.091981, 41.906117 ], [ -112.091814, 41.906005 ], [ -112.091438, 41.905892 ], [ -112.090955, 41.905838 ], [ -112.090584, 41.905743 ], [ -112.090276, 41.905617 ], [ -112.090039, 41.905491 ], [ -112.089504, 41.905244 ], [ -112.089187, 41.905031 ], [ -112.088793, 41.904886 ], [ -112.088298, 41.904859 ], [ -112.088138, 41.904826 ], [ -112.088002, 41.904799 ], [ -112.08751, 41.904592 ], [ -112.087203, 41.904378 ], [ -112.086576, 41.904013 ], [ -112.086169, 41.903713 ], [ -112.085932, 41.90358 ], [ -112.085711, 41.903456 ], [ -112.085658, 41.903416 ], [ -112.085562, 41.903337 ], [ -112.085494, 41.903311 ], [ -112.085124, 41.902793 ], [ -112.084867, 41.902432 ], [ -112.084711, 41.902271 ], [ -112.084654, 41.902211 ], [ -112.084541, 41.902096 ], [ -112.084457, 41.90201 ], [ -112.084366, 41.901917 ], [ -112.084182, 41.901725 ], [ -112.084093, 41.901561 ], [ -112.083361, 41.900327 ], [ -112.082919, 41.899947 ], [ -112.082306, 41.899482 ], [ -112.081952, 41.899222 ], [ -112.081476, 41.898901 ], [ -112.081292, 41.898714 ], [ -112.081163, 41.898536 ], [ -112.081087, 41.898357 ], [ -112.081036, 41.898022 ], [ -112.080946, 41.897785 ], [ -112.080899, 41.897723 ], [ -112.080594, 41.897329 ], [ -112.080497, 41.897204 ], [ -112.080268, 41.89696 ], [ -112.079943, 41.896652 ], [ -112.07939, 41.896063 ], [ -112.079284, 41.895816 ], [ -112.079364, 41.895148 ], [ -112.079416, 41.894693 ], [ -112.079387, 41.894419 ], [ -112.079293, 41.894172 ], [ -112.079255, 41.894111 ], [ -112.07915, 41.893921 ], [ -112.078835, 41.893478 ], [ -112.078815, 41.893453 ], [ -112.07838, 41.89289 ], [ -112.077964, 41.892485 ], [ -112.07677, 41.891739 ], [ -112.076185, 41.891445 ], [ -112.075903, 41.891232 ], [ -112.07575, 41.891036 ], [ -112.075467, 41.890584 ], [ -112.075356, 41.890452 ], [ -112.07532, 41.890278 ], [ -112.075253, 41.890107 ], [ -112.075069, 41.889519 ], [ -112.074914, 41.88862 ], [ -112.074836, 41.888215 ], [ -112.074694, 41.888041 ], [ -112.074479, 41.887822 ], [ -112.074332, 41.887666 ], [ -112.074315, 41.887645 ], [ -112.074098, 41.887362 ], [ -112.073899, 41.886999 ], [ -112.073754, 41.886618 ], [ -112.073582, 41.886435 ], [ -112.073364, 41.88636 ], [ -112.073341, 41.886356 ], [ -112.072255, 41.886143 ], [ -112.072099, 41.886048 ], [ -112.07181, 41.885753 ], [ -112.071662, 41.885498 ], [ -112.071624, 41.885303 ], [ -112.071454, 41.88491 ], [ -112.071175, 41.88462 ], [ -112.070982, 41.884451 ], [ -112.070714, 41.884223 ], [ -112.070436, 41.883935 ], [ -112.070215, 41.883743 ], [ -112.070141, 41.883688 ], [ -112.070027, 41.883604 ], [ -112.069851, 41.883511 ], [ -112.069641, 41.883401 ], [ -112.069589, 41.883373 ], [ -112.069475, 41.883285 ], [ -112.069312, 41.883159 ], [ -112.069044, 41.882953 ], [ -112.068772, 41.88268 ], [ -112.068424, 41.882326 ], [ -112.067974, 41.881867 ], [ -112.067925, 41.881796 ], [ -112.067809, 41.881628 ], [ -112.067779, 41.881585 ], [ -112.067686, 41.881373 ], [ -112.067541, 41.881053 ], [ -112.067476, 41.880907 ], [ -112.067295, 41.880676 ], [ -112.067283, 41.88066 ], [ -112.067135, 41.880335 ], [ -112.067, 41.880008 ], [ -112.066498, 41.879227 ], [ -112.066304, 41.878941 ], [ -112.065918, 41.878553 ], [ -112.065794, 41.878405 ], [ -112.065617, 41.878191 ], [ -112.065559, 41.877986 ], [ -112.065573, 41.877764 ], [ -112.065668, 41.877382 ], [ -112.06568, 41.877331 ], [ -112.065726, 41.877198 ], [ -112.065729, 41.877187 ], [ -112.065762, 41.877091 ], [ -112.065772, 41.877059 ], [ -112.065636, 41.876799 ], [ -112.065535, 41.876747 ], [ -112.065351, 41.87665 ], [ -112.065269, 41.876621 ], [ -112.065047, 41.876544 ], [ -112.065018, 41.876529 ], [ -112.064434, 41.876237 ], [ -112.064409, 41.876225 ], [ -112.06439, 41.876208 ], [ -112.064127, 41.875967 ], [ -112.064005, 41.875807 ], [ -112.063949, 41.875696 ], [ -112.063943, 41.875683 ], [ -112.063858, 41.875513 ], [ -112.063842, 41.875483 ], [ -112.063825, 41.875431 ], [ -112.063784, 41.875312 ], [ -112.063734, 41.87517 ], [ -112.063697, 41.875061 ], [ -112.06385, 41.874564 ], [ -112.063916, 41.874447 ], [ -112.064122, 41.874081 ], [ -112.064147, 41.874012 ], [ -112.064241, 41.873757 ], [ -112.064384, 41.873433 ], [ -112.064417, 41.873268 ], [ -112.064463, 41.873041 ], [ -112.064445, 41.872937 ], [ -112.064385, 41.872835 ], [ -112.064228, 41.872566 ], [ -112.064204, 41.872246 ], [ -112.064265, 41.871931 ], [ -112.064287, 41.871773 ], [ -112.064346, 41.871331 ], [ -112.064644, 41.870774 ], [ -112.06461, 41.870563 ], [ -112.064597, 41.870486 ], [ -112.064573, 41.870447 ], [ -112.064462, 41.870271 ], [ -112.064405, 41.87018 ], [ -112.064373, 41.870128 ], [ -112.064195, 41.869878 ], [ -112.064226, 41.869622 ], [ -112.064291, 41.869461 ], [ -112.064398, 41.86903 ], [ -112.064371, 41.868935 ], [ -112.064329, 41.868786 ], [ -112.064302, 41.868692 ], [ -112.064163, 41.868324 ], [ -112.063982, 41.867952 ], [ -112.06375, 41.867865 ], [ -112.063721, 41.867855 ], [ -112.063138, 41.867897 ], [ -112.062739, 41.867896 ], [ -112.062447, 41.868012 ], [ -112.062089, 41.868204 ], [ -112.061831, 41.868269 ], [ -112.061091, 41.868317 ], [ -112.060606, 41.868408 ], [ -112.060283, 41.868469 ], [ -112.059674, 41.86851 ], [ -112.059443, 41.868498 ], [ -112.059063, 41.868462 ], [ -112.058587, 41.868484 ], [ -112.058259, 41.868311 ], [ -112.057919, 41.868054 ], [ -112.057819, 41.867978 ], [ -112.057482, 41.867629 ], [ -112.057262, 41.867357 ], [ -112.057255, 41.867348 ], [ -112.056967, 41.867053 ], [ -112.056749, 41.866974 ], [ -112.056288, 41.866821 ], [ -112.056051, 41.866692 ], [ -112.055855, 41.866496 ], [ -112.055722, 41.86628 ], [ -112.055633, 41.866058 ], [ -112.055574, 41.866003 ], [ -112.055474, 41.865912 ], [ -112.055399, 41.865843 ], [ -112.055235, 41.865808 ], [ -112.055104, 41.865877 ], [ -112.054916, 41.865901 ], [ -112.054736, 41.865984 ], [ -112.054212, 41.866223 ], [ -112.05387, 41.866355 ], [ -112.053769, 41.866394 ], [ -112.053323, 41.866407 ], [ -112.053051, 41.866333 ], [ -112.052863, 41.866231 ], [ -112.052692, 41.866061 ], [ -112.052531, 41.865861 ], [ -112.052443, 41.865654 ], [ -112.052256, 41.865405 ], [ -112.052031, 41.865108 ], [ -112.051943, 41.864924 ], [ -112.051801, 41.864714 ], [ -112.05163, 41.864558 ], [ -112.051537, 41.864392 ], [ -112.051648, 41.864228 ], [ -112.051906, 41.864126 ], [ -112.052158, 41.864068 ], [ -112.052372, 41.863867 ], [ -112.052521, 41.863597 ], [ -112.052628, 41.863292 ], [ -112.052683, 41.863004 ], [ -112.052628, 41.862639 ], [ -112.052558, 41.862343 ], [ -112.052448, 41.862133 ], [ -112.051999, 41.86147 ], [ -112.051622, 41.86107 ], [ -112.051507, 41.860881 ], [ -112.05141, 41.860628 ], [ -112.051385, 41.860536 ], [ -112.051309, 41.860239 ], [ -112.051215, 41.859779 ], [ -112.051098, 41.859632 ], [ -112.050653, 41.85932 ], [ -112.050341, 41.859111 ], [ -112.049975, 41.858852 ], [ -112.049726, 41.85864 ], [ -112.049651, 41.85846 ], [ -112.049745, 41.858297 ], [ -112.049879, 41.858145 ], [ -112.050017, 41.857947 ], [ -112.050098, 41.85779 ], [ -112.050153, 41.857465 ], [ -112.050148, 41.857376 ], [ -112.050135, 41.857132 ], [ -112.05009, 41.856957 ], [ -112.049906, 41.856747 ], [ -112.049827, 41.856681 ], [ -112.049723, 41.8566 ], [ -112.049643, 41.856551 ], [ -112.049352, 41.856374 ], [ -112.049153, 41.856006 ], [ -112.049143, 41.855878 ], [ -112.049127, 41.855651 ], [ -112.049106, 41.855349 ], [ -112.049018, 41.855201 ], [ -112.048877, 41.854964 ], [ -112.048705, 41.854794 ], [ -112.048642, 41.854624 ], [ -112.048688, 41.854398 ], [ -112.048698, 41.854353 ], [ -112.048676, 41.85411 ], [ -112.048583, 41.853944 ], [ -112.048343, 41.853636 ], [ -112.048094, 41.853329 ], [ -112.047997, 41.853213 ], [ -112.047729, 41.852882 ], [ -112.047331, 41.852277 ], [ -112.04699, 41.851792 ], [ -112.046887, 41.851643 ], [ -112.046809, 41.851533 ], [ -112.046611, 41.851211 ], [ -112.046498, 41.850937 ], [ -112.046582, 41.850783 ], [ -112.046899, 41.850416 ], [ -112.047124, 41.850045 ], [ -112.04727, 41.849803 ], [ -112.047363, 41.84965 ], [ -112.047802, 41.848819 ], [ -112.047946, 41.848492 ], [ -112.047994, 41.848328 ], [ -112.04806, 41.848108 ], [ -112.048021, 41.847915 ], [ -112.047688, 41.847445 ], [ -112.047495, 41.847254 ], [ -112.047425, 41.847193 ], [ -112.047043, 41.847041 ], [ -112.046807, 41.846967 ], [ -112.046653, 41.846788 ], [ -112.046749, 41.846368 ], [ -112.046791, 41.846095 ], [ -112.046811, 41.845967 ], [ -112.046845, 41.845748 ], [ -112.046614, 41.844915 ], [ -112.046266, 41.844225 ], [ -112.045857, 41.843355 ], [ -112.045808, 41.842933 ], [ -112.045875, 41.842634 ], [ -112.046133, 41.842213 ], [ -112.046154, 41.842036 ], [ -112.045768, 41.841475 ], [ -112.045365, 41.840785 ], [ -112.044649, 41.839553 ], [ -112.044005, 41.838548 ], [ -112.043824, 41.838278 ], [ -112.043693, 41.838082 ], [ -112.043618, 41.837968 ], [ -112.043594, 41.837932 ], [ -112.043347, 41.837568 ], [ -112.043294, 41.837475 ], [ -112.043251, 41.837398 ], [ -112.043097, 41.837144 ], [ -112.042679, 41.836444 ], [ -112.042316, 41.835806 ], [ -112.042065, 41.835364 ], [ -112.041598, 41.834748 ], [ -112.041022, 41.83377 ], [ -112.040817, 41.833423 ], [ -112.040616, 41.833243 ], [ -112.040385, 41.833042 ], [ -112.040218, 41.832845 ], [ -112.040063, 41.832595 ], [ -112.039861, 41.832229 ], [ -112.039776, 41.832076 ], [ -112.039672, 41.831883 ], [ -112.03943, 41.831412 ], [ -112.039268, 41.831121 ], [ -112.039178, 41.83096 ], [ -112.039016, 41.830679 ], [ -112.038861, 41.830457 ], [ -112.038776, 41.830381 ], [ -112.038488, 41.830128 ], [ -112.038397, 41.830016 ], [ -112.038244, 41.829828 ], [ -112.038156, 41.829721 ], [ -112.038195, 41.829358 ], [ -112.0382, 41.82933 ], [ -112.038309, 41.829102 ], [ -112.038354, 41.828935 ], [ -112.038393, 41.828714 ], [ -112.038323, 41.828517 ], [ -112.03826, 41.828315 ], [ -112.03807, 41.828082 ], [ -112.037604, 41.827618 ], [ -112.037367, 41.827472 ], [ -112.0371, 41.827406 ], [ -112.036822, 41.827387 ], [ -112.036747, 41.827389 ], [ -112.036094, 41.827402 ], [ -112.035847, 41.827382 ], [ -112.035743, 41.827362 ], [ -112.03546, 41.827314 ], [ -112.035441, 41.827257 ], [ -112.035432, 41.827232 ], [ -112.035399, 41.827177 ], [ -112.035308, 41.827027 ], [ -112.035315, 41.82678 ], [ -112.035312, 41.82673 ], [ -112.035308, 41.826664 ], [ -112.035298, 41.826479 ], [ -112.03523, 41.826099 ], [ -112.035215, 41.825959 ], [ -112.035161, 41.825794 ], [ -112.035088, 41.825488 ], [ -112.035047, 41.824844 ], [ -112.03502, 41.824513 ], [ -112.034948, 41.824148 ], [ -112.034811, 41.823925 ], [ -112.034556, 41.823791 ], [ -112.034291, 41.823757 ], [ -112.03426, 41.82376 ], [ -112.033513, 41.823778 ], [ -112.033207, 41.823722 ], [ -112.033108, 41.823556 ], [ -112.033082, 41.823387 ], [ -112.033005, 41.823188 ], [ -112.032877, 41.823031 ], [ -112.032621, 41.82289 ], [ -112.031957, 41.822396 ], [ -112.031761, 41.822176 ], [ -112.031095, 41.821705 ], [ -112.030897, 41.82161 ], [ -112.03043, 41.821473 ], [ -112.030178, 41.821385 ], [ -112.029585, 41.821172 ], [ -112.029116, 41.820851 ], [ -112.028743, 41.820447 ], [ -112.028495, 41.820111 ], [ -112.028355, 41.819731 ], [ -112.0283, 41.819304 ], [ -112.028292, 41.819185 ], [ -112.028302, 41.819135 ], [ -112.028401, 41.818864 ], [ -112.028942, 41.818157 ], [ -112.029078, 41.81801 ], [ -112.029949, 41.817126 ], [ -112.030091, 41.816929 ], [ -112.030179, 41.816806 ], [ -112.030366, 41.816531 ], [ -112.030418, 41.816456 ], [ -112.030616, 41.816206 ], [ -112.030778, 41.816043 ], [ -112.030871, 41.815857 ], [ -112.030917, 41.815668 ], [ -112.030936, 41.815501 ], [ -112.030922, 41.815357 ], [ -112.030881, 41.814997 ], [ -112.030849, 41.814924 ], [ -112.03076, 41.814724 ], [ -112.030632, 41.8145 ], [ -112.030378, 41.814127 ], [ -112.030207, 41.813877 ], [ -112.03008, 41.813711 ], [ -112.029731, 41.813251 ], [ -112.029499, 41.812901 ], [ -112.029399, 41.812682 ], [ -112.029354, 41.812448 ], [ -112.02936, 41.812106 ], [ -112.02938, 41.812026 ], [ -112.029456, 41.8117 ], [ -112.029612, 41.811311 ], [ -112.029878, 41.811003 ], [ -112.030071, 41.810848 ], [ -112.03014, 41.810793 ], [ -112.03037, 41.810522 ], [ -112.030468, 41.810263 ], [ -112.030483, 41.810047 ], [ -112.030413, 41.809845 ], [ -112.030115, 41.809231 ], [ -112.029818, 41.808738 ], [ -112.029718, 41.8085 ], [ -112.029522, 41.808335 ], [ -112.028847, 41.807941 ], [ -112.028775, 41.807901 ], [ -112.028199, 41.807609 ], [ -112.027852, 41.807322 ], [ -112.027417, 41.806936 ], [ -112.027206, 41.806865 ], [ -112.026717, 41.806766 ], [ -112.025188, 41.806656 ], [ -112.024614, 41.806623 ], [ -112.024181, 41.806573 ], [ -112.023871, 41.806472 ], [ -112.023634, 41.806348 ], [ -112.0235, 41.806246 ], [ -112.023439, 41.806192 ], [ -112.023273, 41.805991 ], [ -112.023176, 41.805784 ], [ -112.022881, 41.805636 ], [ -112.022785, 41.805585 ], [ -112.022352, 41.805585 ], [ -112.022047, 41.805639 ], [ -112.021626, 41.805713 ], [ -112.021204, 41.805739 ], [ -112.020958, 41.805723 ], [ -112.020883, 41.805706 ], [ -112.020842, 41.805692 ], [ -112.020686, 41.805649 ], [ -112.020438, 41.805588 ], [ -112.019809, 41.8054 ], [ -112.01947, 41.805254 ], [ -112.019348, 41.805202 ], [ -112.019243, 41.805147 ], [ -112.019083, 41.805064 ], [ -112.019015, 41.805029 ], [ -112.018723, 41.804838 ], [ -112.018188, 41.804568 ], [ -112.017756, 41.804194 ], [ -112.017128, 41.803722 ], [ -112.016582, 41.803456 ], [ -112.016278, 41.803234 ], [ -112.016009, 41.803007 ], [ -112.015382, 41.802512 ], [ -112.015037, 41.802196 ], [ -112.014838, 41.802013 ], [ -112.01461, 41.801834 ], [ -112.014418, 41.801683 ], [ -112.014271, 41.801522 ], [ -112.014129, 41.801343 ], [ -112.014036, 41.801174 ], [ -112.014024, 41.801151 ], [ -112.01381, 41.800816 ], [ -112.013495, 41.800453 ], [ -112.01324, 41.800158 ], [ -112.012993, 41.799872 ], [ -112.012692, 41.799415 ], [ -112.012523, 41.799088 ], [ -112.012243, 41.798527 ], [ -112.012114, 41.798366 ], [ -112.011864, 41.798143 ], [ -112.011498, 41.79785 ], [ -112.011118, 41.797566 ], [ -112.010862, 41.797373 ], [ -112.010836, 41.797354 ], [ -112.010725, 41.797271 ], [ -112.010533, 41.797109 ], [ -112.010292, 41.796905 ], [ -112.009937, 41.796516 ], [ -112.009722, 41.796253 ], [ -112.009583, 41.796082 ], [ -112.009513, 41.795998 ], [ -112.009303, 41.795719 ], [ -112.009277, 41.79569 ], [ -112.009273, 41.79568 ], [ -112.009065, 41.795403 ], [ -112.008789, 41.795077 ], [ -112.008696, 41.794902 ], [ -112.008626, 41.794637 ], [ -112.008646, 41.794425 ], [ -112.008704, 41.794244 ], [ -112.008708, 41.794235 ], [ -112.008809, 41.794027 ], [ -112.009173, 41.793448 ], [ -112.009418, 41.793045 ], [ -112.009565, 41.792737 ], [ -112.009611, 41.792498 ], [ -112.009619, 41.792457 ], [ -112.009627, 41.792093 ], [ -112.009676, 41.791813 ], [ -112.009763, 41.791573 ], [ -112.009812, 41.791267 ], [ -112.009705, 41.79093 ], [ -112.009562, 41.790629 ], [ -112.009532, 41.79026 ], [ -112.009546, 41.790179 ], [ -112.009564, 41.790076 ], [ -112.009669, 41.789782 ], [ -112.009972, 41.789153 ], [ -112.009994, 41.789082 ], [ -112.010149, 41.788589 ], [ -112.010262, 41.788271 ], [ -112.010293, 41.788182 ], [ -112.010349, 41.787952 ], [ -112.010418, 41.787726 ], [ -112.01062, 41.787526 ], [ -112.010864, 41.787375 ], [ -112.011024, 41.787201 ], [ -112.011142, 41.787071 ], [ -112.011583, 41.786396 ], [ -112.011592, 41.786379 ], [ -112.011682, 41.786203 ], [ -112.011703, 41.785986 ], [ -112.011702, 41.785936 ], [ -112.0117, 41.785793 ], [ -112.0117, 41.785779 ], [ -112.011652, 41.785396 ], [ -112.011672, 41.78518 ], [ -112.011717, 41.784981 ], [ -112.011879, 41.784656 ], [ -112.012052, 41.784328 ], [ -112.01226, 41.783932 ], [ -112.012397, 41.783685 ], [ -112.012804, 41.782945 ], [ -112.013055, 41.782398 ], [ -112.013302, 41.782058 ], [ -112.01355, 41.781759 ], [ -112.013805, 41.781513 ], [ -112.014022, 41.781187 ], [ -112.014096, 41.780907 ], [ -112.014274, 41.780721 ], [ -112.014573, 41.78066 ], [ -112.014875, 41.780693 ], [ -112.015225, 41.780747 ], [ -112.015375, 41.78077 ], [ -112.016206, 41.780816 ], [ -112.017025, 41.780836 ], [ -112.017386, 41.780829 ], [ -112.017692, 41.780763 ], [ -112.018045, 41.780679 ], [ -112.018651, 41.78052 ], [ -112.019949, 41.780049 ], [ -112.020701, 41.779664 ], [ -112.021058, 41.779458 ], [ -112.021581, 41.779039 ], [ -112.021913, 41.778797 ], [ -112.022043, 41.778701 ], [ -112.022099, 41.77866 ], [ -112.023047, 41.778153 ], [ -112.024168, 41.777494 ], [ -112.025404, 41.776907 ], [ -112.026043, 41.77659 ], [ -112.026371, 41.776412 ], [ -112.026599, 41.77605 ], [ -112.026595, 41.77591 ], [ -112.026587, 41.775797 ], [ -112.026587, 41.775676 ], [ -112.026463, 41.775554 ], [ -112.026323, 41.775423 ], [ -112.026244, 41.775346 ], [ -112.026092, 41.775171 ], [ -112.026035, 41.774996 ], [ -112.026037, 41.77474 ], [ -112.026032, 41.774451 ], [ -112.025929, 41.773975 ], [ -112.026029, 41.773506 ], [ -112.026323, 41.772692 ], [ -112.026551, 41.772276 ], [ -112.026672, 41.772176 ], [ -112.026839, 41.772052 ], [ -112.027038, 41.771925 ], [ -112.027183, 41.771873 ], [ -112.027357, 41.771833 ], [ -112.027485, 41.771811 ], [ -112.027677, 41.771782 ], [ -112.02786, 41.771773 ], [ -112.027984, 41.771657 ], [ -112.028395, 41.771273 ], [ -112.028438, 41.771235 ], [ -112.030506, 41.769308 ], [ -112.032994, 41.766999 ], [ -112.033171, 41.766824 ], [ -112.033132, 41.766309 ], [ -112.033113, 41.766052 ], [ -112.033114, 41.765996 ], [ -112.033051, 41.765285 ], [ -112.032771, 41.761513 ], [ -112.032735, 41.761045 ], [ -112.032726, 41.760909 ], [ -112.032625, 41.760806 ], [ -112.032424, 41.760598 ], [ -112.032244, 41.760415 ], [ -112.032099, 41.760263 ], [ -112.031969, 41.760129 ], [ -112.031826, 41.759981 ], [ -112.031514, 41.75966 ], [ -112.031386, 41.759528 ], [ -112.031456, 41.759395 ], [ -112.031511, 41.75929 ], [ -112.031567, 41.759183 ], [ -112.031645, 41.759034 ], [ -112.03171, 41.758908 ], [ -112.031796, 41.758745 ], [ -112.031991, 41.758373 ], [ -112.032316, 41.757751 ], [ -112.032605, 41.757197 ], [ -112.032549, 41.757112 ], [ -112.03246, 41.756979 ], [ -112.032429, 41.756833 ], [ -112.032418, 41.75678 ], [ -112.032402, 41.756705 ], [ -112.032316, 41.756587 ], [ -112.032223, 41.756454 ], [ -112.032111, 41.756199 ], [ -112.032138, 41.756013 ], [ -112.032243, 41.755833 ], [ -112.032345, 41.755605 ], [ -112.032349, 41.755583 ], [ -112.032379, 41.755223 ], [ -112.032393, 41.755066 ], [ -112.032421, 41.754183 ], [ -112.032609, 41.753478 ], [ -112.033063, 41.75256 ], [ -112.033211, 41.752014 ], [ -112.033251, 41.751563 ], [ -112.033277, 41.751261 ], [ -112.033367, 41.750878 ], [ -112.033498, 41.750462 ], [ -112.033598, 41.750295 ], [ -112.033798, 41.750031 ], [ -112.033858, 41.749955 ], [ -112.033859, 41.74994 ], [ -112.033869, 41.749653 ], [ -112.034177, 41.749418 ], [ -112.034192, 41.749408 ], [ -112.034742, 41.749061 ], [ -112.035225, 41.748632 ], [ -112.035488, 41.748148 ], [ -112.035912, 41.747564 ], [ -112.035992, 41.747449 ], [ -112.03621, 41.747132 ], [ -112.036232, 41.747084 ], [ -112.036449, 41.746617 ], [ -112.036711, 41.74606 ], [ -112.036897, 41.745635 ], [ -112.037136, 41.74521 ], [ -112.037177, 41.744732 ], [ -112.037247, 41.744214 ], [ -112.037188, 41.743921 ], [ -112.037159, 41.743647 ], [ -112.037209, 41.743372 ], [ -112.037469, 41.743108 ], [ -112.037862, 41.74283 ], [ -112.038137, 41.742539 ], [ -112.038239, 41.742433 ], [ -112.038317, 41.742349 ], [ -112.038895, 41.741645 ], [ -112.03931, 41.741254 ], [ -112.039868, 41.740826 ], [ -112.040323, 41.740326 ], [ -112.040784, 41.739824 ], [ -112.040831, 41.739768 ], [ -112.041364, 41.73925 ], [ -112.041726, 41.738972 ], [ -112.042236, 41.738485 ], [ -112.043222, 41.737062 ], [ -112.043601, 41.73623 ], [ -112.043791, 41.735787 ], [ -112.043975, 41.735254 ], [ -112.043992, 41.734848 ], [ -112.043915, 41.73452 ], [ -112.043788, 41.734134 ], [ -112.043563, 41.733898 ], [ -112.043322, 41.733648 ], [ -112.043262, 41.733585 ], [ -112.043009, 41.733182 ], [ -112.042804, 41.732779 ], [ -112.04275, 41.732504 ], [ -112.04285, 41.732265 ], [ -112.042888, 41.732064 ], [ -112.042933, 41.730863 ], [ -112.042984, 41.730798 ], [ -112.043018, 41.730755 ], [ -112.043383, 41.730643 ], [ -112.043777, 41.730491 ], [ -112.044163, 41.730195 ], [ -112.04438, 41.729842 ], [ -112.044547, 41.729363 ], [ -112.044588, 41.728957 ], [ -112.044652, 41.728461 ], [ -112.044719, 41.728145 ], [ -112.044815, 41.727925 ], [ -112.044948, 41.727672 ], [ -112.045018, 41.727433 ], [ -112.045025, 41.727354 ], [ -112.044924, 41.72704 ], [ -112.044822, 41.726672 ], [ -112.044761, 41.726271 ], [ -112.044728, 41.7257 ], [ -112.044672, 41.725259 ], [ -112.044639, 41.724651 ], [ -112.044828, 41.724083 ], [ -112.045007, 41.723252 ], [ -112.044901, 41.722681 ], [ -112.044871, 41.722276 ], [ -112.044862, 41.721744 ], [ -112.04495, 41.721154 ], [ -112.045017, 41.72055 ], [ -112.045081, 41.720066 ], [ -112.045196, 41.719737 ], [ -112.045319, 41.719411 ], [ -112.045432, 41.719109 ], [ -112.045472, 41.718577 ], [ -112.045392, 41.718078 ], [ -112.045353, 41.717795 ], [ -112.045228, 41.716886 ], [ -112.045141, 41.716316 ], [ -112.044989, 41.715857 ], [ -112.044944, 41.715794 ], [ -112.044843, 41.715641 ], [ -112.044533, 41.715181 ], [ -112.044254, 41.714648 ], [ -112.044054, 41.714136 ], [ -112.043896, 41.713715 ], [ -112.043785, 41.713396 ], [ -112.043613, 41.712906 ], [ -112.043401, 41.712496 ], [ -112.04316, 41.712028 ], [ -112.042901, 41.711261 ], [ -112.042742, 41.710708 ], [ -112.042792, 41.710433 ], [ -112.043272, 41.710023 ], [ -112.043422, 41.709902 ], [ -112.044073, 41.70939 ], [ -112.04519, 41.708627 ], [ -112.046237, 41.708321 ], [ -112.046947, 41.707985 ], [ -112.047746, 41.707262 ], [ -112.048747, 41.706721 ], [ -112.049411, 41.706522 ], [ -112.049936, 41.706301 ], [ -112.050317, 41.706036 ], [ -112.050492, 41.705818 ], [ -112.050538, 41.705749 ], [ -112.05058, 41.705586 ], [ -112.050883, 41.705224 ], [ -112.05118, 41.704973 ], [ -112.051246, 41.704872 ], [ -112.051469, 41.704526 ], [ -112.051605, 41.704241 ], [ -112.05165, 41.704146 ], [ -112.051664, 41.703921 ], [ -112.05159, 41.703746 ], [ -112.051249, 41.703154 ], [ -112.051235, 41.703096 ], [ -112.051146, 41.702741 ], [ -112.051153, 41.702376 ], [ -112.051227, 41.702051 ], [ -112.051443, 41.701414 ], [ -112.051702, 41.700723 ], [ -112.051862, 41.700163 ], [ -112.051869, 41.699906 ], [ -112.051737, 41.699552 ], [ -112.051553, 41.699306 ], [ -112.051229, 41.698939 ], [ -112.051111, 41.69883 ], [ -112.050893, 41.698627 ], [ -112.05058, 41.698283 ], [ -112.050433, 41.698063 ], [ -112.0501, 41.6975 ], [ -112.049714, 41.697075 ], [ -112.04955, 41.696937 ], [ -112.049228, 41.69671 ], [ -112.049183, 41.696549 ], [ -112.049355, 41.696038 ], [ -112.049468, 41.695587 ], [ -112.049454, 41.695087 ], [ -112.04939, 41.694849 ], [ -112.04929, 41.694629 ], [ -112.049155, 41.69445 ], [ -112.048951, 41.694269 ], [ -112.048387, 41.693804 ], [ -112.047877, 41.693377 ], [ -112.047682, 41.693221 ], [ -112.047491, 41.693029 ], [ -112.047505, 41.692826 ], [ -112.047515, 41.692766 ], [ -112.047575, 41.692614 ], [ -112.047679, 41.69205 ], [ -112.047506, 41.691349 ], [ -112.047384, 41.690855 ], [ -112.047186, 41.690501 ], [ -112.047053, 41.69023 ], [ -112.046983, 41.690087 ], [ -112.046933, 41.689969 ], [ -112.04685, 41.689513 ], [ -112.046746, 41.688942 ], [ -112.046714, 41.688789 ], [ -112.046484, 41.688314 ], [ -112.046269, 41.688041 ], [ -112.045988, 41.687787 ], [ -112.045635, 41.687479 ], [ -112.045365, 41.687131 ], [ -112.045072, 41.68685 ], [ -112.044831, 41.686676 ], [ -112.044738, 41.686609 ], [ -112.044338, 41.686388 ], [ -112.043667, 41.686146 ], [ -112.04299, 41.685923 ], [ -112.042502, 41.685819 ], [ -112.042165, 41.685804 ], [ -112.041762, 41.685776 ], [ -112.041309, 41.685623 ], [ -112.040874, 41.685424 ], [ -112.039996, 41.685013 ], [ -112.039058, 41.684576 ], [ -112.038867, 41.684458 ], [ -112.038499, 41.68423 ], [ -112.03811, 41.683949 ], [ -112.037364, 41.683483 ], [ -112.036918, 41.683041 ], [ -112.036626, 41.682796 ], [ -112.036191, 41.682664 ], [ -112.035837, 41.682646 ], [ -112.035374, 41.68266 ], [ -112.034682, 41.682553 ], [ -112.033988, 41.682374 ], [ -112.033372, 41.682191 ], [ -112.032835, 41.682051 ], [ -112.032335, 41.681965 ], [ -112.03201, 41.681928 ], [ -112.031562, 41.681972 ], [ -112.031309, 41.682002 ], [ -112.031206, 41.681994 ], [ -112.031128, 41.68199 ], [ -112.031068, 41.681973 ], [ -112.030904, 41.681839 ], [ -112.030767, 41.681489 ], [ -112.030541, 41.680937 ], [ -112.030319, 41.680615 ], [ -112.030262, 41.680435 ], [ -112.030247, 41.680215 ], [ -112.030215, 41.679733 ], [ -112.029976, 41.679028 ], [ -112.029882, 41.678752 ], [ -112.029723, 41.678562 ], [ -112.029484, 41.678317 ], [ -112.028949, 41.67756 ], [ -112.028567, 41.676951 ], [ -112.028389, 41.676562 ], [ -112.028328, 41.676278 ], [ -112.028339, 41.675845 ], [ -112.028146, 41.675379 ], [ -112.027876, 41.675021 ], [ -112.027576, 41.674722 ], [ -112.027459, 41.674511 ], [ -112.027414, 41.674336 ], [ -112.027362, 41.674084 ], [ -112.027345, 41.67376 ], [ -112.027371, 41.673648 ], [ -112.027396, 41.673544 ], [ -112.027556, 41.673047 ], [ -112.027625, 41.672483 ], [ -112.027612, 41.672019 ], [ -112.027517, 41.671759 ], [ -112.027382, 41.67161 ], [ -112.027229, 41.671478 ], [ -112.026974, 41.671223 ], [ -112.026754, 41.670991 ], [ -112.026564, 41.670723 ], [ -112.026397, 41.670413 ], [ -112.026061, 41.670056 ], [ -112.025694, 41.669668 ], [ -112.025366, 41.669124 ], [ -112.025191, 41.66869 ], [ -112.024947, 41.668391 ], [ -112.02423, 41.667852 ], [ -112.023328, 41.667383 ], [ -112.023023, 41.667088 ], [ -112.022655, 41.66665 ], [ -112.022306, 41.666181 ], [ -112.021824, 41.665708 ], [ -112.021251, 41.665181 ], [ -112.02049, 41.664544 ], [ -112.019908, 41.664207 ], [ -112.019255, 41.663947 ], [ -112.018957, 41.663747 ], [ -112.018743, 41.663556 ], [ -112.018585, 41.663309 ], [ -112.018469, 41.663079 ], [ -112.018306, 41.662753 ], [ -112.018218, 41.662556 ], [ -112.018181, 41.662514 ], [ -112.018023, 41.662337 ], [ -112.017829, 41.662213 ], [ -112.01767, 41.662079 ], [ -112.017313, 41.661564 ], [ -112.017309, 41.66151 ], [ -112.017293, 41.66128 ], [ -112.017301, 41.6611 ], [ -112.017289, 41.661052 ], [ -112.017249, 41.660889 ], [ -112.017095, 41.66062 ], [ -112.016782, 41.660168 ], [ -112.016507, 41.659522 ], [ -112.016339, 41.659122 ], [ -112.016165, 41.658885 ], [ -112.016056, 41.658736 ], [ -112.016047, 41.658724 ], [ -112.015894, 41.658411 ], [ -112.015874, 41.658275 ], [ -112.01587, 41.657645 ], [ -112.015874, 41.657068 ], [ -112.015807, 41.656847 ], [ -112.01576, 41.656691 ], [ -112.015624, 41.656395 ], [ -112.015528, 41.656103 ], [ -112.015463, 41.655761 ], [ -112.015403, 41.655482 ], [ -112.015385, 41.655397 ], [ -112.015345, 41.655141 ], [ -112.015253, 41.654923 ], [ -112.015232, 41.654867 ], [ -112.015011, 41.654509 ], [ -112.01485, 41.654218 ], [ -112.014739, 41.65398 ], [ -112.014571, 41.653662 ], [ -112.014326, 41.653326 ], [ -112.014199, 41.652872 ], [ -112.014213, 41.652602 ], [ -112.01419, 41.652332 ], [ -112.014018, 41.651975 ], [ -112.013811, 41.65121 ], [ -112.013525, 41.650516 ], [ -112.013443, 41.650007 ], [ -112.013125, 41.64928 ], [ -112.012892, 41.648683 ], [ -112.012857, 41.648478 ], [ -112.012742, 41.648067 ], [ -112.012766, 41.647639 ], [ -112.012882, 41.647381 ], [ -112.013157, 41.64691 ], [ -112.013461, 41.646422 ], [ -112.013671, 41.646036 ], [ -112.013803, 41.645648 ], [ -112.013949, 41.645336 ], [ -112.014007, 41.645181 ], [ -112.014042, 41.644991 ], [ -112.013712, 41.644482 ], [ -112.013721, 41.644442 ], [ -112.013681, 41.644352 ], [ -112.013684, 41.644154 ], [ -112.013788, 41.643914 ], [ -112.01406, 41.64364 ], [ -112.014438, 41.643341 ], [ -112.014653, 41.643177 ], [ -112.014807, 41.643018 ], [ -112.015008, 41.642773 ], [ -112.015283, 41.642352 ], [ -112.01552, 41.641809 ], [ -112.015497, 41.64149 ], [ -112.015432, 41.641161 ], [ -112.015345, 41.641024 ], [ -112.015254, 41.640879 ], [ -112.015223, 41.64083 ], [ -112.014988, 41.640472 ], [ -112.01478, 41.640153 ], [ -112.014272, 41.639568 ], [ -112.013812, 41.638864 ], [ -112.013625, 41.638541 ], [ -112.013299, 41.637974 ], [ -112.013027, 41.637472 ], [ -112.012851, 41.636996 ], [ -112.012843, 41.636829 ], [ -112.01288, 41.636523 ], [ -112.013003, 41.636337 ], [ -112.013197, 41.63607 ], [ -112.013223, 41.635931 ], [ -112.013253, 41.635785 ], [ -112.01312, 41.635654 ], [ -112.013027, 41.635562 ], [ -112.012445, 41.635212 ], [ -112.012026, 41.634816 ], [ -112.011775, 41.634617 ], [ -112.011208, 41.634343 ], [ -112.010461, 41.633983 ], [ -112.009895, 41.633779 ], [ -112.00945, 41.633689 ], [ -112.009082, 41.633557 ], [ -112.008732, 41.633452 ], [ -112.008444, 41.63345 ], [ -112.008131, 41.633417 ], [ -112.007926, 41.633337 ], [ -112.007642, 41.633142 ], [ -112.007386, 41.632973 ], [ -112.007281, 41.632816 ], [ -112.00717, 41.632728 ], [ -112.006959, 41.632562 ], [ -112.006693, 41.632434 ], [ -112.00656, 41.632373 ], [ -112.006439, 41.632313 ], [ -112.006183, 41.632093 ], [ -112.006117, 41.632022 ], [ -112.006106, 41.632015 ], [ -112.005988, 41.631891 ], [ -112.005796, 41.631501 ], [ -112.005618, 41.631241 ], [ -112.005397, 41.630937 ], [ -112.005275, 41.630696 ], [ -112.005075, 41.630145 ], [ -112.005, 41.630002 ], [ -112.004859, 41.629815 ], [ -112.004638, 41.629624 ], [ -112.004528, 41.629444 ], [ -112.004616, 41.629349 ], [ -112.004609, 41.6293 ], [ -112.00495, 41.629053 ], [ -112.005875, 41.628451 ], [ -112.006362, 41.628145 ], [ -112.006617, 41.627958 ], [ -112.007078, 41.627499 ], [ -112.007123, 41.627399 ], [ -112.007213, 41.627201 ], [ -112.00732, 41.626835 ], [ -112.007392, 41.626357 ], [ -112.007382, 41.626318 ], [ -112.007333, 41.626123 ], [ -112.007311, 41.625884 ], [ -112.007312, 41.625805 ], [ -112.007325, 41.625607 ], [ -112.007249, 41.624975 ], [ -112.007252, 41.624936 ], [ -112.007401, 41.624541 ], [ -112.007523, 41.624221 ], [ -112.007536, 41.624075 ], [ -112.007707, 41.623522 ], [ -112.007693, 41.623396 ], [ -112.007673, 41.623326 ], [ -112.007468, 41.622871 ], [ -112.007293, 41.622404 ], [ -112.007083, 41.621979 ], [ -112.007021, 41.621852 ], [ -112.006766, 41.621301 ], [ -112.006691, 41.621121 ], [ -112.006513, 41.620861 ], [ -112.006417, 41.620752 ], [ -112.00633, 41.620651 ], [ -112.006237, 41.620454 ], [ -112.006235, 41.620441 ], [ -112.006202, 41.620175 ], [ -112.006242, 41.619682 ], [ -112.006248, 41.619624 ], [ -112.006287, 41.619075 ], [ -112.006256, 41.618625 ], [ -112.006146, 41.618122 ], [ -112.006044, 41.617749 ], [ -112.005984, 41.61734 ], [ -112.005901, 41.616629 ], [ -112.005941, 41.616067 ], [ -112.005946, 41.616033 ], [ -112.006016, 41.615511 ], [ -112.006096, 41.615286 ], [ -112.006258, 41.614869 ], [ -112.006278, 41.614653 ], [ -112.006148, 41.614352 ], [ -112.005855, 41.614067 ], [ -112.00557, 41.613862 ], [ -112.005068, 41.613592 ], [ -112.004531, 41.613296 ], [ -112.004319, 41.613136 ], [ -112.003867, 41.612769 ], [ -112.003696, 41.612568 ], [ -112.003674, 41.612516 ], [ -112.003654, 41.611587 ], [ -112.003722, 41.611173 ], [ -112.00375, 41.610673 ], [ -112.003742, 41.610559 ], [ -112.003681, 41.609735 ], [ -112.003686, 41.609534 ], [ -112.003696, 41.609476 ], [ -112.003712, 41.609375 ], [ -112.003858, 41.609094 ], [ -112.003986, 41.608854 ], [ -112.004019, 41.608674 ], [ -112.003969, 41.608116 ], [ -112.003982, 41.607778 ], [ -112.004037, 41.607476 ], [ -112.004134, 41.606988 ], [ -112.004486, 41.605986 ], [ -112.004578, 41.605822 ], [ -112.004634, 41.605773 ], [ -112.0049, 41.60555 ], [ -112.005029, 41.605328 ], [ -112.005098, 41.60512 ], [ -112.005196, 41.604872 ], [ -112.005256, 41.60467 ], [ -112.005322, 41.604447 ], [ -112.005421, 41.604253 ], [ -112.005764, 41.603935 ], [ -112.005844, 41.603832 ], [ -112.006013, 41.603551 ], [ -112.006201, 41.60312 ], [ -112.006748, 41.602288 ], [ -112.006927, 41.602004 ], [ -112.007139, 41.601666 ], [ -112.007405, 41.601289 ], [ -112.007544, 41.601094 ], [ -112.007682, 41.600756 ], [ -112.007729, 41.600635 ], [ -112.007765, 41.600288 ], [ -112.007721, 41.59977 ], [ -112.007619, 41.599383 ], [ -112.00744, 41.599074 ], [ -112.007147, 41.598743 ], [ -112.0069, 41.598477 ], [ -112.006783, 41.598351 ], [ -112.006659, 41.598216 ], [ -112.006369, 41.597782 ], [ -112.006289, 41.597553 ], [ -112.006257, 41.597436 ], [ -112.006265, 41.597206 ], [ -112.00628, 41.597171 ], [ -112.006364, 41.596971 ], [ -112.006449, 41.596651 ], [ -112.006449, 41.596624 ], [ -112.006451, 41.596385 ], [ -112.006435, 41.595764 ], [ -112.006324, 41.595197 ], [ -112.006298, 41.595035 ], [ -112.006269, 41.594333 ], [ -112.006367, 41.593697 ], [ -112.006381, 41.593052 ], [ -112.006351, 41.592693 ], [ -112.006348, 41.592504 ], [ -112.006481, 41.592138 ], [ -112.006682, 41.591917 ], [ -112.006705, 41.591893 ], [ -112.006717, 41.591729 ], [ -112.006599, 41.591628 ], [ -112.006275, 41.591476 ], [ -112.005994, 41.591318 ], [ -112.005641, 41.591019 ], [ -112.00533, 41.590707 ], [ -112.00533, 41.590382 ], [ -112.00533, 41.590288 ], [ -112.005193, 41.589997 ], [ -112.004988, 41.589863 ], [ -112.004933, 41.589828 ], [ -112.004756, 41.589663 ], [ -112.004584, 41.589376 ], [ -112.004539, 41.589192 ], [ -112.004518, 41.589148 ], [ -112.004437, 41.589025 ], [ -112.00435, 41.588792 ], [ -112.004337, 41.588757 ], [ -112.004149, 41.588437 ], [ -112.003975, 41.588009 ], [ -112.003887, 41.587771 ], [ -112.003853, 41.587519 ], [ -112.00379, 41.587322 ], [ -112.003709, 41.587097 ], [ -112.003699, 41.586895 ], [ -112.003708, 41.586763 ], [ -112.003699, 41.586723 ], [ -112.003702, 41.586663 ], [ -112.003733, 41.586345 ], [ -112.003683, 41.5862 ], [ -112.003652, 41.586141 ], [ -112.003188, 41.585641 ], [ -112.002932, 41.585373 ], [ -112.002735, 41.585172 ], [ -112.002545, 41.584878 ], [ -112.002432, 41.584704 ], [ -112.002385, 41.584456 ], [ -112.002267, 41.583885 ], [ -112.002242, 41.583632 ], [ -112.002242, 41.58348 ], [ -112.002264, 41.583258 ], [ -112.002258, 41.582884 ], [ -112.00218, 41.582682 ], [ -112.002108, 41.582493 ], [ -112.001953, 41.582147 ], [ -112.001951, 41.582138 ], [ -112.001937, 41.581927 ], [ -112.001952, 41.581684 ], [ -112.001894, 41.58145 ], [ -112.001707, 41.580939 ], [ -112.001522, 41.580693 ], [ -112.001285, 41.580456 ], [ -112.000997, 41.580234 ], [ -112.000819, 41.580092 ], [ -112.00075, 41.580037 ], [ -112.000402, 41.579626 ], [ -112.000064, 41.57908 ], [ -111.999806, 41.578658 ], [ -111.999723, 41.578384 ], [ -111.999682, 41.578109 ], [ -111.999661, 41.577871 ], [ -111.999798, 41.577424 ], [ -112.000043, 41.576964 ], [ -112.000128, 41.576634 ], [ -112.000078, 41.576475 ], [ -112.000053, 41.576389 ], [ -111.999912, 41.57625 ], [ -111.999826, 41.576208 ], [ -111.999652, 41.576126 ], [ -111.999616, 41.576107 ], [ -111.999448, 41.576 ], [ -111.999436, 41.575976 ], [ -111.999286, 41.575677 ], [ -111.999282, 41.575447 ], [ -111.999253, 41.575096 ], [ -111.999241, 41.575024 ], [ -111.998957, 41.574563 ], [ -111.998965, 41.574302 ], [ -111.99901, 41.574103 ], [ -111.999064, 41.574004 ], [ -111.999202, 41.573755 ], [ -111.999233, 41.573489 ], [ -111.999147, 41.573287 ], [ -111.999123, 41.573253 ], [ -111.999012, 41.573091 ], [ -111.998881, 41.572762 ], [ -111.998984, 41.572473 ], [ -111.999018, 41.572302 ], [ -111.998959, 41.57196 ], [ -111.998551, 41.571585 ], [ -111.998237, 41.571417 ], [ -111.998048, 41.57127 ], [ -111.997865, 41.571073 ], [ -111.997629, 41.570904 ], [ -111.997374, 41.570737 ], [ -111.997169, 41.570606 ], [ -111.99698, 41.57045 ], [ -111.996828, 41.570272 ], [ -111.996735, 41.570097 ], [ -111.996563, 41.569845 ], [ -111.996343, 41.569545 ], [ -111.995794, 41.569029 ], [ -111.995436, 41.568698 ], [ -111.995184, 41.568282 ], [ -111.9949, 41.567761 ], [ -111.994605, 41.567278 ], [ -111.994473, 41.566914 ], [ -111.994371, 41.566684 ], [ -111.994107, 41.566125 ], [ -111.994068, 41.565891 ], [ -111.994099, 41.565607 ], [ -111.994129, 41.565481 ], [ -111.99424, 41.564989 ], [ -111.994366, 41.564623 ], [ -111.994408, 41.564553 ], [ -111.994588, 41.564252 ], [ -111.994625, 41.5642 ], [ -111.994729, 41.564052 ], [ -111.994809, 41.563799 ], [ -111.994832, 41.563709 ], [ -111.994828, 41.563461 ], [ -111.994703, 41.563303 ], [ -111.994486, 41.563032 ], [ -111.994393, 41.56288 ], [ -111.994402, 41.562659 ], [ -111.994425, 41.56263 ], [ -111.994514, 41.562514 ], [ -111.994739, 41.562373 ], [ -111.995404, 41.562018 ], [ -111.995513, 41.56196 ], [ -111.995899, 41.561714 ], [ -111.996152, 41.561441 ], [ -111.996286, 41.561237 ], [ -111.996319, 41.561162 ], [ -111.996362, 41.56103 ], [ -111.99637, 41.560764 ], [ -111.996395, 41.560449 ], [ -111.996431, 41.560074 ], [ -111.996365, 41.559692 ], [ -111.996359, 41.559314 ], [ -111.99642, 41.558998 ], [ -111.996539, 41.558538 ], [ -111.99665, 41.55821 ], [ -111.99666, 41.558159 ], [ -111.996709, 41.557899 ], [ -111.99667, 41.557719 ], [ -111.996606, 41.557572 ], [ -111.996304, 41.557375 ], [ -111.996261, 41.557347 ], [ -111.996194, 41.557304 ], [ -111.996004, 41.557232 ], [ -111.995419, 41.557052 ], [ -111.994857, 41.55676 ], [ -111.994421, 41.556493 ], [ -111.993986, 41.556249 ], [ -111.993762, 41.556089 ], [ -111.993519, 41.555875 ], [ -111.993019, 41.555357 ], [ -111.992756, 41.555013 ], [ -111.992643, 41.554712 ], [ -111.992572, 41.55433 ], [ -111.992554, 41.553957 ], [ -111.992478, 41.553685 ], [ -111.992378, 41.553328 ], [ -111.992289, 41.553076 ], [ -111.992143, 41.552608 ], [ -111.99195, 41.552097 ], [ -111.991696, 41.551568 ], [ -111.991438, 41.551196 ], [ -111.991315, 41.550994 ], [ -111.991282, 41.550747 ], [ -111.991431, 41.550492 ], [ -111.9918, 41.550116 ], [ -111.991825, 41.550021 ], [ -111.991859, 41.549901 ], [ -111.991879, 41.549828 ], [ -111.99164, 41.549617 ], [ -111.991166, 41.549432 ], [ -111.990797, 41.549238 ], [ -111.990553, 41.54898 ], [ -111.990418, 41.548741 ], [ -111.990191, 41.54841 ], [ -111.989649, 41.548012 ], [ -111.98945, 41.547822 ], [ -111.989378, 41.547628 ], [ -111.989362, 41.547552 ], [ -111.989339, 41.547404 ], [ -111.989304, 41.547348 ], [ -111.989239, 41.546909 ], [ -111.989182, 41.546741 ], [ -111.989019, 41.546256 ], [ -111.988923, 41.54591 ], [ -111.988738, 41.545519 ], [ -111.98854, 41.545144 ], [ -111.988498, 41.54494 ], [ -111.988468, 41.544763 ], [ -111.988449, 41.544678 ], [ -111.988442, 41.544187 ], [ -111.988324, 41.543931 ], [ -111.988165, 41.543712 ], [ -111.987945, 41.543395 ], [ -111.98792, 41.543358 ], [ -111.987745, 41.543183 ], [ -111.987656, 41.543095 ], [ -111.987644, 41.543081 ], [ -111.987573, 41.54301 ], [ -111.987111, 41.5426 ], [ -111.986958, 41.542407 ], [ -111.986792, 41.542143 ], [ -111.986729, 41.542027 ], [ -111.986692, 41.541984 ], [ -111.986679, 41.54194 ], [ -111.986558, 41.541717 ], [ -111.986378, 41.541277 ], [ -111.986299, 41.540877 ], [ -111.986236, 41.540559 ], [ -111.986228, 41.540527 ], [ -111.9862, 41.540252 ], [ -111.986016, 41.539988 ], [ -111.985916, 41.539901 ], [ -111.985607, 41.539561 ], [ -111.985592, 41.539545 ], [ -111.985509, 41.539436 ], [ -111.985455, 41.539364 ], [ -111.985071, 41.538949 ], [ -111.984846, 41.538738 ], [ -111.984736, 41.538587 ], [ -111.984643, 41.538421 ], [ -111.984482, 41.538066 ], [ -111.984401, 41.537838 ], [ -111.984275, 41.537438 ], [ -111.984188, 41.537213 ], [ -111.984136, 41.536947 ], [ -111.984127, 41.53675 ], [ -111.9841, 41.536574 ], [ -111.983962, 41.536143 ], [ -111.983927, 41.536061 ], [ -111.983896, 41.535921 ], [ -111.983843, 41.535875 ], [ -111.983825, 41.535832 ], [ -111.983679, 41.535667 ], [ -111.983485, 41.535515 ], [ -111.983183, 41.535253 ], [ -111.983162, 41.535235 ], [ -111.98312, 41.535198 ], [ -111.982851, 41.534827 ], [ -111.98266, 41.534477 ], [ -111.982471, 41.534294 ], [ -111.982279, 41.534222 ], [ -111.982122, 41.534162 ], [ -111.982049, 41.534147 ], [ -111.981833, 41.534102 ], [ -111.98159, 41.534084 ], [ -111.981567, 41.534082 ], [ -111.981389, 41.534069 ], [ -111.981042, 41.534117 ], [ -111.980434, 41.534361 ], [ -111.979886, 41.534558 ], [ -111.979552, 41.534679 ], [ -111.978776, 41.534864 ], [ -111.97865, 41.534894 ], [ -111.978265, 41.535017 ], [ -111.978055, 41.535084 ], [ -111.977837, 41.535144 ], [ -111.977803, 41.535154 ], [ -111.97759, 41.535295 ], [ -111.977576, 41.535409 ], [ -111.977564, 41.535512 ], [ -111.97767, 41.535727 ], [ -111.977693, 41.535772 ], [ -111.977743, 41.536074 ], [ -111.977758, 41.536163 ], [ -111.977684, 41.536366 ], [ -111.97755, 41.536669 ], [ -111.977353, 41.53713 ], [ -111.977226, 41.537483 ], [ -111.977113, 41.537857 ], [ -111.977014, 41.538381 ], [ -111.976999, 41.538654 ], [ -111.976949, 41.538957 ], [ -111.976929, 41.53921 ], [ -111.976896, 41.539381 ], [ -111.976888, 41.539426 ], [ -111.976852, 41.539638 ], [ -111.97663, 41.540068 ], [ -111.976228, 41.540815 ], [ -111.976172, 41.540904 ], [ -111.975818, 41.541444 ], [ -111.975435, 41.541902 ], [ -111.974979, 41.542248 ], [ -111.974658, 41.542418 ], [ -111.974599, 41.542441 ], [ -111.974168, 41.542622 ], [ -111.973818, 41.542821 ], [ -111.973564, 41.543044 ], [ -111.973474, 41.543137 ], [ -111.973381, 41.543239 ], [ -111.97303, 41.54344 ], [ -111.972553, 41.543569 ], [ -111.972517, 41.543568 ], [ -111.97178, 41.543605 ], [ -111.971047, 41.54366 ], [ -111.970918, 41.54367 ], [ -111.970428, 41.543786 ], [ -111.970082, 41.543902 ], [ -111.969671, 41.544045 ], [ -111.969037, 41.544145 ], [ -111.968979, 41.544149 ], [ -111.968743, 41.544164 ], [ -111.96859, 41.544173 ], [ -111.9683, 41.544192 ], [ -111.967879, 41.544128 ], [ -111.967512, 41.544023 ], [ -111.967223, 41.543899 ], [ -111.967095, 41.543854 ], [ -111.966383, 41.543606 ], [ -111.966228, 41.543552 ], [ -111.965959, 41.543482 ], [ -111.965332, 41.543321 ], [ -111.964623, 41.543227 ], [ -111.963951, 41.543225 ], [ -111.963263, 41.543302 ], [ -111.962629, 41.543402 ], [ -111.962253, 41.543486 ], [ -111.961955, 41.543601 ], [ -111.961731, 41.543745 ], [ -111.961486, 41.543902 ], [ -111.960941, 41.544375 ], [ -111.960386, 41.544916 ], [ -111.960217, 41.545183 ], [ -111.960187, 41.545247 ], [ -111.96006, 41.545678 ], [ -111.960039, 41.545806 ], [ -111.960018, 41.545986 ], [ -111.959922, 41.54637 ], [ -111.959716, 41.546673 ], [ -111.959532, 41.546794 ], [ -111.959291, 41.546933 ], [ -111.958882, 41.547063 ], [ -111.958417, 41.547193 ], [ -111.958083, 41.547412 ], [ -111.957835, 41.547585 ], [ -111.957541, 41.547925 ], [ -111.957239, 41.54818 ], [ -111.957045, 41.548283 ], [ -111.95687, 41.548363 ], [ -111.956827, 41.5484 ], [ -111.956466, 41.548605 ], [ -111.956194, 41.54886 ], [ -111.955821, 41.549237 ], [ -111.955312, 41.549651 ], [ -111.95477, 41.549884 ], [ -111.954113, 41.55017 ], [ -111.953977, 41.550229 ], [ -111.953833, 41.550331 ], [ -111.953743, 41.550395 ], [ -111.953687, 41.550434 ], [ -111.953674, 41.550442 ], [ -111.953295, 41.550694 ], [ -111.952914, 41.550873 ], [ -111.952565, 41.551013 ], [ -111.95251, 41.551026 ], [ -111.952048, 41.551137 ], [ -111.950853, 41.551422 ], [ -111.94982, 41.5517 ], [ -111.949608, 41.551787 ], [ -111.949361, 41.551886 ], [ -111.948944, 41.552054 ], [ -111.948298, 41.552349 ], [ -111.94795, 41.552508 ], [ -111.947519, 41.552643 ], [ -111.947483, 41.552657 ], [ -111.946941, 41.552823 ], [ -111.946607, 41.552938 ], [ -111.946089, 41.553029 ], [ -111.944931, 41.553123 ], [ -111.944009, 41.553189 ], [ -111.943319, 41.553159 ], [ -111.942585, 41.55303 ], [ -111.942052, 41.552944 ], [ -111.941266, 41.552724 ], [ -111.941147, 41.55269 ], [ -111.940593, 41.552474 ], [ -111.940003, 41.552157 ], [ -111.939493, 41.551889 ], [ -111.938859, 41.55166 ], [ -111.938444, 41.55151 ], [ -111.937288, 41.551155 ], [ -111.936865, 41.550928 ], [ -111.936724, 41.550709 ], [ -111.936715, 41.550511 ], [ -111.936705, 41.550404 ], [ -111.936664, 41.549957 ], [ -111.936582, 41.549327 ], [ -111.936501, 41.548941 ], [ -111.936383, 41.54869 ], [ -111.936212, 41.548421 ], [ -111.936161, 41.548373 ], [ -111.935923, 41.548147 ], [ -111.935525, 41.547823 ], [ -111.935222, 41.547555 ], [ -111.935106, 41.547454 ], [ -111.93481, 41.547198 ], [ -111.934567, 41.547048 ], [ -111.934276, 41.546904 ], [ -111.934144, 41.546839 ], [ -111.934011, 41.546705 ], [ -111.934141, 41.546435 ], [ -111.93421, 41.546341 ], [ -111.934393, 41.546089 ], [ -111.934588, 41.545661 ], [ -111.9348, 41.545329 ], [ -111.93483, 41.545234 ], [ -111.934971, 41.5448 ], [ -111.93497, 41.544666 ], [ -111.934964, 41.544571 ], [ -111.934857, 41.544266 ], [ -111.934679, 41.543975 ], [ -111.934386, 41.543638 ], [ -111.934157, 41.543342 ], [ -111.934025, 41.543156 ], [ -111.933907, 41.542837 ], [ -111.933669, 41.542109 ], [ -111.933521, 41.541752 ], [ -111.933507, 41.541719 ], [ -111.933336, 41.541464 ], [ -111.933161, 41.541331 ], [ -111.932996, 41.541205 ], [ -111.932738, 41.541093 ], [ -111.932628, 41.541046 ], [ -111.932044, 41.540839 ], [ -111.931743, 41.540783 ], [ -111.931443, 41.540758 ], [ -111.931217, 41.54071 ], [ -111.930814, 41.540553 ], [ -111.930393, 41.539921 ], [ -111.930334, 41.539885 ], [ -111.930224, 41.539759 ], [ -111.929978, 41.539578 ], [ -111.929939, 41.53955 ], [ -111.92991, 41.539533 ], [ -111.929522, 41.539306 ], [ -111.929285, 41.539033 ], [ -111.928961, 41.538639 ], [ -111.928733, 41.538388 ], [ -111.928712, 41.538361 ], [ -111.928703, 41.538354 ], [ -111.928323, 41.537937 ], [ -111.928024, 41.537665 ], [ -111.927425, 41.53726 ], [ -111.927063, 41.537083 ], [ -111.926703, 41.536972 ], [ -111.926523, 41.536988 ], [ -111.926458, 41.536995 ], [ -111.926343, 41.537003 ], [ -111.92614, 41.537117 ], [ -111.925642, 41.537504 ], [ -111.925316, 41.537754 ], [ -111.925139, 41.537802 ], [ -111.924999, 41.537806 ], [ -111.924753, 41.537763 ], [ -111.92426, 41.537641 ], [ -111.923832, 41.537618 ], [ -111.923541, 41.537697 ], [ -111.923219, 41.537798 ], [ -111.922659, 41.538059 ], [ -111.922108, 41.538326 ], [ -111.921893, 41.538429 ], [ -111.921314, 41.538696 ], [ -111.920844, 41.538854 ], [ -111.920723, 41.538895 ], [ -111.920222, 41.539043 ], [ -111.919743, 41.539092 ], [ -111.919317, 41.539108 ], [ -111.918797, 41.539171 ], [ -111.918512, 41.539142 ], [ -111.917992, 41.539061 ], [ -111.917673, 41.538946 ], [ -111.916992, 41.538731 ], [ -111.916564, 41.538565 ], [ -111.916534, 41.538554 ], [ -111.916352, 41.538406 ], [ -111.916559, 41.538198 ], [ -111.916784, 41.537935 ], [ -111.916846, 41.537687 ], [ -111.916792, 41.53748 ], [ -111.916768, 41.537438 ], [ -111.916477, 41.537023 ], [ -111.916003, 41.53619 ], [ -111.915812, 41.535887 ], [ -111.915313, 41.535334 ], [ -111.915132, 41.535174 ], [ -111.915044, 41.534905 ], [ -111.915047, 41.534706 ], [ -111.915154, 41.534197 ], [ -111.915164, 41.533949 ], [ -111.91508, 41.533363 ], [ -111.91502, 41.533282 ], [ -111.91499, 41.533194 ], [ -111.914855, 41.532997 ], [ -111.914653, 41.532783 ], [ -111.914241, 41.532348 ], [ -111.913852, 41.531991 ], [ -111.913682, 41.531785 ], [ -111.913583, 41.531611 ], [ -111.913522, 41.531069 ], [ -111.913506, 41.530683 ], [ -111.913574, 41.530495 ], [ -111.913614, 41.530412 ], [ -111.913808, 41.530178 ], [ -111.913929, 41.530077 ], [ -111.914022, 41.529999 ], [ -111.91415, 41.52971 ], [ -111.914076, 41.529049 ], [ -111.91401, 41.528747 ], [ -111.913945, 41.528338 ], [ -111.913846, 41.527699 ], [ -111.913654, 41.527278 ], [ -111.913439, 41.526869 ], [ -111.913415, 41.526471 ], [ -111.913435, 41.526194 ], [ -111.913535, 41.525603 ], [ -111.913725, 41.525061 ], [ -111.913722, 41.524974 ], [ -111.913715, 41.524814 ], [ -111.913703, 41.524764 ], [ -111.913677, 41.524634 ], [ -111.913585, 41.524463 ], [ -111.913141, 41.524007 ], [ -111.912738, 41.523506 ], [ -111.912512, 41.523202 ], [ -111.912102, 41.522901 ], [ -111.912085, 41.52289 ], [ -111.911853, 41.522744 ], [ -111.911683, 41.522609 ], [ -111.911615, 41.522448 ], [ -111.911606, 41.5222 ], [ -111.911725, 41.521744 ], [ -111.91191, 41.521266 ], [ -111.911974, 41.520725 ], [ -111.912048, 41.520039 ], [ -111.912099, 41.519386 ], [ -111.912064, 41.518909 ], [ -111.9119, 41.518518 ], [ -111.911852, 41.518506 ], [ -111.911738, 41.518425 ], [ -111.910968, 41.518183 ], [ -111.910841, 41.518157 ], [ -111.910132, 41.51801 ], [ -111.909593, 41.517845 ], [ -111.909265, 41.517679 ], [ -111.908973, 41.517465 ], [ -111.908604, 41.517148 ], [ -111.907973, 41.51659 ], [ -111.907571, 41.516143 ], [ -111.907441, 41.515833 ], [ -111.907344, 41.515663 ], [ -111.9072, 41.515539 ], [ -111.907181, 41.515501 ], [ -111.906708, 41.515288 ], [ -111.906239, 41.515127 ], [ -111.905817, 41.514973 ], [ -111.905629, 41.514776 ], [ -111.905756, 41.514509 ], [ -111.905952, 41.514368 ], [ -111.906002, 41.514345 ], [ -111.906482, 41.514107 ], [ -111.906971, 41.513883 ], [ -111.907635, 41.513409 ], [ -111.907696, 41.513304 ], [ -111.907863, 41.513029 ], [ -111.907901, 41.512709 ], [ -111.907832, 41.512471 ], [ -111.907677, 41.512003 ], [ -111.907599, 41.51172 ], [ -111.907632, 41.511444 ], [ -111.907783, 41.511106 ], [ -111.908019, 41.510675 ], [ -111.908186, 41.510369 ], [ -111.908194, 41.510357 ], [ -111.908626, 41.509722 ], [ -111.908949, 41.509233 ], [ -111.909053, 41.508966 ], [ -111.909134, 41.508669 ], [ -111.909228, 41.508321 ], [ -111.909246, 41.507844 ], [ -111.909255, 41.507573 ], [ -111.909117, 41.507097 ], [ -111.908913, 41.506815 ], [ -111.908567, 41.506331 ], [ -111.908405, 41.505895 ], [ -111.908337, 41.505711 ], [ -111.908237, 41.505447 ], [ -111.907851, 41.504832 ], [ -111.907564, 41.504438 ], [ -111.907258, 41.504193 ], [ -111.907177, 41.504101 ], [ -111.906611, 41.50364 ], [ -111.906333, 41.503381 ], [ -111.906089, 41.503108 ], [ -111.90593, 41.502879 ], [ -111.905964, 41.502699 ], [ -111.906093, 41.502504 ], [ -111.906347, 41.502273 ], [ -111.906673, 41.502 ], [ -111.906895, 41.501611 ], [ -111.906907, 41.501183 ], [ -111.906805, 41.501054 ], [ -111.906608, 41.500802 ], [ -111.90648, 41.500601 ], [ -111.906398, 41.50034 ], [ -111.906403, 41.500248 ], [ -111.906392, 41.500213 ], [ -111.90644, 41.499934 ], [ -111.906415, 41.499818 ], [ -111.90634, 41.499633 ], [ -111.906275, 41.499211 ], [ -111.906206, 41.498581 ], [ -111.906062, 41.498109 ], [ -111.905742, 41.49753 ], [ -111.905615, 41.497358 ], [ -111.905467, 41.497159 ], [ -111.905169, 41.49685 ], [ -111.904959, 41.496771 ], [ -111.904796, 41.49688 ], [ -111.904733, 41.496921 ], [ -111.904545, 41.497193 ], [ -111.904236, 41.497331 ], [ -111.903936, 41.497301 ], [ -111.903509, 41.497202 ], [ -111.903431, 41.497184 ], [ -111.902899, 41.497161 ], [ -111.902077, 41.497176 ], [ -111.901515, 41.497253 ], [ -111.90099, 41.49741 ], [ -111.900762, 41.497389 ], [ -111.900642, 41.497368 ], [ -111.90033, 41.497252 ], [ -111.900099, 41.497132 ], [ -111.899377, 41.496815 ], [ -111.898668, 41.496575 ], [ -111.898529, 41.496538 ], [ -111.898079, 41.496498 ], [ -111.897826, 41.496476 ], [ -111.897395, 41.49652 ], [ -111.897002, 41.496631 ], [ -111.896824, 41.496709 ], [ -111.896347, 41.49692 ], [ -111.896114, 41.496975 ], [ -111.895844, 41.496941 ], [ -111.895502, 41.496766 ], [ -111.895403, 41.496715 ], [ -111.894872, 41.496373 ], [ -111.894802, 41.496346 ], [ -111.894336, 41.49617 ], [ -111.893921, 41.496056 ], [ -111.893404, 41.495947 ], [ -111.893319, 41.495939 ], [ -111.892714, 41.49588 ], [ -111.892274, 41.495894 ], [ -111.891936, 41.495904 ], [ -111.89169, 41.495926 ], [ -111.891495, 41.495942 ], [ -111.891242, 41.495964 ], [ -111.890896, 41.496019 ], [ -111.89074, 41.496044 ], [ -111.890235, 41.496174 ], [ -111.890125, 41.496202 ], [ -111.889587, 41.496319 ], [ -111.889109, 41.49639 ], [ -111.888959, 41.496395 ], [ -111.888822, 41.496397 ], [ -111.888711, 41.496385 ], [ -111.888673, 41.496391 ], [ -111.887975, 41.496269 ], [ -111.886988, 41.49618 ], [ -111.885915, 41.496125 ], [ -111.885893, 41.496124 ], [ -111.884972, 41.496179 ], [ -111.88459, 41.496191 ], [ -111.884373, 41.496148 ], [ -111.884156, 41.496023 ], [ -111.884008, 41.495917 ], [ -111.883963, 41.495885 ], [ -111.883721, 41.495776 ], [ -111.883239, 41.495557 ], [ -111.882581, 41.495214 ], [ -111.882228, 41.49495 ], [ -111.881753, 41.494614 ], [ -111.881601, 41.494453 ], [ -111.881369, 41.494126 ], [ -111.881348, 41.493905 ], [ -111.881291, 41.493699 ], [ -111.881186, 41.493456 ], [ -111.881023, 41.49326 ], [ -111.880674, 41.492798 ], [ -111.880286, 41.492463 ], [ -111.880081, 41.492205 ], [ -111.880113, 41.491981 ], [ -111.880193, 41.491834 ], [ -111.880306, 41.491707 ], [ -111.88047, 41.491453 ], [ -111.88045, 41.491278 ], [ -111.880214, 41.491086 ], [ -111.879913, 41.490989 ], [ -111.879071, 41.490775 ], [ -111.878507, 41.490653 ], [ -111.877925, 41.490581 ], [ -111.877271, 41.490554 ], [ -111.876689, 41.490446 ], [ -111.876406, 41.490318 ], [ -111.87605, 41.49014 ], [ -111.875708, 41.489928 ], [ -111.875611, 41.489781 ], [ -111.8756, 41.489771 ], [ -111.875559, 41.489689 ], [ -111.875543, 41.489419 ], [ -111.875564, 41.489176 ], [ -111.875595, 41.488846 ], [ -111.875599, 41.48871 ], [ -111.875599, 41.488658 ], [ -111.875594, 41.488635 ], [ -111.875548, 41.488415 ], [ -111.875537, 41.488383 ], [ -111.875441, 41.488082 ], [ -111.875343, 41.487889 ], [ -111.875324, 41.487831 ], [ -111.875171, 41.487526 ], [ -111.874877, 41.487118 ], [ -111.874646, 41.486877 ], [ -111.874398, 41.486676 ], [ -111.874107, 41.486381 ], [ -111.874058, 41.486326 ], [ -111.873864, 41.486159 ], [ -111.873579, 41.485962 ], [ -111.873314, 41.485743 ], [ -111.873171, 41.485456 ], [ -111.8732, 41.485204 ], [ -111.873197, 41.485174 ], [ -111.873471, 41.484841 ], [ -111.873573, 41.484722 ], [ -111.873884, 41.484523 ], [ -111.874092, 41.484404 ], [ -111.87454, 41.484302 ], [ -111.874928, 41.484231 ], [ -111.875293, 41.484156 ], [ -111.875531, 41.484072 ], [ -111.875823, 41.483936 ], [ -111.876357, 41.483617 ], [ -111.876852, 41.483419 ], [ -111.877238, 41.483196 ], [ -111.877427, 41.483027 ], [ -111.877587, 41.482835 ], [ -111.877725, 41.482656 ], [ -111.877767, 41.482492 ], [ -111.877782, 41.482281 ], [ -111.877651, 41.482021 ], [ -111.877454, 41.481851 ], [ -111.877365, 41.48178 ], [ -111.877217, 41.481628 ], [ -111.877118, 41.481412 ], [ -111.877081, 41.481332 ], [ -111.877021, 41.481153 ], [ -111.876944, 41.480923 ], [ -111.8766, 41.480314 ], [ -111.876349, 41.479901 ], [ -111.876236, 41.4797 ], [ -111.876178, 41.47944 ], [ -111.876181, 41.479426 ], [ -111.876339, 41.479109 ], [ -111.876534, 41.478949 ], [ -111.877025, 41.478495 ], [ -111.877419, 41.478143 ], [ -111.877627, 41.477811 ], [ -111.877695, 41.477526 ], [ -111.877708, 41.47722 ], [ -111.877691, 41.47681 ], [ -111.877778, 41.476581 ], [ -111.877914, 41.476444 ], [ -111.878085, 41.476316 ], [ -111.878153, 41.476268 ], [ -111.87818, 41.476248 ], [ -111.878387, 41.476057 ], [ -111.878439, 41.475881 ], [ -111.878395, 41.475657 ], [ -111.878351, 41.475575 ], [ -111.878271, 41.475423 ], [ -111.878152, 41.474996 ], [ -111.87818, 41.47485 ], [ -111.878202, 41.474717 ], [ -111.87821, 41.474447 ], [ -111.878337, 41.474228 ], [ -111.878464, 41.474128 ], [ -111.878505, 41.474097 ], [ -111.878927, 41.473901 ], [ -111.879083, 41.473863 ], [ -111.879548, 41.473752 ], [ -111.879889, 41.473704 ], [ -111.880182, 41.473728 ], [ -111.880412, 41.47388 ], [ -111.880517, 41.473966 ], [ -111.880666, 41.47409 ], [ -111.880926, 41.474273 ], [ -111.881498, 41.474498 ], [ -111.882105, 41.474527 ], [ -111.882343, 41.474474 ], [ -111.882527, 41.474427 ], [ -111.88283, 41.47424 ], [ -111.88306, 41.473977 ], [ -111.883278, 41.473696 ], [ -111.883521, 41.473514 ], [ -111.883778, 41.473397 ], [ -111.884172, 41.473288 ], [ -111.884517, 41.473224 ], [ -111.885169, 41.473164 ], [ -111.886, 41.47309 ], [ -111.886315, 41.473088 ], [ -111.886419, 41.47309 ], [ -111.886923, 41.473146 ], [ -111.887707, 41.473158 ], [ -111.888012, 41.47311 ], [ -111.888305, 41.473022 ], [ -111.888542, 41.472885 ], [ -111.888898, 41.472613 ], [ -111.889044, 41.472495 ], [ -111.889182, 41.472399 ], [ -111.88923, 41.472345 ], [ -111.889567, 41.472071 ], [ -111.890077, 41.471711 ], [ -111.890385, 41.471448 ], [ -111.890478, 41.471276 ], [ -111.89053, 41.471127 ], [ -111.890565, 41.47101 ], [ -111.890675, 41.470748 ], [ -111.890887, 41.470534 ], [ -111.890988, 41.470484 ], [ -111.89105, 41.470453 ], [ -111.891243, 41.470356 ], [ -111.89254, 41.470094 ], [ -111.894038, 41.469739 ], [ -111.894802, 41.469589 ], [ -111.895101, 41.469551 ], [ -111.895491, 41.469519 ], [ -111.895575, 41.469512 ], [ -111.895908, 41.469455 ], [ -111.896073, 41.469488 ], [ -111.896221, 41.46952 ], [ -111.896238, 41.469542 ], [ -111.89644, 41.469775 ], [ -111.89661, 41.469977 ], [ -111.896803, 41.47016 ], [ -111.897215, 41.470391 ], [ -111.897503, 41.470438 ], [ -111.897831, 41.470388 ], [ -111.897909, 41.470377 ], [ -111.898005, 41.470362 ], [ -111.898364, 41.470377 ], [ -111.898843, 41.470462 ], [ -111.898878, 41.470467 ], [ -111.899469, 41.470634 ], [ -111.90049, 41.470847 ], [ -111.901488, 41.471082 ], [ -111.902166, 41.471221 ], [ -111.90236, 41.47126 ], [ -111.903154, 41.47142 ], [ -111.903265, 41.471442 ], [ -111.904028, 41.471616 ], [ -111.904924, 41.471866 ], [ -111.905344, 41.471989 ], [ -111.906077, 41.472105 ], [ -111.906125, 41.472099 ], [ -111.906137, 41.472102 ], [ -111.906171, 41.472093 ], [ -111.906387, 41.472066 ], [ -111.906565, 41.471952 ], [ -111.907145, 41.471533 ], [ -111.907693, 41.471191 ], [ -111.908209, 41.470881 ], [ -111.908781, 41.470656 ], [ -111.909127, 41.470599 ], [ -111.909576, 41.470564 ], [ -111.910186, 41.470541 ], [ -111.910455, 41.470471 ], [ -111.910592, 41.470425 ], [ -111.910703, 41.47037 ], [ -111.910894, 41.470274 ], [ -111.911132, 41.470079 ], [ -111.911363, 41.469915 ], [ -111.911685, 41.469772 ], [ -111.912091, 41.46972 ], [ -111.912289, 41.469728 ], [ -111.91232, 41.46973 ], [ -111.912499, 41.46974 ], [ -111.912888, 41.469781 ], [ -111.913181, 41.469729 ], [ -111.913315, 41.469471 ], [ -111.913346, 41.469124 ], [ -111.913371, 41.468746 ], [ -111.913338, 41.468468 ], [ -111.913324, 41.468394 ], [ -111.913261, 41.468152 ], [ -111.912965, 41.46797 ], [ -111.912884, 41.467936 ], [ -111.912836, 41.4679 ], [ -111.912479, 41.467773 ], [ -111.912356, 41.467684 ], [ -111.912372, 41.467593 ], [ -111.912419, 41.467539 ], [ -111.912438, 41.467524 ], [ -111.912545, 41.467505 ], [ -111.913378, 41.467584 ], [ -111.913695, 41.467527 ], [ -111.913999, 41.467439 ], [ -111.914446, 41.467256 ], [ -111.914541, 41.467224 ], [ -111.914731, 41.467161 ], [ -111.914904, 41.467103 ], [ -111.915023, 41.467019 ], [ -111.915139, 41.466936 ], [ -111.915219, 41.46688 ], [ -111.915515, 41.466491 ], [ -111.915877, 41.466019 ], [ -111.916328, 41.465286 ], [ -111.916801, 41.464458 ], [ -111.916845, 41.464355 ], [ -111.916903, 41.464216 ], [ -111.916937, 41.464137 ], [ -111.916958, 41.464087 ], [ -111.916955, 41.463881 ], [ -111.916868, 41.463656 ], [ -111.916526, 41.463199 ], [ -111.916299, 41.462841 ], [ -111.916116, 41.462426 ], [ -111.916077, 41.462338 ], [ -111.916068, 41.462126 ], [ -111.916165, 41.461815 ], [ -111.916297, 41.461582 ], [ -111.916329, 41.461525 ], [ -111.916662, 41.460973 ], [ -111.916736, 41.460738 ], [ -111.916754, 41.46068 ], [ -111.916601, 41.460399 ], [ -111.916588, 41.460375 ], [ -111.916371, 41.460286 ], [ -111.915945, 41.460222 ], [ -111.91583, 41.460188 ], [ -111.915441, 41.46003 ], [ -111.915163, 41.459918 ], [ -111.914808, 41.459768 ], [ -111.914056, 41.459535 ], [ -111.913707, 41.459497 ], [ -111.913397, 41.459495 ], [ -111.913261, 41.459481 ], [ -111.913073, 41.459462 ], [ -111.912736, 41.459334 ], [ -111.912458, 41.459138 ], [ -111.911973, 41.458763 ], [ -111.911442, 41.45843 ], [ -111.910752, 41.458113 ], [ -111.910635, 41.458055 ], [ -111.909911, 41.457685 ], [ -111.909744, 41.457574 ], [ -111.909421, 41.45736 ], [ -111.909302, 41.457271 ], [ -111.90913, 41.457113 ], [ -111.90893, 41.456926 ], [ -111.908594, 41.456558 ], [ -111.908346, 41.456252 ], [ -111.908018, 41.455908 ], [ -111.907742, 41.455731 ], [ -111.9077, 41.455694 ], [ -111.906913, 41.455248 ], [ -111.906859, 41.455231 ], [ -111.906835, 41.455219 ], [ -111.906071, 41.454946 ], [ -111.905603, 41.454856 ], [ -111.905244, 41.454867 ], [ -111.905084, 41.454878 ], [ -111.905066, 41.454876 ], [ -111.904233, 41.454849 ], [ -111.903679, 41.454676 ], [ -111.903209, 41.454446 ], [ -111.90295, 41.454323 ], [ -111.902827, 41.454255 ], [ -111.902088, 41.45406 ], [ -111.901905, 41.454065 ], [ -111.901737, 41.454061 ], [ -111.901348, 41.454059 ], [ -111.900706, 41.454006 ], [ -111.900339, 41.453865 ], [ -111.900163, 41.453731 ], [ -111.900109, 41.453691 ], [ -111.900023, 41.453507 ], [ -111.89999, 41.45325 ], [ -111.900073, 41.452781 ], [ -111.900215, 41.452304 ], [ -111.900227, 41.452262 ], [ -111.900581, 41.451232 ], [ -111.900607, 41.451157 ], [ -111.900929, 41.45019 ], [ -111.901143, 41.449674 ], [ -111.901178, 41.449529 ], [ -111.9012, 41.44944 ], [ -111.901051, 41.449049 ], [ -111.900502, 41.448351 ], [ -111.899877, 41.447698 ], [ -111.899692, 41.447528 ], [ -111.899138, 41.446991 ], [ -111.898568, 41.446531 ], [ -111.898513, 41.446488 ], [ -111.898215, 41.446117 ], [ -111.897919, 41.445759 ], [ -111.897874, 41.445705 ], [ -111.897457, 41.44542 ], [ -111.897038, 41.445288 ], [ -111.896884, 41.445249 ], [ -111.896628, 41.445184 ], [ -111.89583, 41.444969 ], [ -111.895185, 41.444753 ], [ -111.894798, 41.44459 ], [ -111.89456, 41.444487 ], [ -111.894516, 41.444456 ], [ -111.894354, 41.444364 ], [ -111.894249, 41.444211 ], [ -111.894209, 41.44413 ], [ -111.894121, 41.44396 ], [ -111.893937, 41.443646 ], [ -111.893821, 41.443552 ], [ -111.893719, 41.443471 ], [ -111.893589, 41.443372 ], [ -111.892993, 41.442818 ], [ -111.892938, 41.442767 ], [ -111.892637, 41.442497 ], [ -111.892356, 41.44228 ], [ -111.891922, 41.442032 ], [ -111.891422, 41.441792 ], [ -111.891068, 41.441636 ], [ -111.891041, 41.441624 ], [ -111.890533, 41.441578 ], [ -111.889941, 41.441624 ], [ -111.889727, 41.441679 ], [ -111.889291, 41.441791 ], [ -111.888454, 41.441869 ], [ -111.887941, 41.441959 ], [ -111.887374, 41.442069 ], [ -111.887354, 41.442074 ], [ -111.886836, 41.442093 ], [ -111.886614, 41.442095 ], [ -111.885375, 41.442091 ], [ -111.884562, 41.442138 ], [ -111.884514, 41.442143 ], [ -111.883879, 41.442121 ], [ -111.883615, 41.44206 ], [ -111.883067, 41.441834 ], [ -111.882568, 41.441631 ], [ -111.882021, 41.441522 ], [ -111.881971, 41.441495 ], [ -111.881798, 41.441402 ], [ -111.881559, 41.441183 ], [ -111.881548, 41.441174 ], [ -111.881565, 41.440969 ], [ -111.881652, 41.440797 ], [ -111.881693, 41.44072 ], [ -111.881709, 41.440681 ], [ -111.881824, 41.440318 ], [ -111.88156, 41.439747 ], [ -111.881368, 41.439071 ], [ -111.881334, 41.438976 ], [ -111.88136, 41.438638 ], [ -111.881348, 41.438137 ], [ -111.881424, 41.437183 ], [ -111.881489, 41.436238 ], [ -111.88152, 41.435382 ], [ -111.881626, 41.434518 ], [ -111.88165, 41.434446 ], [ -111.88182, 41.433721 ], [ -111.881887, 41.433373 ], [ -111.882052, 41.433058 ], [ -111.882073, 41.433016 ], [ -111.882493, 41.43195 ], [ -111.88252, 41.431816 ], [ -111.883075, 41.429919 ], [ -111.883489, 41.428835 ], [ -111.883526, 41.428666 ], [ -111.883624, 41.428166 ], [ -111.88368, 41.427913 ], [ -111.883694, 41.427884 ], [ -111.884012, 41.427194 ], [ -111.884188, 41.426963 ], [ -111.884324, 41.426854 ], [ -111.884437, 41.426768 ], [ -111.884942, 41.426557 ], [ -111.885443, 41.426374 ], [ -111.885532, 41.426343 ], [ -111.886108, 41.426106 ], [ -111.887235, 41.425643 ], [ -111.888399, 41.425089 ], [ -111.889066, 41.424748 ], [ -111.889078, 41.424742 ], [ -111.889137, 41.424714 ], [ -111.889485, 41.42454 ], [ -111.890291, 41.424016 ], [ -111.890826, 41.42348 ], [ -111.890998, 41.423309 ], [ -111.89147, 41.422815 ], [ -111.891498, 41.422786 ], [ -111.891771, 41.422333 ], [ -111.891899, 41.422013 ], [ -111.892002, 41.42162 ], [ -111.892076, 41.421399 ], [ -111.892121, 41.421272 ], [ -111.892174, 41.421119 ], [ -111.892281, 41.420614 ], [ -111.892294, 41.42028 ], [ -111.892415, 41.419896 ], [ -111.892638, 41.419207 ], [ -111.89274, 41.4188 ], [ -111.892971, 41.41816 ], [ -111.893012, 41.418095 ], [ -111.893144, 41.418076 ], [ -111.893262, 41.418012 ], [ -111.89346, 41.418037 ], [ -111.894283, 41.418229 ], [ -111.894913, 41.41842 ], [ -111.89498, 41.41844 ], [ -111.895268, 41.418466 ], [ -111.895537, 41.418494 ], [ -111.896091, 41.418449 ], [ -111.896606, 41.418347 ], [ -111.897516, 41.417979 ], [ -111.897819, 41.417999 ], [ -111.898061, 41.418015 ], [ -111.898095, 41.418037 ], [ -111.89833, 41.418192 ], [ -111.898448, 41.418341 ], [ -111.898711, 41.418704 ], [ -111.899086, 41.418993 ], [ -111.899222, 41.419048 ], [ -111.899573, 41.419188 ], [ -111.900174, 41.419386 ], [ -111.900702, 41.41949 ], [ -111.901073, 41.419482 ], [ -111.901202, 41.419466 ], [ -111.901419, 41.419439 ], [ -111.901979, 41.419335 ], [ -111.902112, 41.419312 ], [ -111.902517, 41.419243 ], [ -111.903115, 41.419128 ], [ -111.903543, 41.419047 ], [ -111.903957, 41.418906 ], [ -111.904122, 41.41877 ], [ -111.904214, 41.418701 ], [ -111.904635, 41.418346 ], [ -111.904882, 41.418074 ], [ -111.905158, 41.417658 ], [ -111.905379, 41.417327 ], [ -111.905471, 41.416948 ], [ -111.905469, 41.416372 ], [ -111.905474, 41.415858 ], [ -111.90547, 41.415597 ], [ -111.905424, 41.415287 ], [ -111.90541, 41.415116 ], [ -111.905438, 41.415025 ], [ -111.905448, 41.415008 ], [ -111.905471, 41.414965 ], [ -111.905497, 41.414917 ], [ -111.90561, 41.414889 ], [ -111.905796, 41.41491 ], [ -111.90626, 41.415145 ], [ -111.907055, 41.415571 ], [ -111.907501, 41.415797 ], [ -111.907727, 41.41586 ], [ -111.907814, 41.415884 ], [ -111.908203, 41.415931 ], [ -111.908573, 41.415888 ], [ -111.908961, 41.415804 ], [ -111.90946, 41.415593 ], [ -111.909484, 41.415582 ], [ -111.909514, 41.415567 ], [ -111.909823, 41.415419 ], [ -111.910137, 41.415209 ], [ -111.910649, 41.414958 ], [ -111.910716, 41.414937 ], [ -111.910769, 41.414931 ], [ -111.911162, 41.414894 ], [ -111.911401, 41.414888 ], [ -111.91176, 41.414858 ], [ -111.912052, 41.414775 ], [ -111.912284, 41.414692 ], [ -111.912505, 41.414598 ], [ -111.912697, 41.414516 ], [ -111.912997, 41.41437 ], [ -111.913473, 41.414162 ], [ -111.913533, 41.414133 ], [ -111.913714, 41.413871 ], [ -111.913615, 41.4136 ], [ -111.913574, 41.413418 ], [ -111.913613, 41.4133 ], [ -111.913659, 41.413279 ], [ -111.913782, 41.413167 ], [ -111.914067, 41.41307 ], [ -111.914487, 41.413071 ], [ -111.914848, 41.413139 ], [ -111.915392, 41.413195 ], [ -111.916021, 41.413176 ], [ -111.916394, 41.413134 ], [ -111.916654, 41.413105 ], [ -111.916946, 41.41307 ], [ -111.917314, 41.412905 ], [ -111.917628, 41.412636 ], [ -111.917801, 41.412489 ], [ -111.917852, 41.412445 ], [ -111.918294, 41.412361 ], [ -111.918936, 41.412473 ], [ -111.919518, 41.412612 ], [ -111.919949, 41.412622 ], [ -111.920606, 41.412603 ], [ -111.921068, 41.412663 ], [ -111.921207, 41.412711 ], [ -111.921308, 41.412746 ], [ -111.922145, 41.413073 ], [ -111.922985, 41.413264 ], [ -111.923446, 41.413274 ], [ -111.923672, 41.413196 ], [ -111.923731, 41.413166 ], [ -111.924064, 41.412995 ], [ -111.924425, 41.412856 ], [ -111.924843, 41.412696 ], [ -111.925655, 41.412582 ], [ -111.926355, 41.412535 ], [ -111.926889, 41.412657 ], [ -111.927172, 41.412776 ], [ -111.92774, 41.413204 ], [ -111.928069, 41.41347 ], [ -111.928238, 41.413607 ], [ -111.928596, 41.414057 ], [ -111.928718, 41.414245 ], [ -111.928817, 41.41434 ], [ -111.928991, 41.414513 ], [ -111.929348, 41.414754 ], [ -111.929786, 41.414949 ], [ -111.929884, 41.414992 ], [ -111.93013, 41.415115 ], [ -111.93039, 41.415244 ], [ -111.930743, 41.415584 ], [ -111.930929, 41.415731 ], [ -111.93125, 41.415973 ], [ -111.93154, 41.416163 ], [ -111.931876, 41.416273 ], [ -111.9322, 41.416329 ], [ -111.933027, 41.416408 ], [ -111.933319, 41.416356 ], [ -111.933545, 41.416215 ], [ -111.933704, 41.416083 ], [ -111.934007, 41.415882 ], [ -111.934161, 41.415878 ], [ -111.934533, 41.415855 ], [ -111.935324, 41.41598 ], [ -111.935887, 41.416029 ], [ -111.936215, 41.415954 ], [ -111.936561, 41.415839 ], [ -111.93693, 41.415755 ], [ -111.9372, 41.415766 ], [ -111.937846, 41.415779 ], [ -111.938109, 41.41579 ], [ -111.938285, 41.415878 ], [ -111.938187, 41.416148 ], [ -111.93818, 41.416268 ], [ -111.938124, 41.416388 ], [ -111.938028, 41.416791 ], [ -111.938167, 41.417276 ], [ -111.938354, 41.417732 ], [ -111.938427, 41.417905 ], [ -111.938527, 41.418045 ], [ -111.938603, 41.418153 ], [ -111.938684, 41.418267 ], [ -111.938812, 41.418446 ], [ -111.939101, 41.418644 ], [ -111.939313, 41.418789 ], [ -111.939579, 41.418944 ], [ -111.93994, 41.419151 ], [ -111.940031, 41.419202 ], [ -111.940115, 41.419359 ], [ -111.940283, 41.419677 ], [ -111.940386, 41.420181 ], [ -111.940393, 41.420212 ], [ -111.94041, 41.420241 ], [ -111.940483, 41.420365 ], [ -111.940495, 41.420385 ], [ -111.940546, 41.420472 ], [ -111.940709, 41.420565 ], [ -111.940995, 41.420729 ], [ -111.941089, 41.420783 ], [ -111.941258, 41.420878 ], [ -111.941371, 41.420942 ], [ -111.941897, 41.421236 ], [ -111.942368, 41.42148 ], [ -111.942777, 41.421648 ], [ -111.943108, 41.421748 ], [ -111.943451, 41.42193 ], [ -111.943735, 41.422117 ], [ -111.943917, 41.422278 ], [ -111.944059, 41.422574 ], [ -111.944109, 41.422723 ], [ -111.94413, 41.422785 ], [ -111.94436, 41.423485 ], [ -111.944531, 41.42375 ], [ -111.944719, 41.423929 ], [ -111.945116, 41.424114 ], [ -111.945435, 41.424202 ], [ -111.946234, 41.424447 ], [ -111.94694, 41.424748 ], [ -111.947796, 41.425255 ], [ -111.948389, 41.425708 ], [ -111.948642, 41.42585 ], [ -111.94874, 41.425886 ], [ -111.949177, 41.426045 ], [ -111.949283, 41.426146 ], [ -111.949337, 41.426198 ], [ -111.949463, 41.426366 ], [ -111.949551, 41.426604 ], [ -111.949631, 41.426788 ], [ -111.949703, 41.426856 ], [ -111.949856, 41.426998 ], [ -111.950212, 41.427248 ], [ -111.950651, 41.427357 ], [ -111.950903, 41.427413 ], [ -111.951203, 41.427514 ], [ -111.951966, 41.427769 ], [ -111.952642, 41.428092 ], [ -111.952799, 41.428167 ], [ -111.952864, 41.42821 ], [ -111.95298, 41.428288 ], [ -111.953361, 41.428577 ], [ -111.953605, 41.428868 ], [ -111.953623, 41.428894 ], [ -111.95377, 41.429103 ], [ -111.953831, 41.42919 ], [ -111.953867, 41.429234 ], [ -111.954117, 41.429543 ], [ -111.954283, 41.429803 ], [ -111.954419, 41.430122 ], [ -111.954464, 41.43026 ], [ -111.954507, 41.430396 ], [ -111.954705, 41.430854 ], [ -111.95478, 41.431083 ], [ -111.95476, 41.431354 ], [ -111.954734, 41.431628 ], [ -111.954768, 41.431844 ], [ -111.954939, 41.43209 ], [ -111.9559, 41.432726 ], [ -111.956438, 41.4331 ], [ -111.956933, 41.433425 ], [ -111.95741, 41.433674 ], [ -111.957685, 41.433762 ], [ -111.957957, 41.433839 ], [ -111.958286, 41.433873 ], [ -111.958579, 41.433875 ], [ -111.958771, 41.43386 ], [ -111.959032, 41.433727 ], [ -111.9591, 41.433706 ], [ -111.959096, 41.433665 ], [ -111.959173, 41.433573 ], [ -111.959161, 41.433478 ], [ -111.959085, 41.433263 ], [ -111.95894, 41.432755 ], [ -111.958954, 41.43257 ], [ -111.958952, 41.432559 ], [ -111.959036, 41.432321 ], [ -111.959379, 41.431945 ], [ -111.959471, 41.431841 ], [ -111.959509, 41.431598 ], [ -111.959482, 41.431355 ], [ -111.959468, 41.431135 ], [ -111.959491, 41.430964 ], [ -111.95996, 41.430474 ], [ -111.960149, 41.430232 ], [ -111.960592, 41.429568 ], [ -111.960931, 41.429222 ], [ -111.960985, 41.429151 ], [ -111.961083, 41.429049 ], [ -111.961371, 41.428772 ], [ -111.961753, 41.428327 ], [ -111.961998, 41.427834 ], [ -111.962156, 41.427608 ], [ -111.962608, 41.426895 ], [ -111.962657, 41.426819 ], [ -111.962721, 41.426716 ], [ -111.962934, 41.426444 ], [ -111.963261, 41.425878 ], [ -111.963536, 41.425466 ], [ -111.963759, 41.425185 ], [ -111.964008, 41.424998 ], [ -111.964324, 41.42491 ], [ -111.964644, 41.424695 ], [ -111.964831, 41.424615 ], [ -111.965036, 41.424526 ], [ -111.96532, 41.424284 ], [ -111.965515, 41.424148 ], [ -111.965722, 41.423975 ], [ -111.966075, 41.423598 ], [ -111.966791, 41.42307 ], [ -111.967101, 41.422873 ], [ -111.967467, 41.422641 ], [ -111.967582, 41.422538 ], [ -111.967902, 41.422254 ], [ -111.968105, 41.422072 ], [ -111.968685, 41.421684 ], [ -111.969201, 41.421249 ], [ -111.969241, 41.421215 ], [ -111.969466, 41.42106 ], [ -111.969697, 41.4209 ], [ -111.970094, 41.420686 ], [ -111.970291, 41.420644 ], [ -111.97044, 41.420611 ], [ -111.970941, 41.420503 ], [ -111.971353, 41.420423 ], [ -111.971448, 41.420395 ], [ -111.971711, 41.420357 ], [ -111.972056, 41.420223 ], [ -111.972365, 41.42009 ], [ -111.972472, 41.420053 ], [ -111.972529, 41.419864 ], [ -111.972345, 41.419563 ], [ -111.972209, 41.419236 ], [ -111.972134, 41.418997 ], [ -111.972039, 41.418679 ], [ -111.971986, 41.418288 ], [ -111.972077, 41.417999 ], [ -111.972157, 41.417857 ], [ -111.972199, 41.417768 ], [ -111.972242, 41.417448 ], [ -111.972131, 41.417174 ], [ -111.972036, 41.41695 ], [ -111.971866, 41.416687 ], [ -111.971731, 41.416444 ], [ -111.971636, 41.416098 ], [ -111.971525, 41.415463 ], [ -111.971493, 41.414955 ], [ -111.971501, 41.414685 ], [ -111.971497, 41.414378 ], [ -111.971355, 41.4141 ], [ -111.970844, 41.413521 ], [ -111.970601, 41.413287 ], [ -111.970408, 41.413203 ], [ -111.970199, 41.413132 ], [ -111.969921, 41.413033 ], [ -111.969792, 41.412764 ], [ -111.969752, 41.412548 ], [ -111.969702, 41.412413 ], [ -111.969679, 41.412376 ], [ -111.969616, 41.412205 ], [ -111.969455, 41.412 ], [ -111.96936, 41.411879 ], [ -111.969115, 41.411516 ], [ -111.969078, 41.411462 ], [ -111.968772, 41.411047 ], [ -111.968712, 41.410965 ], [ -111.968657, 41.410908 ], [ -111.968466, 41.410714 ], [ -111.968202, 41.410443 ], [ -111.967757, 41.409939 ], [ -111.967609, 41.409614 ], [ -111.967557, 41.409125 ], [ -111.967539, 41.408953 ], [ -111.967601, 41.408322 ], [ -111.967612, 41.40821 ], [ -111.96764, 41.407705 ], [ -111.967536, 41.407116 ], [ -111.967501, 41.406801 ], [ -111.967473, 41.406126 ], [ -111.967379, 41.405779 ], [ -111.967309, 41.405519 ], [ -111.967213, 41.4049 ], [ -111.967177, 41.404664 ], [ -111.967176, 41.404218 ], [ -111.967259, 41.403682 ], [ -111.967302, 41.403127 ], [ -111.967308, 41.403051 ], [ -111.967372, 41.402505 ], [ -111.967492, 41.40213 ], [ -111.967622, 41.401593 ], [ -111.967615, 41.401161 ], [ -111.96763, 41.400963 ], [ -111.967555, 41.400729 ], [ -111.96753, 41.400686 ], [ -111.96734, 41.400348 ], [ -111.967411, 41.400013 ], [ -111.967665, 41.399706 ], [ -111.967713, 41.399314 ], [ -111.967573, 41.398529 ], [ -111.967568, 41.398475 ], [ -111.967497, 41.397645 ], [ -111.967572, 41.397077 ], [ -111.967594, 41.396931 ], [ -111.967608, 41.396564 ], [ -111.967645, 41.396135 ], [ -111.967451, 41.395663 ], [ -111.967455, 41.395518 ], [ -111.967502, 41.395136 ], [ -111.967713, 41.394396 ], [ -111.967842, 41.393965 ], [ -111.967942, 41.393685 ], [ -111.967998, 41.393499 ], [ -111.968262, 41.392785 ], [ -111.968301, 41.392689 ], [ -111.96846, 41.392294 ], [ -111.968487, 41.392241 ], [ -111.968663, 41.392002 ], [ -111.968922, 41.391712 ], [ -111.969184, 41.391312 ], [ -111.969387, 41.39109 ], [ -111.969672, 41.390728 ], [ -111.970322, 41.390131 ], [ -111.970781, 41.389641 ], [ -111.970973, 41.389279 ], [ -111.971273, 41.388903 ], [ -111.971645, 41.388602 ], [ -111.971688, 41.388575 ], [ -111.97171, 41.388546 ], [ -111.972314, 41.388173 ], [ -111.97275, 41.387995 ], [ -111.973099, 41.387695 ], [ -111.97317, 41.387365 ], [ -111.973168, 41.387354 ], [ -111.973174, 41.387265 ], [ -111.97311, 41.386987 ], [ -111.973083, 41.386753 ], [ -111.973186, 41.386477 ], [ -111.973307, 41.386269 ], [ -111.973484, 41.385966 ], [ -111.973814, 41.385684 ], [ -111.974171, 41.385559 ], [ -111.974623, 41.385366 ], [ -111.975159, 41.385226 ], [ -111.975366, 41.385098 ], [ -111.97556, 41.384881 ], [ -111.975604, 41.384806 ], [ -111.975799, 41.384469 ], [ -111.975759, 41.384158 ], [ -111.975607, 41.383975 ], [ -111.975309, 41.383653 ], [ -111.97495, 41.383237 ], [ -111.974652, 41.382917 ], [ -111.974438, 41.382628 ], [ -111.974304, 41.382419 ], [ -111.974221, 41.382064 ], [ -111.974267, 41.381879 ], [ -111.974274, 41.381858 ], [ -111.974268, 41.381839 ], [ -111.974325, 41.38133 ], [ -111.974443, 41.380668 ], [ -111.97465, 41.38011 ], [ -111.974731, 41.379793 ], [ -111.974853, 41.379545 ], [ -111.974974, 41.379274 ], [ -111.975155, 41.378906 ], [ -111.975247, 41.378718 ], [ -111.975308, 41.378393 ], [ -111.975234, 41.377867 ], [ -111.975114, 41.377431 ], [ -111.974955, 41.377189 ], [ -111.974754, 41.376952 ], [ -111.974465, 41.376632 ], [ -111.974405, 41.376565 ], [ -111.97413, 41.376409 ], [ -111.973727, 41.376246 ], [ -111.973402, 41.376086 ], [ -111.973323, 41.376042 ], [ -111.973216, 41.375975 ], [ -111.972654, 41.375616 ], [ -111.97211, 41.37517 ], [ -111.971987, 41.375022 ], [ -111.971629, 41.37467 ], [ -111.97141, 41.374485 ], [ -111.971096, 41.374144 ], [ -111.971061, 41.374106 ], [ -111.970845, 41.373805 ], [ -111.970529, 41.373475 ], [ -111.970199, 41.373068 ], [ -111.969927, 41.372764 ], [ -111.969598, 41.37245 ], [ -111.969375, 41.372273 ], [ -111.969159, 41.372099 ], [ -111.96901, 41.371866 ], [ -111.968768, 41.371539 ], [ -111.968341, 41.37107 ], [ -111.968096, 41.37072 ], [ -111.967987, 41.370564 ], [ -111.967736, 41.370161 ], [ -111.9676, 41.369887 ], [ -111.967326, 41.369563 ], [ -111.967034, 41.369241 ], [ -111.966853, 41.369103 ], [ -111.966775, 41.369063 ], [ -111.966648, 41.369001 ], [ -111.966358, 41.368837 ], [ -111.966065, 41.368638 ], [ -111.965761, 41.368432 ], [ -111.965666, 41.368346 ], [ -111.965421, 41.368128 ], [ -111.965196, 41.367869 ], [ -111.965055, 41.367595 ], [ -111.96484, 41.367241 ], [ -111.964487, 41.366812 ], [ -111.964226, 41.366544 ], [ -111.963983, 41.366313 ], [ -111.963288, 41.365524 ], [ -111.963247, 41.365489 ], [ -111.96318, 41.365335 ], [ -111.963422, 41.365121 ], [ -111.964508, 41.364923 ], [ -111.965335, 41.36474 ], [ -111.966128, 41.36458 ], [ -111.96654, 41.364545 ], [ -111.966892, 41.36452 ], [ -111.967298, 41.36447 ], [ -111.967593, 41.36439 ], [ -111.967721, 41.364355 ], [ -111.967977, 41.364259 ], [ -111.968639, 41.364016 ], [ -111.969166, 41.363865 ], [ -111.96956, 41.363795 ], [ -111.969996, 41.363727 ], [ -111.970179, 41.363663 ], [ -111.970435, 41.363549 ], [ -111.970754, 41.363325 ], [ -111.971628, 41.362877 ], [ -111.972516, 41.362498 ], [ -111.972863, 41.362252 ], [ -111.973103, 41.362049 ], [ -111.973273, 41.361827 ], [ -111.973406, 41.361564 ], [ -111.973481, 41.361366 ], [ -111.973557, 41.361171 ], [ -111.973793, 41.361057 ], [ -111.973859, 41.361034 ], [ -111.974562, 41.360969 ], [ -111.975062, 41.36074 ], [ -111.975416, 41.360467 ], [ -111.976109, 41.360028 ], [ -111.97666, 41.359699 ], [ -111.976956, 41.359463 ], [ -111.97739, 41.358968 ], [ -111.977768, 41.358645 ], [ -111.978064, 41.358435 ], [ -111.978349, 41.358316 ], [ -111.979146, 41.358021 ], [ -111.979667, 41.357818 ], [ -111.980353, 41.357592 ], [ -111.981038, 41.357374 ], [ -111.981972, 41.35715 ], [ -111.982472, 41.356988 ], [ -111.98297, 41.356731 ], [ -111.983533, 41.356421 ], [ -111.984418, 41.356053 ], [ -111.984959, 41.355868 ], [ -111.985149, 41.355758 ], [ -111.985504, 41.355557 ], [ -111.985942, 41.35521 ], [ -111.986468, 41.354926 ], [ -111.986511, 41.354903 ], [ -111.987146, 41.35462 ], [ -111.987885, 41.354451 ], [ -111.9886, 41.354299 ], [ -111.989541, 41.354108 ], [ -111.990208, 41.353972 ], [ -111.990875, 41.353768 ], [ -111.991369, 41.353629 ], [ -111.99188, 41.353435 ], [ -111.992212, 41.353279 ], [ -111.99239, 41.353165 ], [ -111.992573, 41.353051 ], [ -111.993219, 41.352685 ], [ -111.993641, 41.352492 ], [ -111.993907, 41.352292 ], [ -111.994124, 41.352024 ], [ -111.994381, 41.351661 ], [ -111.994613, 41.351191 ], [ -111.99498, 41.350584 ], [ -111.995041, 41.350493 ], [ -111.995162, 41.3503 ], [ -111.995175, 41.350294 ], [ -111.995343, 41.35001 ], [ -111.995607, 41.349724 ], [ -111.995976, 41.349549 ], [ -111.996059, 41.349544 ], [ -111.996626, 41.349503 ], [ -111.997147, 41.349553 ], [ -111.997896, 41.349686 ], [ -111.998531, 41.349771 ], [ -111.999136, 41.349852 ], [ -111.999657, 41.349918 ], [ -111.99992, 41.34993 ], [ -112.00029, 41.349922 ], [ -112.000822, 41.349908 ], [ -112.001342, 41.349833 ], [ -112.001896, 41.349813 ], [ -112.002182, 41.349748 ], [ -112.002653, 41.349627 ], [ -112.003158, 41.34946 ], [ -112.00349, 41.349272 ], [ -112.003755, 41.349036 ], [ -112.004018, 41.348669 ], [ -112.004109, 41.348357 ], [ -112.004121, 41.347956 ], [ -112.004067, 41.34757 ], [ -112.003915, 41.346967 ], [ -112.003904, 41.346648 ], [ -112.004001, 41.346395 ], [ -112.004195, 41.346181 ], [ -112.004419, 41.345945 ], [ -112.004689, 41.345735 ], [ -112.005412, 41.345244 ], [ -112.005737, 41.345044 ], [ -112.005856, 41.344969 ], [ -112.006266, 41.344812 ], [ -112.006626, 41.344756 ], [ -112.006839, 41.344767 ], [ -112.007065, 41.34476 ], [ -112.007346, 41.344699 ], [ -112.007677, 41.344453 ], [ -112.007807, 41.34432 ], [ -112.007836, 41.344276 ], [ -112.008101, 41.344021 ], [ -112.008386, 41.343848 ], [ -112.008735, 41.343728 ], [ -112.009093, 41.343679 ], [ -112.009428, 41.34369 ], [ -112.0102, 41.343764 ], [ -112.01072, 41.34376 ], [ -112.010827, 41.343741 ], [ -112.011352, 41.343651 ], [ -112.011852, 41.343507 ], [ -112.012292, 41.343408 ], [ -112.012744, 41.343337 ], [ -112.013067, 41.34343 ], [ -112.013376, 41.343534 ], [ -112.013828, 41.343773 ], [ -112.014508, 41.344073 ], [ -112.014568, 41.344091 ], [ -112.014903, 41.344142 ], [ -112.015662, 41.344131 ], [ -112.016908, 41.34416 ], [ -112.019661, 41.344203 ], [ -112.020301, 41.344225 ], [ -112.02091, 41.344179 ], [ -112.021196, 41.344122 ], [ -112.021488, 41.34407 ], [ -112.022136, 41.343862 ], [ -112.022253, 41.343812 ], [ -112.022635, 41.343605 ], [ -112.023084, 41.343295 ], [ -112.023266, 41.343104 ], [ -112.023555, 41.342636 ], [ -112.023894, 41.342027 ], [ -112.024175, 41.341463 ], [ -112.024211, 41.341386 ], [ -112.024242, 41.341312 ], [ -112.024602, 41.340633 ], [ -112.024724, 41.340433 ], [ -112.024797, 41.340313 ], [ -112.025243, 41.339586 ], [ -112.025412, 41.339311 ], [ -112.025657, 41.338926 ], [ -112.025766, 41.338798 ], [ -112.025944, 41.33859 ], [ -112.026369, 41.338271 ], [ -112.026523, 41.338126 ], [ -112.026782, 41.337884 ], [ -112.027246, 41.337385 ], [ -112.027421, 41.337237 ], [ -112.027631, 41.33706 ], [ -112.027824, 41.336898 ], [ -112.028093, 41.336739 ], [ -112.028113, 41.336727 ], [ -112.028138, 41.336712 ], [ -112.02822, 41.336664 ], [ -112.028285, 41.336636 ], [ -112.028477, 41.336549 ], [ -112.028672, 41.336512 ], [ -112.029236, 41.336524 ], [ -112.029581, 41.336531 ], [ -112.029631, 41.336527 ], [ -112.029724, 41.336527 ], [ -112.030107, 41.33653 ], [ -112.031185, 41.336527 ], [ -112.03354, 41.336545 ], [ -112.034073, 41.336547 ], [ -112.034441, 41.33655 ], [ -112.037393, 41.336561 ], [ -112.038129, 41.336565 ], [ -112.038371, 41.336575 ], [ -112.042676, 41.336583 ], [ -112.043778, 41.336587 ], [ -112.044824, 41.336591 ], [ -112.04519, 41.336593 ], [ -112.047641, 41.336602 ], [ -112.047783, 41.336603 ], [ -112.049061, 41.336607 ], [ -112.059546, 41.336647 ], [ -112.063515, 41.336661 ], [ -112.06396, 41.336668 ], [ -112.064393, 41.336668 ], [ -112.065154, 41.336669 ], [ -112.06659, 41.336669 ], [ -112.066827, 41.33667 ], [ -112.067285, 41.336673 ], [ -112.070163, 41.336689 ], [ -112.07118, 41.336692 ], [ -112.07158, 41.336693 ], [ -112.071815, 41.336694 ], [ -112.073173, 41.3367 ], [ -112.073457, 41.336701 ], [ -112.079828, 41.336725 ], [ -112.082767, 41.336736 ], [ -112.083086, 41.336738 ], [ -112.085768, 41.336747 ], [ -112.089833, 41.336762 ], [ -112.092709, 41.336772 ], [ -112.092844, 41.336773 ], [ -112.093098, 41.336774 ], [ -112.093954, 41.336777 ], [ -112.094981, 41.336781 ], [ -112.096506, 41.336786 ], [ -112.096662, 41.336787 ], [ -112.096805, 41.336783 ], [ -112.09785, 41.336791 ], [ -112.098079, 41.336792 ], [ -112.098257, 41.336797 ], [ -112.098347, 41.336797 ], [ -112.098491, 41.336796 ], [ -112.098622, 41.336796 ], [ -112.098817, 41.336795 ], [ -112.098904, 41.336793 ], [ -112.098997, 41.336791 ], [ -112.09918, 41.336788 ], [ -112.100139, 41.3368 ], [ -112.102349, 41.336808 ], [ -112.118406, 41.336863 ], [ -112.122029, 41.336874 ], [ -112.123845, 41.33688 ], [ -112.126275, 41.336885 ], [ -112.130216, 41.336882 ], [ -112.131093, 41.336873 ], [ -112.131272, 41.336871 ], [ -112.131689, 41.336873 ], [ -112.132297, 41.336869 ], [ -112.132893, 41.336868 ], [ -112.133181, 41.336872 ] ] ] } },
{ "type": "Feature", "properties": { "STATEFP": "49", "COUNTYFP": "057", "COUNTYNS": "01448042", "GEOID": "49057", "GEOIDFQ": "0500000US49057", "NAME": "Weber", "NAMELSAD": "Weber County", "LSAD": "06", "CLASSFP": "H1", "MTFCC": "G4020", "CSAFP": "482", "CBSAFP": "36260", "METDIVFP": null, "FUNCSTAT": "A", "ALAND": 1582606369, "AWATER": 126602101, "INTPTLAT": "+41.2703252", "INTPTLON": "-111.8768830" }, "geometry": { "type": "Polygon", "coordinates": [ [ [ -111.975799, 41.384469 ], [ -111.975604, 41.384806 ], [ -111.97556, 41.384881 ], [ -111.975366, 41.385098 ], [ -111.975159, 41.385226 ], [ -111.974623, 41.385366 ], [ -111.974171, 41.385559 ], [ -111.973814, 41.385684 ], [ -111.973484, 41.385966 ], [ -111.973307, 41.386269 ], [ -111.973186, 41.386477 ], [ -111.973083, 41.386753 ], [ -111.97311, 41.386987 ], [ -111.973174, 41.387265 ], [ -111.973168, 41.387354 ], [ -111.97317, 41.387365 ], [ -111.973099, 41.387695 ], [ -111.97275, 41.387995 ], [ -111.972314, 41.388173 ], [ -111.97171, 41.388546 ], [ -111.971688, 41.388575 ], [ -111.971645, 41.388602 ], [ -111.971273, 41.388903 ], [ -111.970973, 41.389279 ], [ -111.970781, 41.389641 ], [ -111.970322, 41.390131 ], [ -111.969672, 41.390728 ], [ -111.969387, 41.39109 ], [ -111.969184, 41.391312 ], [ -111.968922, 41.391712 ], [ -111.968663, 41.392002 ], [ -111.968487, 41.392241 ], [ -111.96846, 41.392294 ], [ -111.968301, 41.392689 ], [ -111.968262, 41.392785 ], [ -111.967998, 41.393499 ], [ -111.967942, 41.393685 ], [ -111.967842, 41.393965 ], [ -111.967713, 41.394396 ], [ -111.967502, 41.395136 ], [ -111.967455, 41.395518 ], [ -111.967451, 41.395663 ], [ -111.967645, 41.396135 ], [ -111.967608, 41.396564 ], [ -111.967594, 41.396931 ], [ -111.967572, 41.397077 ], [ -111.967497, 41.397645 ], [ -111.967568, 41.398475 ], [ -111.967573, 41.398529 ], [ -111.967713, 41.399314 ], [ -111.967665, 41.399706 ], [ -111.967411, 41.400013 ], [ -111.96734, 41.400348 ], [ -111.96753, 41.400686 ], [ -111.967555, 41.400729 ], [ -111.96763, 41.400963 ], [ -111.967615, 41.401161 ], [ -111.967622, 41.401593 ], [ -111.967492, 41.40213 ], [ -111.967372, 41.402505 ], [ -111.967308, 41.403051 ], [ -111.967302, 41.403127 ], [ -111.967259, 41.403682 ], [ -111.967176, 41.404218 ], [ -111.967177, 41.404664 ], [ -111.967213, 41.4049 ], [ -111.967309, 41.405519 ], [ -111.967379, 41.405779 ], [ -111.967473, 41.406126 ], [ -111.967501, 41.406801 ], [ -111.967536, 41.407116 ], [ -111.96764, 41.407705 ], [ -111.967612, 41.40821 ], [ -111.967601, 41.408322 ], [ -111.967539, 41.408953 ], [ -111.967557, 41.409125 ], [ -111.967609, 41.409614 ], [ -111.967757, 41.409939 ], [ -111.968202, 41.410443 ], [ -111.968466, 41.410714 ], [ -111.968657, 41.410908 ], [ -111.968712, 41.410965 ], [ -111.968772, 41.411047 ], [ -111.969078, 41.411462 ], [ -111.969115, 41.411516 ], [ -111.96936, 41.411879 ], [ -111.969455, 41.412 ], [ -111.969616, 41.412205 ], [ -111.969679, 41.412376 ], [ -111.969702, 41.412413 ], [ -111.969752, 41.412548 ], [ -111.969792, 41.412764 ], [ -111.969921, 41.413033 ], [ -111.970199, 41.413132 ], [ -111.970408, 41.413203 ], [ -111.970601, 41.413287 ], [ -111.970844, 41.413521 ], [ -111.971355, 41.4141 ], [ -111.971497, 41.414378 ], [ -111.971501, 41.414685 ], [ -111.971493, 41.414955 ], [ -111.971525, 41.415463 ], [ -111.971636, 41.416098 ], [ -111.971731, 41.416444 ], [ -111.971866, 41.416687 ], [ -111.972036, 41.41695 ], [ -111.972131, 41.417174 ], [ -111.972242, 41.417448 ], [ -111.972199, 41.417768 ], [ -111.972157, 41.417857 ], [ -111.972077, 41.417999 ], [ -111.971986, 41.418288 ], [ -111.972039, 41.418679 ], [ -111.972134, 41.418997 ], [ -111.972209, 41.419236 ], [ -111.972345, 41.419563 ], [ -111.972529, 41.419864 ], [ -111.972472, 41.420053 ], [ -111.972365, 41.42009 ], [ -111.972056, 41.420223 ], [ -111.971711, 41.420357 ], [ -111.971448, 41.420395 ], [ -111.971353, 41.420423 ], [ -111.970941, 41.420503 ], [ -111.97044, 41.420611 ], [ -111.970291, 41.420644 ], [ -111.970094, 41.420686 ], [ -111.969697, 41.4209 ], [ -111.969466, 41.42106 ], [ -111.969241, 41.421215 ], [ -111.969201, 41.421249 ], [ -111.968685, 41.421684 ], [ -111.968105, 41.422072 ], [ -111.967902, 41.422254 ], [ -111.967582, 41.422538 ], [ -111.967467, 41.422641 ], [ -111.967101, 41.422873 ], [ -111.966791, 41.42307 ], [ -111.966075, 41.423598 ], [ -111.965722, 41.423975 ], [ -111.965515, 41.424148 ], [ -111.96532, 41.424284 ], [ -111.965036, 41.424526 ], [ -111.964831, 41.424615 ], [ -111.964644, 41.424695 ], [ -111.964324, 41.42491 ], [ -111.964008, 41.424998 ], [ -111.963759, 41.425185 ], [ -111.963536, 41.425466 ], [ -111.963261, 41.425878 ], [ -111.962934, 41.426444 ], [ -111.962721, 41.426716 ], [ -111.962657, 41.426819 ], [ -111.962608, 41.426895 ], [ -111.962156, 41.427608 ], [ -111.961998, 41.427834 ], [ -111.961753, 41.428327 ], [ -111.961371, 41.428772 ], [ -111.961083, 41.429049 ], [ -111.960985, 41.429151 ], [ -111.960931, 41.429222 ], [ -111.960592, 41.429568 ], [ -111.960149, 41.430232 ], [ -111.95996, 41.430474 ], [ -111.959491, 41.430964 ], [ -111.959468, 41.431135 ], [ -111.959482, 41.431355 ], [ -111.959509, 41.431598 ], [ -111.959471, 41.431841 ], [ -111.959379, 41.431945 ], [ -111.959036, 41.432321 ], [ -111.958952, 41.432559 ], [ -111.958954, 41.43257 ], [ -111.95894, 41.432755 ], [ -111.959085, 41.433263 ], [ -111.959161, 41.433478 ], [ -111.959173, 41.433573 ], [ -111.959096, 41.433665 ], [ -111.9591, 41.433706 ], [ -111.959032, 41.433727 ], [ -111.958771, 41.43386 ], [ -111.958579, 41.433875 ], [ -111.958286, 41.433873 ], [ -111.957957, 41.433839 ], [ -111.957685, 41.433762 ], [ -111.95741, 41.433674 ], [ -111.956933, 41.433425 ], [ -111.956438, 41.4331 ], [ -111.9559, 41.432726 ], [ -111.954939, 41.43209 ], [ -111.954768, 41.431844 ], [ -111.954734, 41.431628 ], [ -111.95476, 41.431354 ], [ -111.95478, 41.431083 ], [ -111.954705, 41.430854 ], [ -111.954507, 41.430396 ], [ -111.954464, 41.43026 ], [ -111.954419, 41.430122 ], [ -111.954283, 41.429803 ], [ -111.954117, 41.429543 ], [ -111.953867, 41.429234 ], [ -111.953831, 41.42919 ], [ -111.95377, 41.429103 ], [ -111.953623, 41.428894 ], [ -111.953605, 41.428868 ], [ -111.953361, 41.428577 ], [ -111.95298, 41.428288 ], [ -111.952864, 41.42821 ], [ -111.952799, 41.428167 ], [ -111.952642, 41.428092 ], [ -111.951966, 41.427769 ], [ -111.951203, 41.427514 ], [ -111.950903, 41.427413 ], [ -111.950651, 41.427357 ], [ -111.950212, 41.427248 ], [ -111.949856, 41.426998 ], [ -111.949703, 41.426856 ], [ -111.949631, 41.426788 ], [ -111.949551, 41.426604 ], [ -111.949463, 41.426366 ], [ -111.949337, 41.426198 ], [ -111.949283, 41.426146 ], [ -111.949177, 41.426045 ], [ -111.94874, 41.425886 ], [ -111.948642, 41.42585 ], [ -111.948389, 41.425708 ], [ -111.947796, 41.425255 ], [ -111.94694, 41.424748 ], [ -111.946234, 41.424447 ], [ -111.945435, 41.424202 ], [ -111.945116, 41.424114 ], [ -111.944719, 41.423929 ], [ -111.944531, 41.42375 ], [ -111.94436, 41.423485 ], [ -111.94413, 41.422785 ], [ -111.944109, 41.422723 ], [ -111.944059, 41.422574 ], [ -111.943917, 41.422278 ], [ -111.943735, 41.422117 ], [ -111.943451, 41.42193 ], [ -111.943108, 41.421748 ], [ -111.942777, 41.421648 ], [ -111.942368, 41.42148 ], [ -111.941897, 41.421236 ], [ -111.941371, 41.420942 ], [ -111.941258, 41.420878 ], [ -111.941089, 41.420783 ], [ -111.940995, 41.420729 ], [ -111.940709, 41.420565 ], [ -111.940546, 41.420472 ], [ -111.940495, 41.420385 ], [ -111.940483, 41.420365 ], [ -111.94041, 41.420241 ], [ -111.940393, 41.420212 ], [ -111.940386, 41.420181 ], [ -111.940283, 41.419677 ], [ -111.940115, 41.419359 ], [ -111.940031, 41.419202 ], [ -111.93994, 41.419151 ], [ -111.939579, 41.418944 ], [ -111.939313, 41.418789 ], [ -111.939101, 41.418644 ], [ -111.938812, 41.418446 ], [ -111.938684, 41.418267 ], [ -111.938603, 41.418153 ], [ -111.938527, 41.418045 ], [ -111.938427, 41.417905 ], [ -111.938354, 41.417732 ], [ -111.938167, 41.417276 ], [ -111.938028, 41.416791 ], [ -111.938124, 41.416388 ], [ -111.93818, 41.416268 ], [ -111.938187, 41.416148 ], [ -111.938285, 41.415878 ], [ -111.938109, 41.41579 ], [ -111.937846, 41.415779 ], [ -111.9372, 41.415766 ], [ -111.93693, 41.415755 ], [ -111.936561, 41.415839 ], [ -111.936215, 41.415954 ], [ -111.935887, 41.416029 ], [ -111.935324, 41.41598 ], [ -111.934533, 41.415855 ], [ -111.934161, 41.415878 ], [ -111.934007, 41.415882 ], [ -111.933704, 41.416083 ], [ -111.933545, 41.416215 ], [ -111.933319, 41.416356 ], [ -111.933027, 41.416408 ], [ -111.9322, 41.416329 ], [ -111.931876, 41.416273 ], [ -111.93154, 41.416163 ], [ -111.93125, 41.415973 ], [ -111.930929, 41.415731 ], [ -111.930743, 41.415584 ], [ -111.93039, 41.415244 ], [ -111.93013, 41.415115 ], [ -111.929884, 41.414992 ], [ -111.929786, 41.414949 ], [ -111.929348, 41.414754 ], [ -111.928991, 41.414513 ], [ -111.928817, 41.41434 ], [ -111.928718, 41.414245 ], [ -111.928596, 41.414057 ], [ -111.928238, 41.413607 ], [ -111.928069, 41.41347 ], [ -111.92774, 41.413204 ], [ -111.927172, 41.412776 ], [ -111.926889, 41.412657 ], [ -111.926355, 41.412535 ], [ -111.925655, 41.412582 ], [ -111.924843, 41.412696 ], [ -111.924425, 41.412856 ], [ -111.924064, 41.412995 ], [ -111.923731, 41.413166 ], [ -111.923672, 41.413196 ], [ -111.923446, 41.413274 ], [ -111.922985, 41.413264 ], [ -111.922145, 41.413073 ], [ -111.921308, 41.412746 ], [ -111.921207, 41.412711 ], [ -111.921068, 41.412663 ], [ -111.920606, 41.412603 ], [ -111.919949, 41.412622 ], [ -111.919518, 41.412612 ], [ -111.918936, 41.412473 ], [ -111.918294, 41.412361 ], [ -111.917852, 41.412445 ], [ -111.917801, 41.412489 ], [ -111.917628, 41.412636 ], [ -111.917314, 41.412905 ], [ -111.916946, 41.41307 ], [ -111.916654, 41.413105 ], [ -111.916394, 41.413134 ], [ -111.916021, 41.413176 ], [ -111.915392, 41.413195 ], [ -111.914848, 41.413139 ], [ -111.914487, 41.413071 ], [ -111.914067, 41.41307 ], [ -111.913782, 41.413167 ], [ -111.913659, 41.413279 ], [ -111.913613, 41.4133 ], [ -111.913574, 41.413418 ], [ -111.913615, 41.4136 ], [ -111.913714, 41.413871 ], [ -111.913533, 41.414133 ], [ -111.913473, 41.414162 ], [ -111.912997, 41.41437 ], [ -111.912697, 41.414516 ], [ -111.912505, 41.414598 ], [ -111.912284, 41.414692 ], [ -111.912052, 41.414775 ], [ -111.91176, 41.414858 ], [ -111.911401, 41.414888 ], [ -111.911162, 41.414894 ], [ -111.910769, 41.414931 ], [ -111.910716, 41.414937 ], [ -111.910649, 41.414958 ], [ -111.910137, 41.415209 ], [ -111.909823, 41.415419 ], [ -111.909514, 41.415567 ], [ -111.909484, 41.415582 ], [ -111.90946, 41.415593 ], [ -111.908961, 41.415804 ], [ -111.908573, 41.415888 ], [ -111.908203, 41.415931 ], [ -111.907814, 41.415884 ], [ -111.907727, 41.41586 ], [ -111.907501, 41.415797 ], [ -111.907055, 41.415571 ], [ -111.90626, 41.415145 ], [ -111.905796, 41.41491 ], [ -111.90561, 41.414889 ], [ -111.905497, 41.414917 ], [ -111.905471, 41.414965 ], [ -111.905448, 41.415008 ], [ -111.905438, 41.415025 ], [ -111.90541, 41.415116 ], [ -111.905424, 41.415287 ], [ -111.90547, 41.415597 ], [ -111.905474, 41.415858 ], [ -111.905469, 41.416372 ], [ -111.905471, 41.416948 ], [ -111.905379, 41.417327 ], [ -111.905158, 41.417658 ], [ -111.904882, 41.418074 ], [ -111.904635, 41.418346 ], [ -111.904214, 41.418701 ], [ -111.904122, 41.41877 ], [ -111.903957, 41.418906 ], [ -111.903543, 41.419047 ], [ -111.903115, 41.419128 ], [ -111.902517, 41.419243 ], [ -111.902112, 41.419312 ], [ -111.901979, 41.419335 ], [ -111.901419, 41.419439 ], [ -111.901202, 41.419466 ], [ -111.901073, 41.419482 ], [ -111.900702, 41.41949 ], [ -111.900174, 41.419386 ], [ -111.899573, 41.419188 ], [ -111.899222, 41.419048 ], [ -111.899086, 41.418993 ], [ -111.898711, 41.418704 ], [ -111.898448, 41.418341 ], [ -111.89833, 41.418192 ], [ -111.898095, 41.418037 ], [ -111.898061, 41.418015 ], [ -111.897819, 41.417999 ], [ -111.897516, 41.417979 ], [ -111.896606, 41.418347 ], [ -111.896091, 41.418449 ], [ -111.895537, 41.418494 ], [ -111.895268, 41.418466 ], [ -111.89498, 41.41844 ], [ -111.894913, 41.41842 ], [ -111.894283, 41.418229 ], [ -111.89346, 41.418037 ], [ -111.893262, 41.418012 ], [ -111.893144, 41.418076 ], [ -111.893012, 41.418095 ], [ -111.892971, 41.41816 ], [ -111.89274, 41.4188 ], [ -111.892638, 41.419207 ], [ -111.892415, 41.419896 ], [ -111.892294, 41.42028 ], [ -111.892281, 41.420614 ], [ -111.892174, 41.421119 ], [ -111.892121, 41.421272 ], [ -111.892076, 41.421399 ], [ -111.892002, 41.42162 ], [ -111.891899, 41.422013 ], [ -111.891771, 41.422333 ], [ -111.891498, 41.422786 ], [ -111.89147, 41.422815 ], [ -111.890998, 41.423309 ], [ -111.890826, 41.42348 ], [ -111.890291, 41.424016 ], [ -111.889485, 41.42454 ], [ -111.889137, 41.424714 ], [ -111.889078, 41.424742 ], [ -111.889066, 41.424748 ], [ -111.888399, 41.425089 ], [ -111.887235, 41.425643 ], [ -111.886108, 41.426106 ], [ -111.885532, 41.426343 ], [ -111.885367, 41.426132 ], [ -111.885245, 41.42601 ], [ -111.884926, 41.425784 ], [ -111.884461, 41.425551 ], [ -111.883871, 41.425278 ], [ -111.883611, 41.425165 ], [ -111.882964, 41.424997 ], [ -111.882922, 41.424998 ], [ -111.881695, 41.425048 ], [ -111.880948, 41.425022 ], [ -111.880144, 41.424857 ], [ -111.87979, 41.424712 ], [ -111.879709, 41.424677 ], [ -111.879449, 41.424571 ], [ -111.879318, 41.424519 ], [ -111.878971, 41.424379 ], [ -111.878474, 41.424132 ], [ -111.878133, 41.423962 ], [ -111.878002, 41.423886 ], [ -111.877948, 41.423854 ], [ -111.877916, 41.423836 ], [ -111.877866, 41.423806 ], [ -111.877729, 41.423727 ], [ -111.877608, 41.423678 ], [ -111.877478, 41.423626 ], [ -111.87729, 41.42355 ], [ -111.877203, 41.423534 ], [ -111.877122, 41.42352 ], [ -111.877064, 41.423509 ], [ -111.876931, 41.423485 ], [ -111.876891, 41.423478 ], [ -111.876866, 41.423472 ], [ -111.876786, 41.423459 ], [ -111.876589, 41.423486 ], [ -111.876404, 41.423512 ], [ -111.876196, 41.423579 ], [ -111.875969, 41.423614 ], [ -111.875843, 41.423611 ], [ -111.875676, 41.423661 ], [ -111.875567, 41.423559 ], [ -111.875368, 41.423466 ], [ -111.875187, 41.423345 ], [ -111.874964, 41.42323 ], [ -111.87462, 41.423003 ], [ -111.874445, 41.422919 ], [ -111.874265, 41.422812 ], [ -111.87403, 41.422719 ], [ -111.87374, 41.42255 ], [ -111.873482, 41.422457 ], [ -111.872994, 41.422204 ], [ -111.872602, 41.421996 ], [ -111.872491, 41.421884 ], [ -111.872384, 41.421772 ], [ -111.87234, 41.421628 ], [ -111.872324, 41.421518 ], [ -111.872309, 41.42144 ], [ -111.87227, 41.421305 ], [ -111.87234, 41.421183 ], [ -111.872476, 41.421091 ], [ -111.872655, 41.421009 ], [ -111.872917, 41.420922 ], [ -111.873131, 41.420816 ], [ -111.87344, 41.420634 ], [ -111.873481, 41.420599 ], [ -111.873629, 41.420471 ], [ -111.873681, 41.420417 ], [ -111.873806, 41.42029 ], [ -111.873918, 41.420175 ], [ -111.873955, 41.420142 ], [ -111.874058, 41.420048 ], [ -111.874178, 41.419939 ], [ -111.874331, 41.419771 ], [ -111.87449, 41.419581 ], [ -111.874709, 41.419377 ], [ -111.874881, 41.419179 ], [ -111.874951, 41.4191 ], [ -111.874995, 41.419031 ], [ -111.875036, 41.418968 ], [ -111.875063, 41.418927 ], [ -111.875108, 41.418856 ], [ -111.875132, 41.418818 ], [ -111.875159, 41.418776 ], [ -111.875183, 41.418738 ], [ -111.875204, 41.418705 ], [ -111.875261, 41.41862 ], [ -111.875279, 41.418592 ], [ -111.875297, 41.418566 ], [ -111.875376, 41.418494 ], [ -111.875409, 41.418465 ], [ -111.875432, 41.418443 ], [ -111.875472, 41.418418 ], [ -111.875503, 41.418397 ], [ -111.875549, 41.418367 ], [ -111.875592, 41.418339 ], [ -111.875615, 41.418324 ], [ -111.875677, 41.418284 ], [ -111.875754, 41.418236 ], [ -111.875774, 41.418224 ], [ -111.875791, 41.418211 ], [ -111.875851, 41.418163 ], [ -111.875941, 41.41809 ], [ -111.876025, 41.418023 ], [ -111.87611, 41.417956 ], [ -111.876172, 41.417906 ], [ -111.8763, 41.417863 ], [ -111.876444, 41.417816 ], [ -111.876555, 41.417779 ], [ -111.876867, 41.417676 ], [ -111.876934, 41.417653 ], [ -111.876992, 41.417634 ], [ -111.877031, 41.417618 ], [ -111.877103, 41.417589 ], [ -111.877279, 41.417518 ], [ -111.877372, 41.417481 ], [ -111.877469, 41.417442 ], [ -111.877697, 41.417372 ], [ -111.877835, 41.417331 ], [ -111.878301, 41.417148 ], [ -111.878493, 41.417073 ], [ -111.878644, 41.417014 ], [ -111.879048, 41.416794 ], [ -111.879284, 41.41654 ], [ -111.879449, 41.416337 ], [ -111.879507, 41.416246 ], [ -111.879704, 41.415749 ], [ -111.87977, 41.41548 ], [ -111.879808, 41.415325 ], [ -111.879834, 41.415217 ], [ -111.879847, 41.415172 ], [ -111.87988, 41.415098 ], [ -111.879921, 41.415001 ], [ -111.879957, 41.414911 ], [ -111.879989, 41.414725 ], [ -111.880014, 41.414583 ], [ -111.880039, 41.41444 ], [ -111.88005, 41.414373 ], [ -111.880034, 41.41423 ], [ -111.880014, 41.414061 ], [ -111.880005, 41.413989 ], [ -111.879996, 41.413914 ], [ -111.879928, 41.413783 ], [ -111.879874, 41.413679 ], [ -111.879837, 41.413608 ], [ -111.879812, 41.413559 ], [ -111.879759, 41.413446 ], [ -111.879692, 41.413301 ], [ -111.879641, 41.413196 ], [ -111.879621, 41.413149 ], [ -111.879601, 41.413106 ], [ -111.879578, 41.413057 ], [ -111.879526, 41.412973 ], [ -111.879439, 41.412832 ], [ -111.87934, 41.412691 ], [ -111.87923, 41.412546 ], [ -111.878997, 41.41234 ], [ -111.87877, 41.41218 ], [ -111.878607, 41.412084 ], [ -111.87838, 41.411951 ], [ -111.878252, 41.411876 ], [ -111.877958, 41.411693 ], [ -111.877887, 41.411649 ], [ -111.877767, 41.411573 ], [ -111.877624, 41.411483 ], [ -111.877501, 41.411374 ], [ -111.87738, 41.411263 ], [ -111.877277, 41.41118 ], [ -111.877179, 41.411101 ], [ -111.877018, 41.411001 ], [ -111.876716, 41.410825 ], [ -111.876276, 41.410708 ], [ -111.876017, 41.410589 ], [ -111.875941, 41.410519 ], [ -111.875853, 41.41046 ], [ -111.875779, 41.410375 ], [ -111.875706, 41.410308 ], [ -111.875639, 41.410186 ], [ -111.875613, 41.410065 ], [ -111.875621, 41.409949 ], [ -111.875636, 41.409571 ], [ -111.875652, 41.409376 ], [ -111.875646, 41.40893 ], [ -111.875659, 41.408674 ], [ -111.87564, 41.408507 ], [ -111.87557, 41.408346 ], [ -111.875475, 41.408274 ], [ -111.875342, 41.408135 ], [ -111.875209, 41.40805 ], [ -111.875082, 41.407943 ], [ -111.874955, 41.4078 ], [ -111.874946, 41.407633 ], [ -111.874921, 41.407539 ], [ -111.874922, 41.407499 ], [ -111.874925, 41.40744 ], [ -111.874935, 41.407215 ], [ -111.874993, 41.407061 ], [ -111.875004, 41.40694 ], [ -111.875013, 41.406831 ], [ -111.875015, 41.406744 ], [ -111.875016, 41.406655 ], [ -111.875021, 41.406556 ], [ -111.875025, 41.406482 ], [ -111.875125, 41.406269 ], [ -111.875179, 41.406118 ], [ -111.875206, 41.406046 ], [ -111.87524, 41.405888 ], [ -111.875259, 41.405551 ], [ -111.875252, 41.405477 ], [ -111.875231, 41.405249 ], [ -111.875211, 41.405091 ], [ -111.875155, 41.404939 ], [ -111.87498, 41.404774 ], [ -111.874872, 41.404666 ], [ -111.874605, 41.404489 ], [ -111.874567, 41.40446 ], [ -111.874369, 41.404305 ], [ -111.874195, 41.404221 ], [ -111.873845, 41.404035 ], [ -111.873688, 41.403923 ], [ -111.873481, 41.403695 ], [ -111.873306, 41.403548 ], [ -111.873168, 41.403481 ], [ -111.872974, 41.403311 ], [ -111.872818, 41.403217 ], [ -111.872636, 41.403111 ], [ -111.87245, 41.403005 ], [ -111.87222, 41.402826 ], [ -111.87211, 41.402762 ], [ -111.871991, 41.402693 ], [ -111.871906, 41.402633 ], [ -111.871761, 41.402524 ], [ -111.871556, 41.402395 ], [ -111.871086, 41.402101 ], [ -111.870802, 41.401923 ], [ -111.870668, 41.40178 ], [ -111.870493, 41.401592 ], [ -111.870227, 41.401409 ], [ -111.870016, 41.401303 ], [ -111.869865, 41.401142 ], [ -111.869853, 41.401 ], [ -111.869875, 41.400752 ], [ -111.869886, 41.40065 ], [ -111.869893, 41.400578 ], [ -111.869895, 41.400365 ], [ -111.869853, 41.400246 ], [ -111.869845, 41.400047 ], [ -111.869643, 41.399729 ], [ -111.869461, 41.399555 ], [ -111.869279, 41.399358 ], [ -111.868873, 41.399009 ], [ -111.868782, 41.398871 ], [ -111.868588, 41.398665 ], [ -111.868443, 41.398563 ], [ -111.868275, 41.398546 ], [ -111.868144, 41.398619 ], [ -111.867949, 41.398769 ], [ -111.867717, 41.398902 ], [ -111.867554, 41.398924 ], [ -111.867317, 41.398891 ], [ -111.867106, 41.39889 ], [ -111.866868, 41.398892 ], [ -111.866539, 41.398906 ], [ -111.865985, 41.399041 ], [ -111.865614, 41.399066 ], [ -111.865024, 41.399209 ], [ -111.864524, 41.399385 ], [ -111.864006, 41.399556 ], [ -111.863744, 41.399602 ], [ -111.863552, 41.399625 ], [ -111.863373, 41.399646 ], [ -111.863172, 41.399635 ], [ -111.862942, 41.399627 ], [ -111.862611, 41.399483 ], [ -111.862382, 41.399383 ], [ -111.862231, 41.399254 ], [ -111.862073, 41.399052 ], [ -111.861962, 41.398819 ], [ -111.861822, 41.398613 ], [ -111.861809, 41.398325 ], [ -111.86179, 41.398184 ], [ -111.861758, 41.397819 ], [ -111.861694, 41.397399 ], [ -111.861694, 41.397257 ], [ -111.861678, 41.397139 ], [ -111.86165, 41.396938 ], [ -111.861588, 41.396686 ], [ -111.861504, 41.396552 ], [ -111.861428, 41.396422 ], [ -111.861294, 41.396356 ], [ -111.861211, 41.396311 ], [ -111.861086, 41.396222 ], [ -111.86102, 41.39619 ], [ -111.860674, 41.396091 ], [ -111.860574, 41.396064 ], [ -111.86051, 41.396064 ], [ -111.860377, 41.396065 ], [ -111.860085, 41.396087 ], [ -111.859827, 41.396105 ], [ -111.859487, 41.396176 ], [ -111.859039, 41.396357 ], [ -111.858734, 41.396509 ], [ -111.8585, 41.39662 ], [ -111.858183, 41.396742 ], [ -111.858018, 41.396794 ], [ -111.857821, 41.396827 ], [ -111.857663, 41.396829 ], [ -111.857, 41.396744 ], [ -111.856951, 41.396631 ], [ -111.856834, 41.396399 ], [ -111.856825, 41.396184 ], [ -111.856825, 41.396159 ], [ -111.856805, 41.395953 ], [ -111.856717, 41.395656 ], [ -111.856654, 41.395606 ], [ -111.856574, 41.395537 ], [ -111.856366, 41.395307 ], [ -111.856172, 41.395151 ], [ -111.855996, 41.39494 ], [ -111.855307, 41.394515 ], [ -111.85493, 41.394348 ], [ -111.854618, 41.394284 ], [ -111.854208, 41.394265 ], [ -111.853898, 41.394263 ], [ -111.853816, 41.394263 ], [ -111.853451, 41.394248 ], [ -111.853073, 41.394188 ], [ -111.852952, 41.394076 ], [ -111.852801, 41.393909 ], [ -111.852631, 41.393753 ], [ -111.852565, 41.393718 ], [ -111.852462, 41.393665 ], [ -111.852079, 41.393591 ], [ -111.851779, 41.393584 ], [ -111.851343, 41.39357 ], [ -111.850981, 41.393557 ], [ -111.850385, 41.393536 ], [ -111.849836, 41.393626 ], [ -111.849185, 41.39368 ], [ -111.848772, 41.393665 ], [ -111.848525, 41.393604 ], [ -111.848148, 41.393498 ], [ -111.847956, 41.393433 ], [ -111.847378, 41.393132 ], [ -111.847239, 41.393059 ], [ -111.846903, 41.392968 ], [ -111.846712, 41.392919 ], [ -111.846556, 41.39288 ], [ -111.846435, 41.392849 ], [ -111.846396, 41.392844 ], [ -111.846195, 41.392815 ], [ -111.846057, 41.392795 ], [ -111.845954, 41.39278 ], [ -111.845813, 41.392759 ], [ -111.845674, 41.392738 ], [ -111.845202, 41.392706 ], [ -111.844894, 41.392669 ], [ -111.844572, 41.392629 ], [ -111.844118, 41.392542 ], [ -111.84392, 41.392503 ], [ -111.843613, 41.392441 ], [ -111.843361, 41.39239 ], [ -111.842737, 41.392201 ], [ -111.842146, 41.391881 ], [ -111.841665, 41.391628 ], [ -111.841333, 41.391419 ], [ -111.841212, 41.391233 ], [ -111.841113, 41.391082 ], [ -111.84114, 41.391012 ], [ -111.841176, 41.390911 ], [ -111.841254, 41.390645 ], [ -111.841279, 41.390478 ], [ -111.841141, 41.390301 ], [ -111.840886, 41.390152 ], [ -111.840478, 41.390065 ], [ -111.840262, 41.390089 ], [ -111.840138, 41.390103 ], [ -111.839923, 41.390154 ], [ -111.83978, 41.390178 ], [ -111.839642, 41.390174 ], [ -111.839355, 41.390172 ], [ -111.839127, 41.390088 ], [ -111.839072, 41.389998 ], [ -111.839129, 41.389856 ], [ -111.839232, 41.389448 ], [ -111.839343, 41.389249 ], [ -111.839341, 41.389077 ], [ -111.839311, 41.389022 ], [ -111.839274, 41.388943 ], [ -111.838989, 41.388688 ], [ -111.838757, 41.388567 ], [ -111.838483, 41.388404 ], [ -111.838013, 41.388254 ], [ -111.837757, 41.388177 ], [ -111.837504, 41.388111 ], [ -111.837411, 41.388091 ], [ -111.837252, 41.388062 ], [ -111.837127, 41.38804 ], [ -111.836994, 41.387982 ], [ -111.836737, 41.387944 ], [ -111.836528, 41.38795 ], [ -111.836297, 41.387983 ], [ -111.8362, 41.387997 ], [ -111.835896, 41.388107 ], [ -111.835842, 41.388146 ], [ -111.835765, 41.3882 ], [ -111.835682, 41.388259 ], [ -111.83562, 41.388319 ], [ -111.835542, 41.388401 ], [ -111.835434, 41.388515 ], [ -111.835045, 41.388906 ], [ -111.834788, 41.389195 ], [ -111.834574, 41.389437 ], [ -111.834295, 41.389614 ], [ -111.834169, 41.389638 ], [ -111.833931, 41.389671 ], [ -111.833501, 41.389845 ], [ -111.833377, 41.389891 ], [ -111.833186, 41.389938 ], [ -111.833028, 41.38995 ], [ -111.832936, 41.389957 ], [ -111.832792, 41.389922 ], [ -111.832693, 41.389862 ], [ -111.83262, 41.389816 ], [ -111.832506, 41.389742 ], [ -111.832412, 41.389668 ], [ -111.832363, 41.389639 ], [ -111.832303, 41.389602 ], [ -111.8322, 41.389508 ], [ -111.83207, 41.389426 ], [ -111.831983, 41.38937 ], [ -111.831832, 41.389272 ], [ -111.831586, 41.389193 ], [ -111.831329, 41.389226 ], [ -111.831008, 41.389314 ], [ -111.830721, 41.389347 ], [ -111.830631, 41.389334 ], [ -111.830529, 41.389317 ], [ -111.83029, 41.389337 ], [ -111.830039, 41.389302 ], [ -111.829866, 41.389345 ], [ -111.829526, 41.389473 ], [ -111.829397, 41.389605 ], [ -111.829166, 41.389814 ], [ -111.828907, 41.390135 ], [ -111.828619, 41.390574 ], [ -111.828545, 41.390804 ], [ -111.82854, 41.390916 ], [ -111.828534, 41.39104 ], [ -111.828531, 41.391068 ], [ -111.82853, 41.39109 ], [ -111.82851, 41.391377 ], [ -111.828514, 41.391509 ], [ -111.828517, 41.391615 ], [ -111.82852, 41.391688 ], [ -111.828475, 41.39194 ], [ -111.828341, 41.392092 ], [ -111.828278, 41.392148 ], [ -111.828121, 41.392289 ], [ -111.828057, 41.392402 ], [ -111.828028, 41.392501 ], [ -111.827975, 41.392605 ], [ -111.827857, 41.392696 ], [ -111.827689, 41.392689 ], [ -111.827511, 41.392712 ], [ -111.827037, 41.392626 ], [ -111.826856, 41.39255 ], [ -111.826772, 41.392517 ], [ -111.826658, 41.392471 ], [ -111.826609, 41.392456 ], [ -111.826484, 41.392418 ], [ -111.826467, 41.392371 ], [ -111.826454, 41.392334 ], [ -111.826428, 41.392261 ], [ -111.826426, 41.392251 ], [ -111.826412, 41.39219 ], [ -111.826392, 41.392105 ], [ -111.826383, 41.392075 ], [ -111.826365, 41.392031 ], [ -111.82633, 41.391938 ], [ -111.826219, 41.391843 ], [ -111.826094, 41.39184 ], [ -111.826008, 41.391852 ], [ -111.825771, 41.391883 ], [ -111.82569, 41.391887 ], [ -111.825478, 41.391898 ], [ -111.825011, 41.391857 ], [ -111.824897, 41.391812 ], [ -111.824592, 41.391774 ], [ -111.824292, 41.391722 ], [ -111.823969, 41.391721 ], [ -111.823794, 41.391751 ], [ -111.823766, 41.391754 ], [ -111.823703, 41.391757 ], [ -111.823669, 41.391758 ], [ -111.823503, 41.391755 ], [ -111.823108, 41.391749 ], [ -111.823071, 41.391751 ], [ -111.82276, 41.391774 ], [ -111.822684, 41.391799 ], [ -111.822547, 41.391831 ], [ -111.822412, 41.391859 ], [ -111.822291, 41.391885 ], [ -111.821926, 41.391915 ], [ -111.821605, 41.391856 ], [ -111.821374, 41.391824 ], [ -111.821279, 41.391811 ], [ -111.821105, 41.391749 ], [ -111.820824, 41.391755 ], [ -111.820674, 41.391775 ], [ -111.820555, 41.391844 ], [ -111.820461, 41.391898 ], [ -111.820411, 41.391908 ], [ -111.820264, 41.391936 ], [ -111.820102, 41.391914 ], [ -111.819927, 41.391821 ], [ -111.819919, 41.391812 ], [ -111.819721, 41.391597 ], [ -111.819455, 41.391374 ], [ -111.819249, 41.391132 ], [ -111.81905, 41.390978 ], [ -111.818874, 41.390811 ], [ -111.81868, 41.390614 ], [ -111.818185, 41.390203 ], [ -111.817998, 41.390078 ], [ -111.817661, 41.389941 ], [ -111.817294, 41.389795 ], [ -111.817006, 41.389689 ], [ -111.816658, 41.389592 ], [ -111.816256, 41.389436 ], [ -111.816135, 41.389386 ], [ -111.81598, 41.389312 ], [ -111.815854, 41.389234 ], [ -111.815671, 41.389099 ], [ -111.81532, 41.388901 ], [ -111.815057, 41.388743 ], [ -111.814901, 41.388654 ], [ -111.814792, 41.388592 ], [ -111.814691, 41.38849 ], [ -111.814628, 41.388427 ], [ -111.814417, 41.388307 ], [ -111.814159, 41.388218 ], [ -111.813606, 41.387997 ], [ -111.813056, 41.388019 ], [ -111.81293, 41.388049 ], [ -111.812737, 41.388094 ], [ -111.812473, 41.388156 ], [ -111.81225, 41.388211 ], [ -111.811943, 41.388298 ], [ -111.811835, 41.388329 ], [ -111.811635, 41.388381 ], [ -111.811382, 41.388446 ], [ -111.811264, 41.388475 ], [ -111.81119, 41.388495 ], [ -111.811049, 41.388532 ], [ -111.810966, 41.388555 ], [ -111.810839, 41.388589 ], [ -111.810518, 41.38863 ], [ -111.810234, 41.388667 ], [ -111.810125, 41.388683 ], [ -111.80999, 41.388705 ], [ -111.809936, 41.388714 ], [ -111.809855, 41.388727 ], [ -111.809739, 41.388745 ], [ -111.809625, 41.388764 ], [ -111.809418, 41.388814 ], [ -111.809311, 41.38884 ], [ -111.809201, 41.388867 ], [ -111.809054, 41.388903 ], [ -111.808785, 41.388923 ], [ -111.808373, 41.388963 ], [ -111.808058, 41.388995 ], [ -111.807119, 41.389097 ], [ -111.806791, 41.389157 ], [ -111.806665, 41.389205 ], [ -111.806546, 41.389251 ], [ -111.806416, 41.389301 ], [ -111.806173, 41.38948 ], [ -111.80609, 41.389541 ], [ -111.806019, 41.389595 ], [ -111.805937, 41.389658 ], [ -111.805864, 41.389714 ], [ -111.80564, 41.38991 ], [ -111.805518, 41.390031 ], [ -111.805418, 41.390132 ], [ -111.805368, 41.390182 ], [ -111.805281, 41.390279 ], [ -111.805206, 41.390376 ], [ -111.80515, 41.390452 ], [ -111.804932, 41.390724 ], [ -111.804761, 41.390915 ], [ -111.804597, 41.390929 ], [ -111.804478, 41.390923 ], [ -111.804397, 41.390909 ], [ -111.804285, 41.390876 ], [ -111.804192, 41.390843 ], [ -111.804068, 41.3908 ], [ -111.803934, 41.390754 ], [ -111.803888, 41.39075 ], [ -111.80382, 41.390744 ], [ -111.803709, 41.390734 ], [ -111.803605, 41.390725 ], [ -111.803151, 41.390777 ], [ -111.802885, 41.390884 ], [ -111.802804, 41.390904 ], [ -111.80245, 41.390952 ], [ -111.802291, 41.390943 ], [ -111.802173, 41.390932 ], [ -111.802113, 41.390918 ], [ -111.802, 41.390892 ], [ -111.801883, 41.39087 ], [ -111.801758, 41.390849 ], [ -111.801608, 41.390824 ], [ -111.801536, 41.390817 ], [ -111.801421, 41.390806 ], [ -111.801213, 41.390786 ], [ -111.801109, 41.390798 ], [ -111.800931, 41.390819 ], [ -111.800753, 41.390839 ], [ -111.800586, 41.390893 ], [ -111.800264, 41.390998 ], [ -111.799993, 41.391103 ], [ -111.799678, 41.391247 ], [ -111.799545, 41.391306 ], [ -111.799432, 41.391357 ], [ -111.799212, 41.391512 ], [ -111.799076, 41.391612 ], [ -111.798616, 41.391854 ], [ -111.798534, 41.391901 ], [ -111.79827, 41.39207 ], [ -111.797918, 41.392286 ], [ -111.797626, 41.392369 ], [ -111.797202, 41.392377 ], [ -111.79706, 41.392331 ], [ -111.796625, 41.39221 ], [ -111.796373, 41.392085 ], [ -111.795445, 41.392024 ], [ -111.795187, 41.391972 ], [ -111.795065, 41.39194 ], [ -111.794956, 41.391911 ], [ -111.79479, 41.391867 ], [ -111.794533, 41.391747 ], [ -111.794399, 41.391698 ], [ -111.794285, 41.391656 ], [ -111.79416, 41.39161 ], [ -111.793788, 41.391504 ], [ -111.793244, 41.391471 ], [ -111.793131, 41.391465 ], [ -111.793037, 41.391453 ], [ -111.792973, 41.391443 ], [ -111.792908, 41.391434 ], [ -111.792709, 41.391323 ], [ -111.792702, 41.391265 ], [ -111.792601, 41.390862 ], [ -111.792306, 41.390364 ], [ -111.792047, 41.390091 ], [ -111.791901, 41.389957 ], [ -111.791757, 41.389884 ], [ -111.791645, 41.38983 ], [ -111.791402, 41.389661 ], [ -111.791252, 41.389491 ], [ -111.791234, 41.389423 ], [ -111.791177, 41.38923 ], [ -111.79111, 41.38915 ], [ -111.791025, 41.389051 ], [ -111.7909, 41.388868 ], [ -111.790843, 41.388786 ], [ -111.790727, 41.388616 ], [ -111.790395, 41.388223 ], [ -111.790157, 41.387976 ], [ -111.789937, 41.387594 ], [ -111.789867, 41.387244 ], [ -111.78983, 41.387126 ], [ -111.789792, 41.387006 ], [ -111.789753, 41.386882 ], [ -111.789625, 41.386484 ], [ -111.78952, 41.386251 ], [ -111.789435, 41.386049 ], [ -111.789355, 41.385846 ], [ -111.789345, 41.385807 ], [ -111.789278, 41.385537 ], [ -111.789226, 41.385217 ], [ -111.78923, 41.384996 ], [ -111.78925, 41.384818 ], [ -111.789251, 41.38479 ], [ -111.789225, 41.384577 ], [ -111.789107, 41.384526 ], [ -111.788155, 41.384384 ], [ -111.787624, 41.384205 ], [ -111.787232, 41.383923 ], [ -111.78695, 41.383634 ], [ -111.786462, 41.383045 ], [ -111.785942, 41.382711 ], [ -111.785095, 41.382668 ], [ -111.78504, 41.382671 ], [ -111.784783, 41.382636 ], [ -111.78447, 41.382574 ], [ -111.7842, 41.382481 ], [ -111.78406, 41.382414 ], [ -111.783736, 41.382233 ], [ -111.783616, 41.382095 ], [ -111.783241, 41.381072 ], [ -111.783152, 41.380947 ], [ -111.783021, 41.380851 ], [ -111.782846, 41.380723 ], [ -111.782673, 41.380667 ], [ -111.78224, 41.38054 ], [ -111.782078, 41.38049 ], [ -111.7819, 41.380205 ], [ -111.781876, 41.380153 ], [ -111.781762, 41.379909 ], [ -111.781716, 41.379812 ], [ -111.781687, 41.379805 ], [ -111.781627, 41.379795 ], [ -111.781519, 41.379775 ], [ -111.781423, 41.379757 ], [ -111.781399, 41.379744 ], [ -111.781032, 41.379754 ], [ -111.780873, 41.379702 ], [ -111.780811, 41.379557 ], [ -111.780871, 41.379178 ], [ -111.780871, 41.379114 ], [ -111.780893, 41.378872 ], [ -111.78088, 41.378851 ], [ -111.780728, 41.378618 ], [ -111.780445, 41.378517 ], [ -111.780141, 41.378438 ], [ -111.779904, 41.37835 ], [ -111.779711, 41.378277 ], [ -111.779395, 41.378153 ], [ -111.779177, 41.378072 ], [ -111.778945, 41.377984 ], [ -111.778601, 41.377855 ], [ -111.77835, 41.377761 ], [ -111.777945, 41.377545 ], [ -111.777731, 41.377442 ], [ -111.777517, 41.37734 ], [ -111.777342, 41.377257 ], [ -111.77722, 41.377197 ], [ -111.777138, 41.377154 ], [ -111.777063, 41.377116 ], [ -111.776882, 41.377023 ], [ -111.776639, 41.376963 ], [ -111.77633, 41.376887 ], [ -111.776209, 41.376861 ], [ -111.775867, 41.376786 ], [ -111.775567, 41.376725 ], [ -111.775221, 41.376656 ], [ -111.774894, 41.376618 ], [ -111.774668, 41.376592 ], [ -111.774479, 41.376571 ], [ -111.774209, 41.376547 ], [ -111.77391, 41.376521 ], [ -111.773521, 41.376474 ], [ -111.773078, 41.376436 ], [ -111.772772, 41.376334 ], [ -111.772567, 41.376212 ], [ -111.772487, 41.376168 ], [ -111.772308, 41.376085 ], [ -111.772056, 41.375988 ], [ -111.771757, 41.375967 ], [ -111.771612, 41.375928 ], [ -111.77145, 41.375771 ], [ -111.771373, 41.375608 ], [ -111.771319, 41.375492 ], [ -111.771302, 41.375457 ], [ -111.771291, 41.375413 ], [ -111.771283, 41.375385 ], [ -111.771259, 41.375291 ], [ -111.771202, 41.375129 ], [ -111.771154, 41.375026 ], [ -111.771171, 41.37494 ], [ -111.771098, 41.374846 ], [ -111.771044, 41.374772 ], [ -111.770922, 41.374608 ], [ -111.77068, 41.374412 ], [ -111.770469, 41.374215 ], [ -111.770316, 41.373959 ], [ -111.770257, 41.373902 ], [ -111.770098, 41.373749 ], [ -111.76985, 41.373516 ], [ -111.769784, 41.373432 ], [ -111.769699, 41.373347 ], [ -111.7696, 41.373194 ], [ -111.76951, 41.373055 ], [ -111.769015, 41.37264 ], [ -111.768877, 41.372439 ], [ -111.768677, 41.372135 ], [ -111.768206, 41.371568 ], [ -111.767587, 41.370801 ], [ -111.767075, 41.370348 ], [ -111.76669, 41.370127 ], [ -111.766545, 41.370023 ], [ -111.765904, 41.3698 ], [ -111.764302, 41.369452 ], [ -111.763893, 41.369342 ], [ -111.762944, 41.369203 ], [ -111.762572, 41.369149 ], [ -111.762419, 41.369127 ], [ -111.762108, 41.36904 ], [ -111.761803, 41.369021 ], [ -111.761227, 41.368905 ], [ -111.761, 41.368874 ], [ -111.76059, 41.368818 ], [ -111.760261, 41.368895 ], [ -111.759806, 41.369069 ], [ -111.759104, 41.369316 ], [ -111.758688, 41.36941 ], [ -111.758527, 41.369438 ], [ -111.758049, 41.369353 ], [ -111.75801, 41.369346 ], [ -111.757671, 41.369329 ], [ -111.757383, 41.369303 ], [ -111.756851, 41.369311 ], [ -111.756225, 41.369401 ], [ -111.755719, 41.369536 ], [ -111.755061, 41.369757 ], [ -111.754634, 41.369911 ], [ -111.754116, 41.370054 ], [ -111.754069, 41.370075 ], [ -111.753993, 41.370109 ], [ -111.753875, 41.370162 ], [ -111.753726, 41.37023 ], [ -111.753647, 41.370266 ], [ -111.753574, 41.370299 ], [ -111.753407, 41.370377 ], [ -111.753325, 41.370415 ], [ -111.753087, 41.370502 ], [ -111.753016, 41.370521 ], [ -111.752944, 41.370541 ], [ -111.752862, 41.370564 ], [ -111.752822, 41.370574 ], [ -111.752731, 41.370595 ], [ -111.752521, 41.370629 ], [ -111.752388, 41.370615 ], [ -111.751987, 41.370536 ], [ -111.751435, 41.370346 ], [ -111.750918, 41.370121 ], [ -111.750845, 41.37009 ], [ -111.750756, 41.370058 ], [ -111.750606, 41.37003 ], [ -111.750486, 41.370007 ], [ -111.750073, 41.369969 ], [ -111.749804, 41.369929 ], [ -111.74942, 41.369873 ], [ -111.74893, 41.369876 ], [ -111.748454, 41.369848 ], [ -111.747994, 41.369861 ], [ -111.747594, 41.369918 ], [ -111.747406, 41.369949 ], [ -111.747203, 41.369937 ], [ -111.74697, 41.369925 ], [ -111.746894, 41.369899 ], [ -111.746579, 41.369802 ], [ -111.746299, 41.369785 ], [ -111.74612, 41.369852 ], [ -111.745973, 41.370015 ], [ -111.745742, 41.370166 ], [ -111.745424, 41.370332 ], [ -111.745255, 41.370478 ], [ -111.745067, 41.370698 ], [ -111.744941, 41.370843 ], [ -111.744823, 41.370961 ], [ -111.744588, 41.37114 ], [ -111.744496, 41.371206 ], [ -111.744371, 41.371299 ], [ -111.744153, 41.371465 ], [ -111.743922, 41.371597 ], [ -111.74372, 41.371707 ], [ -111.74369, 41.371718 ], [ -111.743564, 41.371765 ], [ -111.743461, 41.371803 ], [ -111.743336, 41.371843 ], [ -111.74313, 41.37191 ], [ -111.743026, 41.371944 ], [ -111.74284, 41.372 ], [ -111.742436, 41.372184 ], [ -111.74215, 41.372316 ], [ -111.741933, 41.372317 ], [ -111.741855, 41.372327 ], [ -111.741611, 41.372387 ], [ -111.741418, 41.372499 ], [ -111.741367, 41.372528 ], [ -111.741088, 41.372652 ], [ -111.740784, 41.372784 ], [ -111.740213, 41.372982 ], [ -111.740123, 41.372991 ], [ -111.739786, 41.373047 ], [ -111.739645, 41.373085 ], [ -111.739485, 41.37313 ], [ -111.739374, 41.373162 ], [ -111.739242, 41.373197 ], [ -111.739205, 41.373204 ], [ -111.739007, 41.373294 ], [ -111.738908, 41.373353 ], [ -111.738866, 41.373381 ], [ -111.738795, 41.373428 ], [ -111.738692, 41.373509 ], [ -111.738642, 41.373533 ], [ -111.73814, 41.373947 ], [ -111.738131, 41.373954 ], [ -111.738077, 41.37401 ], [ -111.738025, 41.374063 ], [ -111.737958, 41.374107 ], [ -111.737935, 41.374122 ], [ -111.737915, 41.374132 ], [ -111.737862, 41.374158 ], [ -111.737739, 41.374218 ], [ -111.737536, 41.374251 ], [ -111.73748, 41.374264 ], [ -111.737334, 41.374297 ], [ -111.737178, 41.374325 ], [ -111.737061, 41.37433 ], [ -111.736948, 41.374356 ], [ -111.736776, 41.374414 ], [ -111.736535, 41.374505 ], [ -111.736368, 41.374548 ], [ -111.736201, 41.374593 ], [ -111.736095, 41.374638 ], [ -111.735879, 41.374702 ], [ -111.735647, 41.374763 ], [ -111.73536, 41.374792 ], [ -111.735181, 41.374811 ], [ -111.734906, 41.374768 ], [ -111.734071, 41.374777 ], [ -111.734039, 41.37478 ], [ -111.733973, 41.374787 ], [ -111.733894, 41.374815 ], [ -111.733826, 41.37484 ], [ -111.733681, 41.374892 ], [ -111.733591, 41.374931 ], [ -111.733512, 41.374964 ], [ -111.733455, 41.374988 ], [ -111.73336, 41.375012 ], [ -111.733192, 41.375013 ], [ -111.733121, 41.375012 ], [ -111.732944, 41.375011 ], [ -111.732662, 41.375019 ], [ -111.732503, 41.375025 ], [ -111.732048, 41.375042 ], [ -111.731849, 41.375049 ], [ -111.731532, 41.375054 ], [ -111.730996, 41.375062 ], [ -111.730474, 41.37507 ], [ -111.730315, 41.375074 ], [ -111.730185, 41.375078 ], [ -111.730018, 41.375082 ], [ -111.729778, 41.375129 ], [ -111.729577, 41.375207 ], [ -111.729202, 41.375353 ], [ -111.728521, 41.375425 ], [ -111.727739, 41.375527 ], [ -111.727566, 41.375548 ], [ -111.726823, 41.375792 ], [ -111.726511, 41.375893 ], [ -111.726143, 41.376071 ], [ -111.725988, 41.376162 ], [ -111.725926, 41.376199 ], [ -111.725798, 41.376276 ], [ -111.725567, 41.376511 ], [ -111.72554, 41.376551 ], [ -111.725356, 41.376823 ], [ -111.725295, 41.377102 ], [ -111.725248, 41.377323 ], [ -111.725196, 41.377563 ], [ -111.725175, 41.377938 ], [ -111.725221, 41.378226 ], [ -111.725247, 41.378392 ], [ -111.725339, 41.378617 ], [ -111.725433, 41.37885 ], [ -111.725557, 41.379038 ], [ -111.725681, 41.379229 ], [ -111.725808, 41.379423 ], [ -111.725961, 41.379657 ], [ -111.726235, 41.379988 ], [ -111.726848, 41.380795 ], [ -111.727037, 41.381244 ], [ -111.727171, 41.382018 ], [ -111.727108, 41.383325 ], [ -111.727044, 41.383806 ], [ -111.727, 41.384129 ], [ -111.726971, 41.384323 ], [ -111.726726, 41.384957 ], [ -111.726325, 41.385573 ], [ -111.726077, 41.385845 ], [ -111.725747, 41.386216 ], [ -111.725248, 41.386525 ], [ -111.724959, 41.386689 ], [ -111.724741, 41.386811 ], [ -111.724505, 41.386944 ], [ -111.724374, 41.387075 ], [ -111.724279, 41.38717 ], [ -111.72423, 41.387219 ], [ -111.724142, 41.387308 ], [ -111.724063, 41.387387 ], [ -111.72397, 41.38748 ], [ -111.723885, 41.387565 ], [ -111.723831, 41.387619 ], [ -111.723783, 41.387682 ], [ -111.723599, 41.387923 ], [ -111.723513, 41.388036 ], [ -111.723377, 41.38828 ], [ -111.723363, 41.388317 ], [ -111.723353, 41.388346 ], [ -111.72323, 41.388684 ], [ -111.723163, 41.388867 ], [ -111.723101, 41.38916 ], [ -111.722985, 41.389503 ], [ -111.722856, 41.389715 ], [ -111.721938, 41.390599 ], [ -111.721601, 41.390802 ], [ -111.721347, 41.390954 ], [ -111.721222, 41.391027 ], [ -111.721155, 41.391062 ], [ -111.72062, 41.391346 ], [ -111.720477, 41.391422 ], [ -111.720412, 41.391456 ], [ -111.720143, 41.391588 ], [ -111.719893, 41.391689 ], [ -111.719648, 41.391717 ], [ -111.719332, 41.391777 ], [ -111.719147, 41.391815 ], [ -111.718839, 41.391974 ], [ -111.718497, 41.392223 ], [ -111.718357, 41.392324 ], [ -111.718228, 41.392418 ], [ -111.718065, 41.39254 ], [ -111.71795, 41.392625 ], [ -111.717451, 41.392998 ], [ -111.717331, 41.393087 ], [ -111.717282, 41.393131 ], [ -111.717225, 41.393182 ], [ -111.717153, 41.393246 ], [ -111.717104, 41.393304 ], [ -111.717014, 41.393372 ], [ -111.716984, 41.39347 ], [ -111.71697, 41.393499 ], [ -111.716958, 41.393523 ], [ -111.716927, 41.393589 ], [ -111.716849, 41.393751 ], [ -111.716693, 41.394073 ], [ -111.716615, 41.394219 ], [ -111.716544, 41.394352 ], [ -111.716482, 41.394467 ], [ -111.716432, 41.394561 ], [ -111.716326, 41.39471 ], [ -111.716172, 41.394887 ], [ -111.716047, 41.39496 ], [ -111.715946, 41.394969 ], [ -111.715633, 41.395011 ], [ -111.715255, 41.395013 ], [ -111.714785, 41.394978 ], [ -111.714584, 41.394962 ], [ -111.714391, 41.394948 ], [ -111.71409, 41.394956 ], [ -111.713971, 41.394959 ], [ -111.713809, 41.394963 ], [ -111.713321, 41.394977 ], [ -111.712967, 41.394986 ], [ -111.712709, 41.394995 ], [ -111.712429, 41.395005 ], [ -111.712119, 41.395052 ], [ -111.71181, 41.39522 ], [ -111.711656, 41.395328 ], [ -111.711247, 41.395804 ], [ -111.711198, 41.395883 ], [ -111.710939, 41.396227 ], [ -111.710729, 41.39651 ], [ -111.710577, 41.3968 ], [ -111.710524, 41.396969 ], [ -111.710515, 41.396984 ], [ -111.710509, 41.396994 ], [ -111.710468, 41.397376 ], [ -111.710476, 41.397421 ], [ -111.710508, 41.397579 ], [ -111.710582, 41.397768 ], [ -111.710678, 41.39788 ], [ -111.710714, 41.397911 ], [ -111.710804, 41.397986 ], [ -111.710984, 41.398109 ], [ -111.711789, 41.39835 ], [ -111.712186, 41.39849 ], [ -111.712342, 41.398641 ], [ -111.712423, 41.398781 ], [ -111.712425, 41.399024 ], [ -111.712392, 41.399281 ], [ -111.712315, 41.399461 ], [ -111.712199, 41.399594 ], [ -111.711883, 41.399771 ], [ -111.710979, 41.400213 ], [ -111.710683, 41.400476 ], [ -111.710264, 41.401035 ], [ -111.71007, 41.401607 ], [ -111.709869, 41.402011 ], [ -111.709851, 41.402051 ], [ -111.709844, 41.402061 ], [ -111.709827, 41.402088 ], [ -111.709809, 41.402115 ], [ -111.709801, 41.402123 ], [ -111.709768, 41.402154 ], [ -111.70959, 41.402373 ], [ -111.709241, 41.402645 ], [ -111.709051, 41.40275 ], [ -111.708861, 41.402856 ], [ -111.708617, 41.402991 ], [ -111.708512, 41.40305 ], [ -111.708375, 41.403126 ], [ -111.708205, 41.403221 ], [ -111.70807, 41.403296 ], [ -111.707736, 41.40359 ], [ -111.707373, 41.403907 ], [ -111.707, 41.404229 ], [ -111.706825, 41.40438 ], [ -111.706666, 41.404611 ], [ -111.706607, 41.404728 ], [ -111.706543, 41.404855 ], [ -111.7065, 41.4051 ], [ -111.706481, 41.405206 ], [ -111.706481, 41.405361 ], [ -111.706481, 41.405459 ], [ -111.70648, 41.405569 ], [ -111.70648, 41.405758 ], [ -111.706479, 41.406107 ], [ -111.706427, 41.406806 ], [ -111.70642, 41.407328 ], [ -111.706497, 41.407755 ], [ -111.706721, 41.408461 ], [ -111.706833, 41.408709 ], [ -111.706849, 41.408744 ], [ -111.706912, 41.409041 ], [ -111.706915, 41.409374 ], [ -111.706847, 41.40968 ], [ -111.706574, 41.410003 ], [ -111.706547, 41.410039 ], [ -111.706291, 41.410297 ], [ -111.706174, 41.410505 ], [ -111.706093, 41.410762 ], [ -111.706101, 41.411005 ], [ -111.706182, 41.411306 ], [ -111.706392, 41.411863 ], [ -111.70662, 41.412452 ], [ -111.706672, 41.412844 ], [ -111.706721, 41.413019 ], [ -111.706781, 41.413077 ], [ -111.706902, 41.413144 ], [ -111.706997, 41.413121 ], [ -111.707057, 41.413107 ], [ -111.707259, 41.412926 ], [ -111.707764, 41.412603 ], [ -111.707944, 41.412527 ], [ -111.708055, 41.412504 ], [ -111.708125, 41.412501 ], [ -111.708223, 41.412497 ], [ -111.708259, 41.412496 ], [ -111.708373, 41.412505 ], [ -111.708451, 41.412508 ], [ -111.708661, 41.412588 ], [ -111.708787, 41.412659 ], [ -111.708971, 41.41288 ], [ -111.709055, 41.413063 ], [ -111.709194, 41.413157 ], [ -111.709338, 41.413178 ], [ -111.709535, 41.413141 ], [ -111.709592, 41.413126 ], [ -111.709863, 41.413054 ], [ -111.710066, 41.413039 ], [ -111.710275, 41.413056 ], [ -111.710687, 41.413161 ], [ -111.710882, 41.413218 ], [ -111.711179, 41.413345 ], [ -111.711412, 41.413445 ], [ -111.711543, 41.413501 ], [ -111.711729, 41.413619 ], [ -111.711874, 41.413664 ], [ -111.711962, 41.413675 ], [ -111.711999, 41.41368 ], [ -111.712042, 41.413673 ], [ -111.712138, 41.413642 ], [ -111.712152, 41.413641 ], [ -111.712201, 41.413636 ], [ -111.712279, 41.413628 ], [ -111.712316, 41.413624 ], [ -111.712448, 41.413646 ], [ -111.712556, 41.413699 ], [ -111.71269, 41.413829 ], [ -111.712781, 41.413931 ], [ -111.712891, 41.414066 ], [ -111.713029, 41.414236 ], [ -111.713196, 41.414446 ], [ -111.713327, 41.41461 ], [ -111.713411, 41.414715 ], [ -111.713493, 41.414795 ], [ -111.713604, 41.4149 ], [ -111.713815, 41.415042 ], [ -111.714121, 41.415153 ], [ -111.71444, 41.415309 ], [ -111.714752, 41.415534 ], [ -111.715219, 41.415795 ], [ -111.715521, 41.415936 ], [ -111.715903, 41.416097 ], [ -111.716244, 41.41614 ], [ -111.716411, 41.416075 ], [ -111.716459, 41.416057 ], [ -111.716548, 41.415994 ], [ -111.716709, 41.415737 ], [ -111.716937, 41.415591 ], [ -111.717113, 41.41558 ], [ -111.717256, 41.41562 ], [ -111.717412, 41.415718 ], [ -111.717669, 41.415922 ], [ -111.717835, 41.416053 ], [ -111.718043, 41.416278 ], [ -111.718178, 41.416423 ], [ -111.718573, 41.416855 ], [ -111.7188, 41.417299 ], [ -111.718916, 41.417582 ], [ -111.719112, 41.418061 ], [ -111.719268, 41.418467 ], [ -111.719565, 41.419272 ], [ -111.719627, 41.419422 ], [ -111.719677, 41.419516 ], [ -111.719729, 41.419613 ], [ -111.719813, 41.419737 ], [ -111.719905, 41.419873 ], [ -111.720081, 41.420075 ], [ -111.720304, 41.420267 ], [ -111.720537, 41.420419 ], [ -111.72094, 41.420679 ], [ -111.721307, 41.420909 ], [ -111.722075, 41.421325 ], [ -111.722366, 41.421673 ], [ -111.722404, 41.421861 ], [ -111.722394, 41.422028 ], [ -111.722402, 41.42219 ], [ -111.722482, 41.422411 ], [ -111.722545, 41.422502 ], [ -111.722841, 41.422922 ], [ -111.722884, 41.423034 ], [ -111.722887, 41.423126 ], [ -111.722905, 41.423183 ], [ -111.722909, 41.423388 ], [ -111.72285, 41.423735 ], [ -111.722656, 41.424357 ], [ -111.722538, 41.424523 ], [ -111.722477, 41.424626 ], [ -111.722266, 41.425019 ], [ -111.72222, 41.425227 ], [ -111.722198, 41.425412 ], [ -111.722196, 41.425527 ], [ -111.722193, 41.425683 ], [ -111.722191, 41.425777 ], [ -111.722164, 41.426122 ], [ -111.722159, 41.426191 ], [ -111.722123, 41.426303 ], [ -111.722096, 41.426388 ], [ -111.722068, 41.426477 ], [ -111.722007, 41.426669 ], [ -111.721978, 41.426748 ], [ -111.721925, 41.426885 ], [ -111.721875, 41.427022 ], [ -111.721466, 41.427357 ], [ -111.721384, 41.427358 ], [ -111.721356, 41.427358 ], [ -111.721298, 41.427358 ], [ -111.721268, 41.427344 ], [ -111.721196, 41.42731 ], [ -111.721141, 41.427238 ], [ -111.721068, 41.427067 ], [ -111.72095, 41.426858 ], [ -111.72086, 41.426699 ], [ -111.72055, 41.426237 ], [ -111.720264, 41.425938 ], [ -111.72001, 41.425673 ], [ -111.719924, 41.425599 ], [ -111.719633, 41.425347 ], [ -111.719341, 41.425152 ], [ -111.718672, 41.424747 ], [ -111.718177, 41.424583 ], [ -111.718088, 41.424588 ], [ -111.71782, 41.424574 ], [ -111.717394, 41.424629 ], [ -111.71717, 41.424658 ], [ -111.717041, 41.424674 ], [ -111.716721, 41.424717 ], [ -111.716443, 41.424755 ], [ -111.71613, 41.424797 ], [ -111.716043, 41.424806 ], [ -111.715586, 41.424853 ], [ -111.715395, 41.424905 ], [ -111.715113, 41.425051 ], [ -111.715048, 41.425084 ], [ -111.714859, 41.425159 ], [ -111.714644, 41.425206 ], [ -111.714303, 41.425195 ], [ -111.714015, 41.42513 ], [ -111.713787, 41.425014 ], [ -111.713536, 41.424742 ], [ -111.713363, 41.424531 ], [ -111.713144, 41.424261 ], [ -111.71278, 41.423773 ], [ -111.712487, 41.423542 ], [ -111.712212, 41.423326 ], [ -111.711978, 41.423215 ], [ -111.711919, 41.423194 ], [ -111.711883, 41.423182 ], [ -111.711861, 41.423179 ], [ -111.711721, 41.423183 ], [ -111.711638, 41.423185 ], [ -111.711423, 41.42334 ], [ -111.711102, 41.423543 ], [ -111.710728, 41.423799 ], [ -111.710265, 41.424102 ], [ -111.710104, 41.424208 ], [ -111.710015, 41.424276 ], [ -111.70986, 41.424372 ], [ -111.709653, 41.424466 ], [ -111.709409, 41.42458 ], [ -111.709241, 41.424659 ], [ -111.709071, 41.424743 ], [ -111.708934, 41.42481 ], [ -111.708873, 41.42484 ], [ -111.70874, 41.424906 ], [ -111.708642, 41.424959 ], [ -111.708515, 41.425028 ], [ -111.708369, 41.425108 ], [ -111.708274, 41.425159 ], [ -111.708146, 41.425229 ], [ -111.708055, 41.425293 ], [ -111.707952, 41.425344 ], [ -111.707861, 41.425366 ], [ -111.707722, 41.425367 ], [ -111.707616, 41.425342 ], [ -111.707555, 41.425327 ], [ -111.707417, 41.425278 ], [ -111.70729, 41.425189 ], [ -111.707175, 41.425037 ], [ -111.707082, 41.424722 ], [ -111.707057, 41.424563 ], [ -111.707033, 41.424371 ], [ -111.707017, 41.424249 ], [ -111.706999, 41.42415 ], [ -111.706839, 41.423548 ], [ -111.706335, 41.422998 ], [ -111.705749, 41.422667 ], [ -111.705524, 41.422522 ], [ -111.705302, 41.422346 ], [ -111.705145, 41.422153 ], [ -111.704858, 41.42173 ], [ -111.704611, 41.421421 ], [ -111.704094, 41.421047 ], [ -111.703582, 41.420886 ], [ -111.702856, 41.420659 ], [ -111.702733, 41.42062 ], [ -111.701999, 41.420175 ], [ -111.701447, 41.419769 ], [ -111.701367, 41.419694 ], [ -111.701223, 41.419558 ], [ -111.701149, 41.419506 ], [ -111.700862, 41.419322 ], [ -111.700685, 41.419209 ], [ -111.700536, 41.419114 ], [ -111.700448, 41.419048 ], [ -111.70031, 41.418942 ], [ -111.700182, 41.418846 ], [ -111.69986, 41.418623 ], [ -111.699505, 41.418481 ], [ -111.69937, 41.418453 ], [ -111.699236, 41.418425 ], [ -111.699086, 41.418393 ], [ -111.698816, 41.418337 ], [ -111.698593, 41.418295 ], [ -111.698444, 41.418268 ], [ -111.698276, 41.418235 ], [ -111.69815, 41.41821 ], [ -111.697976, 41.418153 ], [ -111.697872, 41.418104 ], [ -111.697669, 41.41801 ], [ -111.697458, 41.417836 ], [ -111.69722, 41.417625 ], [ -111.697065, 41.417484 ], [ -111.696946, 41.417398 ], [ -111.696817, 41.417299 ], [ -111.696711, 41.417235 ], [ -111.696577, 41.417157 ], [ -111.696373, 41.417095 ], [ -111.696181, 41.417064 ], [ -111.695982, 41.417069 ], [ -111.695556, 41.417138 ], [ -111.695008, 41.41723 ], [ -111.694852, 41.417257 ], [ -111.694779, 41.417306 ], [ -111.69473, 41.417321 ], [ -111.694569, 41.417385 ], [ -111.694497, 41.417429 ], [ -111.694207, 41.417603 ], [ -111.694046, 41.417726 ], [ -111.693827, 41.41788 ], [ -111.693517, 41.418058 ], [ -111.692821, 41.418359 ], [ -111.692546, 41.418438 ], [ -111.692122, 41.41853 ], [ -111.691674, 41.418555 ], [ -111.690979, 41.418497 ], [ -111.690111, 41.418438 ], [ -111.68986, 41.418436 ], [ -111.689673, 41.418501 ], [ -111.689414, 41.418817 ], [ -111.68931, 41.419058 ], [ -111.68913, 41.419571 ], [ -111.688915, 41.420139 ], [ -111.688804, 41.420415 ], [ -111.688681, 41.420678 ], [ -111.688539, 41.420851 ], [ -111.688156, 41.421097 ], [ -111.688077, 41.421123 ], [ -111.687819, 41.42121 ], [ -111.687663, 41.421255 ], [ -111.687222, 41.421384 ], [ -111.686794, 41.421404 ], [ -111.686491, 41.421403 ], [ -111.685509, 41.421253 ], [ -111.685331, 41.421258 ], [ -111.685162, 41.421364 ], [ -111.685154, 41.421517 ], [ -111.685245, 41.421687 ], [ -111.685487, 41.421894 ], [ -111.685729, 41.422153 ], [ -111.685802, 41.422335 ], [ -111.685845, 41.422475 ], [ -111.685847, 41.422513 ], [ -111.68587, 41.422747 ], [ -111.685583, 41.423142 ], [ -111.685253, 41.423413 ], [ -111.684783, 41.423662 ], [ -111.68432, 41.423843 ], [ -111.684152, 41.423891 ], [ -111.683886, 41.424006 ], [ -111.683727, 41.424106 ], [ -111.683573, 41.424252 ], [ -111.683391, 41.42445 ], [ -111.683154, 41.424708 ], [ -111.683033, 41.424856 ], [ -111.683012, 41.424863 ], [ -111.682829, 41.424949 ], [ -111.682594, 41.425059 ], [ -111.681447, 41.425275 ], [ -111.681363, 41.425294 ], [ -111.680707, 41.425437 ], [ -111.680386, 41.425613 ], [ -111.679883, 41.426187 ], [ -111.67963, 41.42659 ], [ -111.679515, 41.426811 ], [ -111.679464, 41.426909 ], [ -111.679383, 41.427042 ], [ -111.679289, 41.427146 ], [ -111.679193, 41.427205 ], [ -111.679142, 41.42722 ], [ -111.679044, 41.427251 ], [ -111.678877, 41.427274 ], [ -111.678463, 41.427277 ], [ -111.678351, 41.427277 ], [ -111.67829, 41.427279 ], [ -111.678157, 41.427283 ], [ -111.677801, 41.427293 ], [ -111.67745, 41.427303 ], [ -111.677146, 41.427311 ], [ -111.676896, 41.427312 ], [ -111.6765, 41.427313 ], [ -111.675691, 41.427314 ], [ -111.67476, 41.42735 ], [ -111.673981, 41.427395 ], [ -111.673684, 41.427417 ], [ -111.673238, 41.427479 ], [ -111.673075, 41.427502 ], [ -111.672728, 41.42758 ], [ -111.672425, 41.427647 ], [ -111.672185, 41.427701 ], [ -111.672116, 41.427713 ], [ -111.671887, 41.42775 ], [ -111.671461, 41.427819 ], [ -111.670824, 41.427916 ], [ -111.670421, 41.428001 ], [ -111.669818, 41.428128 ], [ -111.669401, 41.428213 ], [ -111.669054, 41.428284 ], [ -111.668218, 41.428477 ], [ -111.666928, 41.428802 ], [ -111.666851, 41.428808 ], [ -111.666761, 41.428815 ], [ -111.666669, 41.428791 ], [ -111.666523, 41.42872 ], [ -111.666433, 41.428658 ], [ -111.666368, 41.428614 ], [ -111.666276, 41.428469 ], [ -111.666214, 41.428371 ], [ -111.6662, 41.428342 ], [ -111.666074, 41.428092 ], [ -111.666031, 41.428024 ], [ -111.665988, 41.427957 ], [ -111.665946, 41.42789 ], [ -111.665788, 41.427639 ], [ -111.665724, 41.427501 ], [ -111.665666, 41.427374 ], [ -111.665572, 41.427115 ], [ -111.665448, 41.426623 ], [ -111.66519, 41.425773 ], [ -111.665096, 41.42549 ], [ -111.664921, 41.424829 ], [ -111.664779, 41.424485 ], [ -111.664699, 41.424299 ], [ -111.664584, 41.424043 ], [ -111.664456, 41.42385 ], [ -111.664235, 41.423624 ], [ -111.663962, 41.423421 ], [ -111.663511, 41.423135 ], [ -111.663347, 41.423032 ], [ -111.663196, 41.422966 ], [ -111.662794, 41.422779 ], [ -111.662676, 41.422719 ], [ -111.662073, 41.422414 ], [ -111.661892, 41.422294 ], [ -111.661609, 41.422106 ], [ -111.661511, 41.422016 ], [ -111.661452, 41.421962 ], [ -111.661331, 41.421814 ], [ -111.661251, 41.421354 ], [ -111.661216, 41.421094 ], [ -111.66126, 41.420847 ], [ -111.661295, 41.420653 ], [ -111.661267, 41.420306 ], [ -111.661101, 41.419839 ], [ -111.661035, 41.419667 ], [ -111.660947, 41.419439 ], [ -111.660767, 41.419182 ], [ -111.660589, 41.418932 ], [ -111.660311, 41.418659 ], [ -111.660132, 41.418528 ], [ -111.659862, 41.41833 ], [ -111.659066, 41.41782 ], [ -111.658725, 41.417607 ], [ -111.658583, 41.417516 ], [ -111.658394, 41.417365 ], [ -111.658048, 41.417108 ], [ -111.657792, 41.416808 ], [ -111.657572, 41.416427 ], [ -111.657462, 41.416148 ], [ -111.657425, 41.415983 ], [ -111.657428, 41.415739 ], [ -111.657449, 41.41541 ], [ -111.657392, 41.415181 ], [ -111.657306, 41.41496 ], [ -111.657216, 41.414832 ], [ -111.657167, 41.414759 ], [ -111.657106, 41.414666 ], [ -111.656702, 41.414272 ], [ -111.656481, 41.414069 ], [ -111.656102, 41.413722 ], [ -111.655726, 41.413388 ], [ -111.655245, 41.412971 ], [ -111.655039, 41.412806 ], [ -111.654881, 41.41269 ], [ -111.654713, 41.412567 ], [ -111.654461, 41.412391 ], [ -111.654193, 41.412228 ], [ -111.653738, 41.411951 ], [ -111.653434, 41.411769 ], [ -111.652888, 41.411376 ], [ -111.652803, 41.411263 ], [ -111.652552, 41.411015 ], [ -111.652346, 41.410732 ], [ -111.652201, 41.410463 ], [ -111.652053, 41.410113 ], [ -111.652044, 41.409834 ], [ -111.652061, 41.409667 ], [ -111.652318, 41.408594 ], [ -111.65234, 41.408533 ], [ -111.652349, 41.40851 ], [ -111.652377, 41.40844 ], [ -111.652547, 41.408106 ], [ -111.652611, 41.407912 ], [ -111.652605, 41.407862 ], [ -111.652556, 41.40779 ], [ -111.65237, 41.407719 ], [ -111.651939, 41.407624 ], [ -111.650882, 41.407404 ], [ -111.650412, 41.407289 ], [ -111.650206, 41.407224 ], [ -111.65004, 41.407172 ], [ -111.649848, 41.407111 ], [ -111.649449, 41.406981 ], [ -111.649341, 41.406933 ], [ -111.649165, 41.406853 ], [ -111.648947, 41.406753 ], [ -111.648779, 41.406669 ], [ -111.648644, 41.406601 ], [ -111.648506, 41.40652 ], [ -111.648361, 41.406436 ], [ -111.64824, 41.406292 ], [ -111.648227, 41.406248 ], [ -111.648178, 41.405829 ], [ -111.648187, 41.405725 ], [ -111.648138, 41.405631 ], [ -111.648047, 41.405529 ], [ -111.647903, 41.405466 ], [ -111.647735, 41.405431 ], [ -111.647502, 41.405436 ], [ -111.646695, 41.405536 ], [ -111.6462, 41.405664 ], [ -111.645899, 41.405715 ], [ -111.64557, 41.405704 ], [ -111.644896, 41.405667 ], [ -111.644526, 41.405741 ], [ -111.644293, 41.405806 ], [ -111.644132, 41.40589 ], [ -111.644007, 41.405956 ], [ -111.643895, 41.406078 ], [ -111.643792, 41.40634 ], [ -111.643733, 41.406669 ], [ -111.643569, 41.407589 ], [ -111.643429, 41.408535 ], [ -111.643394, 41.408777 ], [ -111.64337, 41.409176 ], [ -111.643318, 41.410049 ], [ -111.643319, 41.410095 ], [ -111.643284, 41.410252 ], [ -111.64312, 41.410649 ], [ -111.642773, 41.411118 ], [ -111.642717, 41.411193 ], [ -111.64259, 41.411362 ], [ -111.642511, 41.411464 ], [ -111.642418, 41.411584 ], [ -111.642345, 41.411678 ], [ -111.642257, 41.411793 ], [ -111.642212, 41.411851 ], [ -111.642074, 41.412029 ], [ -111.642014, 41.412107 ], [ -111.641901, 41.412254 ], [ -111.64183, 41.412347 ], [ -111.641765, 41.412436 ], [ -111.641709, 41.412512 ], [ -111.641665, 41.412571 ], [ -111.641559, 41.412715 ], [ -111.641521, 41.412767 ], [ -111.64148, 41.412822 ], [ -111.641426, 41.412896 ], [ -111.641355, 41.412992 ], [ -111.641273, 41.413112 ], [ -111.641111, 41.413352 ], [ -111.641099, 41.41337 ], [ -111.641035, 41.413464 ], [ -111.640895, 41.41367 ], [ -111.640805, 41.413791 ], [ -111.640609, 41.414054 ], [ -111.640511, 41.414186 ], [ -111.640438, 41.414255 ], [ -111.64035, 41.41434 ], [ -111.640201, 41.414448 ], [ -111.640107, 41.414517 ], [ -111.640002, 41.41456 ], [ -111.639917, 41.414594 ], [ -111.639714, 41.414627 ], [ -111.639528, 41.414624 ], [ -111.639193, 41.414571 ], [ -111.639062, 41.414565 ], [ -111.638624, 41.414543 ], [ -111.638283, 41.414572 ], [ -111.637997, 41.414623 ], [ -111.637834, 41.414679 ], [ -111.637746, 41.41471 ], [ -111.637258, 41.414947 ], [ -111.637014, 41.415065 ], [ -111.636492, 41.415308 ], [ -111.636078, 41.4155 ], [ -111.635764, 41.415653 ], [ -111.635488, 41.415788 ], [ -111.634989, 41.416031 ], [ -111.634277, 41.416424 ], [ -111.634034, 41.416558 ], [ -111.633644, 41.416768 ], [ -111.633443, 41.416877 ], [ -111.633199, 41.417012 ], [ -111.633096, 41.417076 ], [ -111.632917, 41.417189 ], [ -111.632633, 41.417366 ], [ -111.632383, 41.417523 ], [ -111.632286, 41.417594 ], [ -111.632042, 41.417771 ], [ -111.631759, 41.417977 ], [ -111.631557, 41.418131 ], [ -111.631321, 41.418255 ], [ -111.631233, 41.418277 ], [ -111.63111, 41.418291 ], [ -111.631002, 41.418278 ], [ -111.630859, 41.418229 ], [ -111.630738, 41.418153 ], [ -111.630428, 41.41785 ], [ -111.630325, 41.417776 ], [ -111.630237, 41.417715 ], [ -111.630104, 41.417667 ], [ -111.630007, 41.417644 ], [ -111.629874, 41.417629 ], [ -111.629691, 41.41761 ], [ -111.629555, 41.417623 ], [ -111.629418, 41.417637 ], [ -111.629308, 41.417647 ], [ -111.629117, 41.417666 ], [ -111.628201, 41.417817 ], [ -111.627932, 41.417859 ], [ -111.627803, 41.417863 ], [ -111.62767, 41.417823 ], [ -111.627569, 41.417792 ], [ -111.627394, 41.417712 ], [ -111.627076, 41.417565 ], [ -111.626963, 41.417557 ], [ -111.626813, 41.417576 ], [ -111.626694, 41.417611 ], [ -111.626622, 41.417631 ], [ -111.626516, 41.417682 ], [ -111.626344, 41.417765 ], [ -111.626185, 41.417846 ], [ -111.626136, 41.417888 ], [ -111.625707, 41.418102 ], [ -111.625604, 41.418132 ], [ -111.625518, 41.418176 ], [ -111.625282, 41.4183 ], [ -111.625009, 41.418522 ], [ -111.624931, 41.418665 ], [ -111.624846, 41.418749 ], [ -111.624781, 41.41882 ], [ -111.624749, 41.418836 ], [ -111.624608, 41.418894 ], [ -111.62443, 41.418969 ], [ -111.624321, 41.419014 ], [ -111.623956, 41.419111 ], [ -111.623733, 41.419146 ], [ -111.623634, 41.419162 ], [ -111.623263, 41.419199 ], [ -111.623084, 41.419258 ], [ -111.622989, 41.419349 ], [ -111.622926, 41.419538 ], [ -111.622916, 41.419626 ], [ -111.622925, 41.419708 ], [ -111.622823, 41.42012 ], [ -111.62273, 41.420346 ], [ -111.62261, 41.420436 ], [ -111.622414, 41.420527 ], [ -111.621811, 41.420639 ], [ -111.621584, 41.420758 ], [ -111.621311, 41.420975 ], [ -111.620801, 41.421428 ], [ -111.620462, 41.421659 ], [ -111.620267, 41.421729 ], [ -111.61963, 41.421831 ], [ -111.619214, 41.422002 ], [ -111.619005, 41.422128 ], [ -111.618806, 41.42226 ], [ -111.618685, 41.42234 ], [ -111.618578, 41.422381 ], [ -111.618433, 41.422386 ], [ -111.618165, 41.422372 ], [ -111.617399, 41.422342 ], [ -111.616836, 41.422318 ], [ -111.616486, 41.422332 ], [ -111.615945, 41.422337 ], [ -111.614794, 41.422131 ], [ -111.613434, 41.421832 ], [ -111.612589, 41.421828 ], [ -111.612391, 41.42177 ], [ -111.612263, 41.421636 ], [ -111.612164, 41.421172 ], [ -111.612208, 41.420731 ], [ -111.612159, 41.420564 ], [ -111.612042, 41.420353 ], [ -111.611848, 41.4201 ], [ -111.611536, 41.419694 ], [ -111.611353, 41.419497 ], [ -111.611265, 41.419438 ], [ -111.61116, 41.419367 ], [ -111.61089, 41.419256 ], [ -111.610576, 41.419189 ], [ -111.610009, 41.419067 ], [ -111.608984, 41.418896 ], [ -111.608554, 41.418935 ], [ -111.608354, 41.418976 ], [ -111.607986, 41.419062 ], [ -111.607767, 41.419115 ], [ -111.607556, 41.419165 ], [ -111.607454, 41.419211 ], [ -111.607199, 41.419325 ], [ -111.606967, 41.419362 ], [ -111.606613, 41.419378 ], [ -111.605752, 41.419298 ], [ -111.605722, 41.419294 ], [ -111.604944, 41.419431 ], [ -111.60431, 41.419466 ], [ -111.604189, 41.419512 ], [ -111.604083, 41.419551 ], [ -111.603798, 41.419667 ], [ -111.60372, 41.419705 ], [ -111.603352, 41.419883 ], [ -111.603198, 41.419957 ], [ -111.60297, 41.420068 ], [ -111.602686, 41.420244 ], [ -111.602481, 41.420323 ], [ -111.602249, 41.420391 ], [ -111.602183, 41.420402 ], [ -111.60208, 41.420418 ], [ -111.602005, 41.420429 ], [ -111.60186, 41.420452 ], [ -111.601732, 41.420495 ], [ -111.601691, 41.420509 ], [ -111.601403, 41.420605 ], [ -111.601087, 41.420711 ], [ -111.600652, 41.420858 ], [ -111.60058, 41.420882 ], [ -111.600472, 41.420919 ], [ -111.600343, 41.420965 ], [ -111.600073, 41.421069 ], [ -111.599892, 41.421138 ], [ -111.599796, 41.421181 ], [ -111.599523, 41.421311 ], [ -111.599194, 41.42134 ], [ -111.599165, 41.42134 ], [ -111.598542, 41.421351 ], [ -111.598362, 41.421308 ], [ -111.598342, 41.421299 ], [ -111.598206, 41.421237 ], [ -111.598073, 41.421138 ], [ -111.598039, 41.421104 ], [ -111.597973, 41.421037 ], [ -111.597814, 41.420874 ], [ -111.597662, 41.420797 ], [ -111.597516, 41.420747 ], [ -111.597375, 41.420703 ], [ -111.597004, 41.420593 ], [ -111.59665, 41.42046 ], [ -111.596404, 41.420367 ], [ -111.59597, 41.420203 ], [ -111.59561, 41.420034 ], [ -111.595238, 41.419923 ], [ -111.594327, 41.419771 ], [ -111.593699, 41.419787 ], [ -111.593286, 41.419765 ], [ -111.592945, 41.419746 ], [ -111.592723, 41.41974 ], [ -111.59236, 41.419731 ], [ -111.592239, 41.419727 ], [ -111.591987, 41.419679 ], [ -111.591777, 41.419593 ], [ -111.591538, 41.419485 ], [ -111.591322, 41.419385 ], [ -111.591188, 41.419323 ], [ -111.591048, 41.419274 ], [ -111.590986, 41.419253 ], [ -111.590628, 41.419126 ], [ -111.590329, 41.419026 ], [ -111.589802, 41.418866 ], [ -111.589468, 41.418775 ], [ -111.5891, 41.418676 ], [ -111.588824, 41.418601 ], [ -111.588422, 41.418551 ], [ -111.588197, 41.418527 ], [ -111.587458, 41.418565 ], [ -111.587327, 41.418572 ], [ -111.587058, 41.418552 ], [ -111.586603, 41.418488 ], [ -111.586337, 41.418448 ], [ -111.586017, 41.418401 ], [ -111.585922, 41.418387 ], [ -111.585723, 41.418364 ], [ -111.58546, 41.418341 ], [ -111.584902, 41.418292 ], [ -111.58434, 41.418281 ], [ -111.584086, 41.418336 ], [ -111.583856, 41.418416 ], [ -111.583766, 41.418495 ], [ -111.583731, 41.418519 ], [ -111.583679, 41.418555 ], [ -111.583583, 41.418623 ], [ -111.583533, 41.418676 ], [ -111.583442, 41.418772 ], [ -111.583346, 41.418873 ], [ -111.583201, 41.41906 ], [ -111.58305, 41.419234 ], [ -111.582962, 41.419423 ], [ -111.582808, 41.41967 ], [ -111.582741, 41.419777 ], [ -111.582677, 41.41988 ], [ -111.582621, 41.419951 ], [ -111.582448, 41.420169 ], [ -111.582339, 41.420289 ], [ -111.582139, 41.420454 ], [ -111.581909, 41.420757 ], [ -111.581652, 41.421113 ], [ -111.581335, 41.421553 ], [ -111.581261, 41.421628 ], [ -111.581162, 41.421728 ], [ -111.581045, 41.421846 ], [ -111.580903, 41.42199 ], [ -111.58079, 41.422105 ], [ -111.580599, 41.422279 ], [ -111.580563, 41.422311 ], [ -111.58046, 41.422404 ], [ -111.580383, 41.422474 ], [ -111.580266, 41.422581 ], [ -111.580036, 41.422823 ], [ -111.579216, 41.423974 ], [ -111.579063, 41.424167 ], [ -111.578949, 41.424335 ], [ -111.578726, 41.424639 ], [ -111.578489, 41.424963 ], [ -111.578192, 41.42537 ], [ -111.578019, 41.425566 ], [ -111.577724, 41.425899 ], [ -111.577467, 41.426195 ], [ -111.577155, 41.426555 ], [ -111.576985, 41.426742 ], [ -111.576542, 41.427231 ], [ -111.575825, 41.428287 ], [ -111.575781, 41.428353 ], [ -111.575559, 41.428605 ], [ -111.575476, 41.428774 ], [ -111.575234, 41.428871 ], [ -111.575166, 41.428898 ], [ -111.575034, 41.428917 ], [ -111.574698, 41.428873 ], [ -111.574272, 41.428749 ], [ -111.57392, 41.428565 ], [ -111.573641, 41.428343 ], [ -111.573212, 41.427893 ], [ -111.572971, 41.427613 ], [ -111.572941, 41.427572 ], [ -111.572764, 41.427292 ], [ -111.572496, 41.426853 ], [ -111.572351, 41.426683 ], [ -111.572177, 41.426553 ], [ -111.571785, 41.426208 ], [ -111.571742, 41.426135 ], [ -111.571596, 41.425685 ], [ -111.571615, 41.425451 ], [ -111.571629, 41.425318 ], [ -111.571633, 41.425275 ], [ -111.571566, 41.425124 ], [ -111.571475, 41.425043 ], [ -111.571229, 41.424913 ], [ -111.570864, 41.424822 ], [ -111.570595, 41.424755 ], [ -111.570328, 41.424688 ], [ -111.570246, 41.424668 ], [ -111.570083, 41.424627 ], [ -111.56987, 41.424574 ], [ -111.569629, 41.424514 ], [ -111.569383, 41.424486 ], [ -111.569275, 41.424487 ], [ -111.568998, 41.424481 ], [ -111.568603, 41.424468 ], [ -111.568474, 41.424464 ], [ -111.568206, 41.424456 ], [ -111.567979, 41.424449 ], [ -111.567738, 41.424441 ], [ -111.56748, 41.424435 ], [ -111.567241, 41.424431 ], [ -111.567171, 41.424427 ], [ -111.567036, 41.424424 ], [ -111.566785, 41.424418 ], [ -111.566574, 41.424388 ], [ -111.566209, 41.424336 ], [ -111.565909, 41.424224 ], [ -111.565699, 41.424076 ], [ -111.565348, 41.423628 ], [ -111.565113, 41.423431 ], [ -111.564831, 41.423279 ], [ -111.564356, 41.423155 ], [ -111.564178, 41.423141 ], [ -111.564003, 41.423125 ], [ -111.563626, 41.423138 ], [ -111.563493, 41.423152 ], [ -111.562984, 41.423246 ], [ -111.562784, 41.423284 ], [ -111.561684, 41.423291 ], [ -111.56045, 41.423342 ], [ -111.560242, 41.423351 ], [ -111.560184, 41.423354 ], [ -111.559988, 41.423396 ], [ -111.559725, 41.423465 ], [ -111.559704, 41.423471 ], [ -111.559543, 41.423552 ], [ -111.559347, 41.423707 ], [ -111.558879, 41.424231 ], [ -111.558505, 41.424513 ], [ -111.558169, 41.424656 ], [ -111.557961, 41.42474 ], [ -111.557555, 41.424801 ], [ -111.557011, 41.42483 ], [ -111.556944, 41.424822 ], [ -111.556657, 41.424787 ], [ -111.55622, 41.424681 ], [ -111.556041, 41.424611 ], [ -111.555217, 41.42429 ], [ -111.555015, 41.424199 ], [ -111.554688, 41.424052 ], [ -111.554603, 41.424014 ], [ -111.554399, 41.423922 ], [ -111.554332, 41.423889 ], [ -111.55425, 41.423848 ], [ -111.554147, 41.423754 ], [ -111.554093, 41.423647 ], [ -111.554044, 41.423425 ], [ -111.554006, 41.423097 ], [ -111.553949, 41.422935 ], [ -111.553809, 41.42229 ], [ -111.553762, 41.422076 ], [ -111.553724, 41.421821 ], [ -111.553689, 41.421574 ], [ -111.553661, 41.421388 ], [ -111.553533, 41.42082 ], [ -111.553495, 41.420729 ], [ -111.553471, 41.420576 ], [ -111.553345, 41.420178 ], [ -111.553265, 41.419917 ], [ -111.55282, 41.418919 ], [ -111.55263, 41.418389 ], [ -111.55258, 41.418133 ], [ -111.552579, 41.417992 ], [ -111.552577, 41.417794 ], [ -111.552673, 41.41715 ], [ -111.552602, 41.416565 ], [ -111.552476, 41.416189 ], [ -111.552233, 41.415515 ], [ -111.552149, 41.415273 ], [ -111.552077, 41.415108 ], [ -111.551943, 41.414805 ], [ -111.551881, 41.414664 ], [ -111.551783, 41.414443 ], [ -111.551698, 41.414295 ], [ -111.551659, 41.414227 ], [ -111.551568, 41.414069 ], [ -111.551532, 41.414006 ], [ -111.551449, 41.413861 ], [ -111.55137, 41.413724 ], [ -111.551233, 41.413555 ], [ -111.551013, 41.413285 ], [ -111.550906, 41.413181 ], [ -111.550719, 41.413 ], [ -111.550651, 41.412933 ], [ -111.550537, 41.412823 ], [ -111.550469, 41.412784 ], [ -111.550359, 41.412719 ], [ -111.550266, 41.412665 ], [ -111.550092, 41.412564 ], [ -111.550014, 41.412505 ], [ -111.549937, 41.412446 ], [ -111.549809, 41.412349 ], [ -111.54976, 41.412303 ], [ -111.549721, 41.412266 ], [ -111.549641, 41.412191 ], [ -111.549574, 41.412127 ], [ -111.549393, 41.41199 ], [ -111.549294, 41.411857 ], [ -111.549049, 41.411623 ], [ -111.548729, 41.411327 ], [ -111.548464, 41.411108 ], [ -111.548098, 41.410934 ], [ -111.547625, 41.410719 ], [ -111.547215, 41.410533 ], [ -111.546703, 41.410283 ], [ -111.546395, 41.410171 ], [ -111.545896, 41.410007 ], [ -111.545631, 41.40991 ], [ -111.54536, 41.409811 ], [ -111.545139, 41.409682 ], [ -111.544996, 41.409571 ], [ -111.544824, 41.409301 ], [ -111.544693, 41.408902 ], [ -111.544676, 41.40886 ], [ -111.544599, 41.40844 ], [ -111.544589, 41.408383 ], [ -111.544404, 41.407794 ], [ -111.544181, 41.407325 ], [ -111.544081, 41.407215 ], [ -111.54395, 41.407071 ], [ -111.543792, 41.406833 ], [ -111.543719, 41.406678 ], [ -111.543725, 41.406533 ], [ -111.543788, 41.406307 ], [ -111.543792, 41.406086 ], [ -111.54376, 41.405906 ], [ -111.543749, 41.4059 ], [ -111.543624, 41.405627 ], [ -111.543503, 41.405484 ], [ -111.543123, 41.405296 ], [ -111.542641, 41.405182 ], [ -111.542323, 41.405119 ], [ -111.541874, 41.405059 ], [ -111.541523, 41.405063 ], [ -111.541201, 41.405175 ], [ -111.54086, 41.40541 ], [ -111.540727, 41.40558 ], [ -111.540509, 41.40595 ], [ -111.540303, 41.406289 ], [ -111.540195, 41.406533 ], [ -111.540207, 41.406649 ], [ -111.540302, 41.407012 ], [ -111.540631, 41.407523 ], [ -111.540746, 41.408033 ], [ -111.540647, 41.40849 ], [ -111.540525, 41.408647 ], [ -111.540319, 41.40898 ], [ -111.540229, 41.409027 ], [ -111.539965, 41.409212 ], [ -111.539901, 41.409256 ], [ -111.539861, 41.409286 ], [ -111.539771, 41.409353 ], [ -111.539521, 41.409539 ], [ -111.539066, 41.409867 ], [ -111.538745, 41.410064 ], [ -111.53824, 41.410376 ], [ -111.537655, 41.410756 ], [ -111.537499, 41.410858 ], [ -111.537312, 41.41098 ], [ -111.537079, 41.411094 ], [ -111.53695, 41.411136 ], [ -111.536846, 41.411169 ], [ -111.536791, 41.411187 ], [ -111.536773, 41.411181 ], [ -111.536129, 41.411258 ], [ -111.535369, 41.411208 ], [ -111.534639, 41.411211 ], [ -111.534174, 41.411258 ], [ -111.533875, 41.41139 ], [ -111.533587, 41.411615 ], [ -111.533334, 41.411812 ], [ -111.533227, 41.412067 ], [ -111.533211, 41.4122 ], [ -111.533179, 41.412452 ], [ -111.53302, 41.412946 ], [ -111.532915, 41.413172 ], [ -111.532678, 41.413488 ], [ -111.532423, 41.413786 ], [ -111.532213, 41.414142 ], [ -111.532051, 41.414405 ], [ -111.531807, 41.414564 ], [ -111.531646, 41.414619 ], [ -111.531444, 41.414639 ], [ -111.531181, 41.414632 ], [ -111.530731, 41.414605 ], [ -111.530558, 41.414628 ], [ -111.530002, 41.414703 ], [ -111.529565, 41.414727 ], [ -111.529372, 41.414717 ], [ -111.529164, 41.414707 ], [ -111.528332, 41.41467 ], [ -111.527633, 41.414695 ], [ -111.527335, 41.414775 ], [ -111.527064, 41.414853 ], [ -111.526818, 41.414947 ], [ -111.526682, 41.415011 ], [ -111.526452, 41.415119 ], [ -111.526147, 41.415262 ], [ -111.525959, 41.415356 ], [ -111.525696, 41.415498 ], [ -111.525537, 41.415584 ], [ -111.525343, 41.415688 ], [ -111.525039, 41.415817 ], [ -111.524964, 41.415849 ], [ -111.524806, 41.415916 ], [ -111.524662, 41.415972 ], [ -111.524514, 41.41603 ], [ -111.524297, 41.416056 ], [ -111.524058, 41.416056 ], [ -111.523726, 41.416053 ], [ -111.523228, 41.416049 ], [ -111.522957, 41.416039 ], [ -111.522372, 41.416017 ], [ -111.522186, 41.416012 ], [ -111.521786, 41.416006 ], [ -111.521505, 41.416019 ], [ -111.521421, 41.416039 ], [ -111.521349, 41.416139 ], [ -111.521267, 41.416426 ], [ -111.521216, 41.416608 ], [ -111.521147, 41.417089 ], [ -111.521103, 41.417401 ], [ -111.521014, 41.417752 ], [ -111.520938, 41.418055 ], [ -111.520793, 41.418424 ], [ -111.520566, 41.418795 ], [ -111.520324, 41.419069 ], [ -111.519763, 41.419625 ], [ -111.518472, 41.420788 ], [ -111.518022, 41.421279 ], [ -111.517565, 41.421677 ], [ -111.51738, 41.421773 ], [ -111.517177, 41.421814 ], [ -111.516914, 41.421815 ], [ -111.51661, 41.421818 ], [ -111.516338, 41.421822 ], [ -111.516144, 41.421818 ], [ -111.515334, 41.421782 ], [ -111.514919, 41.421791 ], [ -111.514592, 41.421799 ], [ -111.514473, 41.421811 ], [ -111.514281, 41.421832 ], [ -111.51409, 41.421878 ], [ -111.514015, 41.421905 ], [ -111.513839, 41.421986 ], [ -111.513555, 41.422145 ], [ -111.513404, 41.42224 ], [ -111.513212, 41.422372 ], [ -111.513137, 41.422424 ], [ -111.513007, 41.422513 ], [ -111.512875, 41.422603 ], [ -111.512763, 41.422651 ], [ -111.512362, 41.422808 ], [ -111.512122, 41.422873 ], [ -111.512087, 41.422886 ], [ -111.51186, 41.422923 ], [ -111.511432, 41.422993 ], [ -111.511207, 41.423029 ], [ -111.511191, 41.423031 ], [ -111.511123, 41.423052 ], [ -111.511026, 41.423079 ], [ -111.510874, 41.423122 ], [ -111.510815, 41.423138 ], [ -111.510839, 41.4231 ], [ -111.510904, 41.423011 ], [ -111.510998, 41.422759 ], [ -111.51102, 41.422506 ], [ -111.510947, 41.422028 ], [ -111.510944, 41.422007 ], [ -111.5109, 41.421714 ], [ -111.510857, 41.421422 ], [ -111.510797, 41.421123 ], [ -111.5108, 41.421088 ], [ -111.510749, 41.420857 ], [ -111.510665, 41.420683 ], [ -111.510638, 41.420635 ], [ -111.510619, 41.420618 ], [ -111.510507, 41.420446 ], [ -111.510414, 41.420363 ], [ -111.510356, 41.420303 ], [ -111.510152, 41.420173 ], [ -111.50976, 41.419907 ], [ -111.509715, 41.419877 ], [ -111.509603, 41.419801 ], [ -111.509424, 41.419685 ], [ -111.509326, 41.419647 ], [ -111.509238, 41.419612 ], [ -111.509097, 41.419557 ], [ -111.508906, 41.419482 ], [ -111.508701, 41.419402 ], [ -111.508498, 41.419321 ], [ -111.508078, 41.419152 ], [ -111.507879, 41.419057 ], [ -111.507638, 41.418935 ], [ -111.507626, 41.418931 ], [ -111.507521, 41.41888 ], [ -111.507403, 41.41881 ], [ -111.507346, 41.418778 ], [ -111.507046, 41.418601 ], [ -111.506854, 41.418489 ], [ -111.506486, 41.418153 ], [ -111.506383, 41.417987 ], [ -111.506381, 41.417958 ], [ -111.506388, 41.417928 ], [ -111.506375, 41.41775 ], [ -111.506469, 41.417498 ], [ -111.506601, 41.417211 ], [ -111.506617, 41.417145 ], [ -111.506669, 41.417031 ], [ -111.506772, 41.416468 ], [ -111.506847, 41.416075 ], [ -111.506957, 41.415867 ], [ -111.507071, 41.415651 ], [ -111.507272, 41.415376 ], [ -111.507528, 41.415172 ], [ -111.507891, 41.414927 ], [ -111.508058, 41.414796 ], [ -111.508153, 41.41471 ], [ -111.508236, 41.414593 ], [ -111.508253, 41.41447 ], [ -111.508238, 41.414349 ], [ -111.508203, 41.41425 ], [ -111.508114, 41.414172 ], [ -111.508028, 41.41406 ], [ -111.507925, 41.413951 ], [ -111.507823, 41.413875 ], [ -111.507638, 41.41379 ], [ -111.507547, 41.413755 ], [ -111.507055, 41.41368 ], [ -111.506601, 41.413631 ], [ -111.506083, 41.413564 ], [ -111.505696, 41.413513 ], [ -111.504918, 41.413418 ], [ -111.504435, 41.413496 ], [ -111.504135, 41.413545 ], [ -111.503842, 41.413546 ], [ -111.503487, 41.413457 ], [ -111.503128, 41.413274 ], [ -111.502963, 41.413136 ], [ -111.502697, 41.412945 ], [ -111.502672, 41.412926 ], [ -111.502382, 41.412764 ], [ -111.50177, 41.412492 ], [ -111.501541, 41.412358 ], [ -111.501391, 41.412219 ], [ -111.500957, 41.411892 ], [ -111.500753, 41.41178 ], [ -111.500583, 41.411466 ], [ -111.500537, 41.410853 ], [ -111.500418, 41.410366 ], [ -111.500382, 41.410263 ], [ -111.500379, 41.410252 ], [ -111.500342, 41.410124 ], [ -111.500198, 41.409634 ], [ -111.499915, 41.408925 ], [ -111.499894, 41.408895 ], [ -111.499646, 41.408536 ], [ -111.499405, 41.408317 ], [ -111.499106, 41.408166 ], [ -111.49902, 41.408122 ], [ -111.498001, 41.407824 ], [ -111.497354, 41.407697 ], [ -111.496922, 41.407572 ], [ -111.496406, 41.407367 ], [ -111.49567, 41.406933 ], [ -111.495304, 41.406704 ], [ -111.494014, 41.405847 ], [ -111.493683, 41.405668 ], [ -111.493197, 41.405485 ], [ -111.492103, 41.405206 ], [ -111.491805, 41.40512 ], [ -111.49083, 41.404837 ], [ -111.490554, 41.404803 ], [ -111.490243, 41.404782 ], [ -111.489838, 41.404781 ], [ -111.489414, 41.40478 ], [ -111.488365, 41.404817 ], [ -111.487363, 41.404852 ], [ -111.486689, 41.404873 ], [ -111.485129, 41.404925 ], [ -111.484782, 41.404886 ], [ -111.484562, 41.404808 ], [ -111.484374, 41.404703 ], [ -111.4843, 41.404645 ], [ -111.484153, 41.404523 ], [ -111.484138, 41.404492 ], [ -111.483819, 41.404039 ], [ -111.483502, 41.403283 ], [ -111.483154, 41.402701 ], [ -111.483018, 41.402468 ], [ -111.482474, 41.401759 ], [ -111.482132, 41.401496 ], [ -111.482011, 41.401403 ], [ -111.481968, 41.401384 ], [ -111.481669, 41.401255 ], [ -111.481273, 41.401131 ], [ -111.480822, 41.401013 ], [ -111.480644, 41.400967 ], [ -111.4789, 41.400587 ], [ -111.477981, 41.400408 ], [ -111.477587, 41.400331 ], [ -111.477563, 41.400329 ], [ -111.477474, 41.40032 ], [ -111.477318, 41.400305 ], [ -111.477099, 41.400284 ], [ -111.476955, 41.40027 ], [ -111.476828, 41.400258 ], [ -111.476675, 41.400254 ], [ -111.476546, 41.400251 ], [ -111.47644, 41.400248 ], [ -111.47635, 41.400246 ], [ -111.476222, 41.400217 ], [ -111.476102, 41.400189 ], [ -111.475958, 41.400156 ], [ -111.475852, 41.400131 ], [ -111.475624, 41.400006 ], [ -111.475449, 41.399836 ], [ -111.4754, 41.39962 ], [ -111.475427, 41.399386 ], [ -111.475527, 41.398906 ], [ -111.475664, 41.39859 ], [ -111.475724, 41.398478 ], [ -111.476084, 41.39794 ], [ -111.476608, 41.397107 ], [ -111.476862, 41.396623 ], [ -111.477396, 41.395711 ], [ -111.47741, 41.395659 ], [ -111.477471, 41.395486 ], [ -111.477512, 41.395371 ], [ -111.477526, 41.39534 ], [ -111.477603, 41.395104 ], [ -111.477647, 41.395018 ], [ -111.477684, 41.394933 ], [ -111.477707, 41.394862 ], [ -111.477713, 41.394847 ], [ -111.477744, 41.394713 ], [ -111.477753, 41.394662 ], [ -111.477758, 41.394567 ], [ -111.477755, 41.394468 ], [ -111.477761, 41.394428 ], [ -111.477727, 41.394153 ], [ -111.47768, 41.39396 ], [ -111.47766, 41.393879 ], [ -111.477608, 41.3937 ], [ -111.477603, 41.393666 ], [ -111.477595, 41.393604 ], [ -111.477588, 41.393357 ], [ -111.477608, 41.393266 ], [ -111.47767, 41.393082 ], [ -111.4777, 41.392996 ], [ -111.477765, 41.392819 ], [ -111.477909, 41.392373 ], [ -111.477974, 41.392198 ], [ -111.478003, 41.392107 ], [ -111.47807, 41.39193 ], [ -111.47822, 41.39138 ], [ -111.478244, 41.391295 ], [ -111.478365, 41.390839 ], [ -111.478376, 41.390804 ], [ -111.478391, 41.390754 ], [ -111.478425, 41.390569 ], [ -111.478376, 41.389993 ], [ -111.478309, 41.389759 ], [ -111.478288, 41.389637 ], [ -111.478272, 41.389539 ], [ -111.478184, 41.388858 ], [ -111.478172, 41.388674 ], [ -111.478177, 41.388489 ], [ -111.478199, 41.38821 ], [ -111.478198, 41.388115 ], [ -111.478226, 41.387881 ], [ -111.478222, 41.387633 ], [ -111.478266, 41.386732 ], [ -111.478283, 41.386453 ], [ -111.478289, 41.386174 ], [ -111.478291, 41.386094 ], [ -111.478303, 41.3858 ], [ -111.478297, 41.385705 ], [ -111.478282, 41.385615 ], [ -111.478254, 41.385524 ], [ -111.478031, 41.384958 ], [ -111.478012, 41.38491 ], [ -111.477984, 41.384819 ], [ -111.477891, 41.384653 ], [ -111.477833, 41.384568 ], [ -111.477766, 41.384491 ], [ -111.477618, 41.384348 ], [ -111.477442, 41.384223 ], [ -111.477344, 41.384169 ], [ -111.477243, 41.38412 ], [ -111.477131, 41.384072 ], [ -111.476901, 41.383997 ], [ -111.47666, 41.38394 ], [ -111.476412, 41.383896 ], [ -111.476286, 41.383887 ], [ -111.476163, 41.383886 ], [ -111.475914, 41.383863 ], [ -111.475411, 41.383841 ], [ -111.475031, 41.383811 ], [ -111.474459, 41.383753 ], [ -111.474335, 41.383738 ], [ -111.474089, 41.383695 ], [ -111.47385, 41.383634 ], [ -111.473615, 41.383557 ], [ -111.473501, 41.383515 ], [ -111.473064, 41.383328 ], [ -111.472852, 41.38322 ], [ -111.47275, 41.383164 ], [ -111.472466, 41.382981 ], [ -111.472116, 41.382706 ], [ -111.471863, 41.382491 ], [ -111.471626, 41.382271 ], [ -111.471464, 41.382117 ], [ -111.471292, 41.381982 ], [ -111.471122, 41.381862 ], [ -111.470886, 41.381756 ], [ -111.470828, 41.381734 ], [ -111.470689, 41.381682 ], [ -111.470281, 41.381562 ], [ -111.470074, 41.381533 ], [ -111.469874, 41.381505 ], [ -111.469631, 41.381458 ], [ -111.469373, 41.381406 ], [ -111.469114, 41.381355 ], [ -111.46895, 41.381314 ], [ -111.468654, 41.381245 ], [ -111.468327, 41.381169 ], [ -111.468101, 41.381118 ], [ -111.467906, 41.381078 ], [ -111.467798, 41.381066 ], [ -111.467552, 41.381054 ], [ -111.467407, 41.381055 ], [ -111.467036, 41.381058 ], [ -111.466595, 41.381058 ], [ -111.466206, 41.381056 ], [ -111.465813, 41.381028 ], [ -111.465567, 41.380968 ], [ -111.465299, 41.380845 ], [ -111.464969, 41.380684 ], [ -111.464708, 41.380553 ], [ -111.464422, 41.38041 ], [ -111.46422, 41.380309 ], [ -111.464017, 41.380208 ], [ -111.463809, 41.380106 ], [ -111.463614, 41.38001 ], [ -111.463487, 41.37995 ], [ -111.463286, 41.379863 ], [ -111.463119, 41.379781 ], [ -111.462915, 41.379661 ], [ -111.462788, 41.379581 ], [ -111.462702, 41.379503 ], [ -111.462591, 41.379413 ], [ -111.462472, 41.379316 ], [ -111.462316, 41.379182 ], [ -111.462249, 41.379123 ], [ -111.462201, 41.379082 ], [ -111.462138, 41.379024 ], [ -111.46199, 41.378857 ], [ -111.461943, 41.378799 ], [ -111.461839, 41.378669 ], [ -111.461654, 41.378439 ], [ -111.461595, 41.378351 ], [ -111.461629, 41.378233 ], [ -111.46169, 41.378013 ], [ -111.461699, 41.377929 ], [ -111.461725, 41.377849 ], [ -111.461847, 41.377529 ], [ -111.462015, 41.376926 ], [ -111.462057, 41.37677 ], [ -111.46206, 41.376616 ], [ -111.462041, 41.37645 ], [ -111.461994, 41.376306 ], [ -111.461722, 41.375642 ], [ -111.461639, 41.375472 ], [ -111.461435, 41.374984 ], [ -111.460792, 41.374188 ], [ -111.460625, 41.374121 ], [ -111.46059, 41.374096 ], [ -111.459971, 41.373807 ], [ -111.459898, 41.373783 ], [ -111.459618, 41.373672 ], [ -111.459564, 41.373649 ], [ -111.459296, 41.373558 ], [ -111.459181, 41.37356 ], [ -111.458995, 41.37356 ], [ -111.458582, 41.373552 ], [ -111.458399, 41.373557 ], [ -111.458184, 41.373563 ], [ -111.457973, 41.373568 ], [ -111.457673, 41.373548 ], [ -111.45747, 41.373534 ], [ -111.457183, 41.373504 ], [ -111.456943, 41.373442 ], [ -111.456644, 41.373348 ], [ -111.456425, 41.373256 ], [ -111.45638, 41.373237 ], [ -111.456272, 41.373187 ], [ -111.45608, 41.373098 ], [ -111.455888, 41.373041 ], [ -111.455725, 41.373006 ], [ -111.455599, 41.37298 ], [ -111.455474, 41.372958 ], [ -111.455314, 41.37293 ], [ -111.454817, 41.372896 ], [ -111.454365, 41.372935 ], [ -111.45394, 41.37297 ], [ -111.453347, 41.373019 ], [ -111.452935, 41.373072 ], [ -111.452338, 41.373154 ], [ -111.452016, 41.373181 ], [ -111.45168, 41.37321 ], [ -111.451364, 41.373243 ], [ -111.451148, 41.373248 ], [ -111.45079, 41.373236 ], [ -111.450598, 41.373196 ], [ -111.450107, 41.373095 ], [ -111.449688, 41.37306 ], [ -111.449341, 41.373062 ], [ -111.449246, 41.373054 ], [ -111.449072, 41.37304 ], [ -111.448856, 41.373046 ], [ -111.448614, 41.373053 ], [ -111.448504, 41.373056 ], [ -111.448175, 41.373008 ], [ -111.447947, 41.372923 ], [ -111.447833, 41.372865 ], [ -111.447653, 41.37274 ], [ -111.447434, 41.372514 ], [ -111.447194, 41.372148 ], [ -111.447002, 41.371985 ], [ -111.446738, 41.371869 ], [ -111.446204, 41.371682 ], [ -111.445983, 41.371602 ], [ -111.445839, 41.37149 ], [ -111.445743, 41.371396 ], [ -111.445709, 41.371339 ], [ -111.445682, 41.371273 ], [ -111.4457, 41.371165 ], [ -111.445764, 41.370989 ], [ -111.445952, 41.370547 ], [ -111.446193, 41.369933 ], [ -111.446346, 41.369541 ], [ -111.44654, 41.369013 ], [ -111.446752, 41.368535 ], [ -111.446773, 41.368456 ], [ -111.446863, 41.368143 ], [ -111.446885, 41.367872 ], [ -111.446876, 41.367784 ], [ -111.446866, 41.367692 ], [ -111.446811, 41.367593 ], [ -111.446781, 41.367563 ], [ -111.446702, 41.367478 ], [ -111.446504, 41.367321 ], [ -111.446307, 41.367204 ], [ -111.446007, 41.367026 ], [ -111.445868, 41.366931 ], [ -111.44567, 41.36687 ], [ -111.445394, 41.366808 ], [ -111.445125, 41.366768 ], [ -111.444816, 41.366712 ], [ -111.444347, 41.366627 ], [ -111.443993, 41.366585 ], [ -111.443857, 41.366568 ], [ -111.443572, 41.366554 ], [ -111.443474, 41.366531 ], [ -111.443408, 41.366507 ], [ -111.443151, 41.366463 ], [ -111.442941, 41.366397 ], [ -111.442803, 41.366347 ], [ -111.442551, 41.366272 ], [ -111.442372, 41.366246 ], [ -111.44223, 41.366228 ], [ -111.441878, 41.366223 ], [ -111.441492, 41.366217 ], [ -111.440462, 41.3662 ], [ -111.440263, 41.366197 ], [ -111.4401, 41.366188 ], [ -111.439969, 41.366181 ], [ -111.439717, 41.366168 ], [ -111.439661, 41.366164 ], [ -111.439364, 41.366185 ], [ -111.439054, 41.366263 ], [ -111.438792, 41.366362 ], [ -111.438476, 41.366496 ], [ -111.438118, 41.36664 ], [ -111.437867, 41.366709 ], [ -111.437811, 41.366715 ], [ -111.437688, 41.366725 ], [ -111.437424, 41.366699 ], [ -111.437215, 41.366632 ], [ -111.43709, 41.366574 ], [ -111.436999, 41.366493 ], [ -111.436938, 41.366399 ], [ -111.43692, 41.3663 ], [ -111.436917, 41.365926 ], [ -111.436849, 41.365552 ], [ -111.43674, 41.365305 ], [ -111.436558, 41.365036 ], [ -111.436286, 41.364732 ], [ -111.43595, 41.364322 ], [ -111.435512, 41.363873 ], [ -111.435372, 41.363713 ], [ -111.435059, 41.363352 ], [ -111.434775, 41.362935 ], [ -111.434489, 41.362598 ], [ -111.43431, 41.362415 ], [ -111.434221, 41.362331 ], [ -111.434059, 41.362242 ], [ -111.433909, 41.362193 ], [ -111.433682, 41.36214 ], [ -111.433251, 41.362069 ], [ -111.432581, 41.362004 ], [ -111.432127, 41.361997 ], [ -111.431913, 41.362035 ], [ -111.431822, 41.362058 ], [ -111.431607, 41.362136 ], [ -111.431112, 41.362277 ], [ -111.430909, 41.362278 ], [ -111.430675, 41.362265 ], [ -111.430377, 41.362276 ], [ -111.430244, 41.362311 ], [ -111.429491, 41.362545 ], [ -111.429082, 41.36269 ], [ -111.428348, 41.362896 ], [ -111.427847, 41.362974 ], [ -111.427697, 41.362997 ], [ -111.427548, 41.363092 ], [ -111.427341, 41.363198 ], [ -111.427278, 41.36323 ], [ -111.42684, 41.363517 ], [ -111.426704, 41.363632 ], [ -111.426495, 41.363826 ], [ -111.426197, 41.363962 ], [ -111.425887, 41.36404 ], [ -111.42557, 41.364081 ], [ -111.425067, 41.364237 ], [ -111.425011, 41.364267 ], [ -111.424711, 41.364413 ], [ -111.424551, 41.364536 ], [ -111.424325, 41.364748 ], [ -111.424135, 41.364942 ], [ -111.423926, 41.365056 ], [ -111.423867, 41.365079 ], [ -111.423807, 41.365083 ], [ -111.423633, 41.365034 ], [ -111.423525, 41.364871 ], [ -111.423554, 41.364745 ], [ -111.423599, 41.364581 ], [ -111.423606, 41.364555 ], [ -111.423699, 41.364037 ], [ -111.423673, 41.363677 ], [ -111.423624, 41.363461 ], [ -111.42346, 41.363141 ], [ -111.423237, 41.362886 ], [ -111.422738, 41.362371 ], [ -111.422443, 41.36215 ], [ -111.42224, 41.362056 ], [ -111.421874, 41.361922 ], [ -111.421503, 41.361797 ], [ -111.421385, 41.36174 ], [ -111.420969, 41.361507 ], [ -111.420848, 41.361417 ], [ -111.420774, 41.361351 ], [ -111.420728, 41.361308 ], [ -111.420602, 41.361189 ], [ -111.420451, 41.360928 ], [ -111.420397, 41.360697 ], [ -111.420381, 41.36053 ], [ -111.420778, 41.359707 ], [ -111.421033, 41.359467 ], [ -111.421543, 41.358995 ], [ -111.421698, 41.358875 ], [ -111.422069, 41.358652 ], [ -111.422643, 41.358285 ], [ -111.423107, 41.357736 ], [ -111.423704, 41.356923 ], [ -111.424014, 41.356343 ], [ -111.424078, 41.356043 ], [ -111.424063, 41.355366 ], [ -111.424016, 41.355044 ], [ -111.423927, 41.354653 ], [ -111.423774, 41.354175 ], [ -111.423735, 41.353771 ], [ -111.423835, 41.353288 ], [ -111.423483, 41.35198 ], [ -111.423385, 41.351549 ], [ -111.423269, 41.351136 ], [ -111.423307, 41.350762 ], [ -111.423362, 41.3505 ], [ -111.423419, 41.350337 ], [ -111.423537, 41.350175 ], [ -111.42374, 41.350003 ], [ -111.423896, 41.349888 ], [ -111.424118, 41.349778 ], [ -111.424526, 41.349635 ], [ -111.424621, 41.349581 ], [ -111.424691, 41.349513 ], [ -111.424736, 41.349384 ], [ -111.42469, 41.349225 ], [ -111.424588, 41.349063 ], [ -111.424363, 41.348865 ], [ -111.424051, 41.348606 ], [ -111.423918, 41.348436 ], [ -111.423848, 41.34835 ], [ -111.423794, 41.348264 ], [ -111.423671, 41.348292 ], [ -111.423779, 41.347905 ], [ -111.423849, 41.347631 ], [ -111.423927, 41.347326 ], [ -111.423973, 41.347103 ], [ -111.424085, 41.346751 ], [ -111.424492, 41.346426 ], [ -111.425046, 41.345955 ], [ -111.425456, 41.345567 ], [ -111.425699, 41.345341 ], [ -111.42584, 41.345113 ], [ -111.42596, 41.344877 ], [ -111.426189, 41.344387 ], [ -111.426234, 41.343863 ], [ -111.426156, 41.343469 ], [ -111.426185, 41.343301 ], [ -111.426269, 41.343181 ], [ -111.426529, 41.342911 ], [ -111.426684, 41.342775 ], [ -111.426827, 41.342685 ], [ -111.426982, 41.342612 ], [ -111.427125, 41.342566 ], [ -111.42728, 41.34253 ], [ -111.427507, 41.342466 ], [ -111.427698, 41.342393 ], [ -111.428103, 41.342202 ], [ -111.428544, 41.341958 ], [ -111.428955, 41.34169 ], [ -111.429032, 41.34165 ], [ -111.429146, 41.341582 ], [ -111.429228, 41.341542 ], [ -111.429329, 41.341495 ], [ -111.42952, 41.341441 ], [ -111.42964, 41.341413 ], [ -111.429903, 41.34143 ], [ -111.430069, 41.341456 ], [ -111.430096, 41.341461 ], [ -111.430118, 41.341475 ], [ -111.430198, 41.341473 ], [ -111.430474, 41.341652 ], [ -111.430698, 41.34182 ], [ -111.430928, 41.341956 ], [ -111.43141, 41.342151 ], [ -111.432, 41.342256 ], [ -111.432451, 41.342278 ], [ -111.432767, 41.342279 ], [ -111.433456, 41.342291 ], [ -111.433932, 41.3423 ], [ -111.434358, 41.34226 ], [ -111.434682, 41.342089 ], [ -111.43509, 41.341792 ], [ -111.435195, 41.341624 ], [ -111.435662, 41.341015 ], [ -111.435691, 41.340762 ], [ -111.435769, 41.340501 ], [ -111.435795, 41.340189 ], [ -111.435848, 41.340009 ], [ -111.43588, 41.33993 ], [ -111.436126, 41.339602 ], [ -111.436351, 41.339313 ], [ -111.436484, 41.339036 ], [ -111.436578, 41.338887 ], [ -111.436961, 41.338704 ], [ -111.437117, 41.338672 ], [ -111.437356, 41.338602 ], [ -111.43781, 41.338465 ], [ -111.438018, 41.33837 ], [ -111.438081, 41.338319 ], [ -111.438152, 41.338105 ], [ -111.437976, 41.337935 ], [ -111.437488, 41.337659 ], [ -111.437132, 41.337361 ], [ -111.436907, 41.337107 ], [ -111.436583, 41.336576 ], [ -111.436352, 41.336121 ], [ -111.436358, 41.335854 ], [ -111.436535, 41.335498 ], [ -111.436749, 41.33529 ], [ -111.437368, 41.334909 ], [ -111.437628, 41.334588 ], [ -111.437799, 41.334291 ], [ -111.437774, 41.334062 ], [ -111.437624, 41.333386 ], [ -111.437598, 41.333168 ], [ -111.437526, 41.332747 ], [ -111.437289, 41.332282 ], [ -111.43704, 41.33194 ], [ -111.436865, 41.331804 ], [ -111.436737, 41.331588 ], [ -111.43659, 41.331251 ], [ -111.436637, 41.330961 ], [ -111.436761, 41.330756 ], [ -111.436905, 41.330365 ], [ -111.436984, 41.330135 ], [ -111.437076, 41.329735 ], [ -111.437106, 41.329415 ], [ -111.437119, 41.329228 ], [ -111.437079, 41.329058 ], [ -111.436996, 41.328787 ], [ -111.436884, 41.328433 ], [ -111.436794, 41.328106 ], [ -111.436776, 41.327887 ], [ -111.436786, 41.327637 ], [ -111.436799, 41.327543 ], [ -111.436885, 41.327146 ], [ -111.437062, 41.326727 ], [ -111.437129, 41.326529 ], [ -111.43719, 41.326293 ], [ -111.437244, 41.326135 ], [ -111.437286, 41.326018 ], [ -111.437317, 41.325781 ], [ -111.437395, 41.325172 ], [ -111.43749, 41.324667 ], [ -111.43748, 41.324491 ], [ -111.437408, 41.324178 ], [ -111.437369, 41.323785 ], [ -111.437404, 41.323613 ], [ -111.437499, 41.323421 ], [ -111.437684, 41.323258 ], [ -111.437951, 41.323091 ], [ -111.438219, 41.322941 ], [ -111.438267, 41.322915 ], [ -111.43824, 41.322917 ], [ -111.438416, 41.322821 ], [ -111.438784, 41.322685 ], [ -111.439, 41.322644 ], [ -111.439197, 41.322643 ], [ -111.439425, 41.322682 ], [ -111.439458, 41.322694 ], [ -111.439517, 41.322714 ], [ -111.439564, 41.32273 ], [ -111.439752, 41.322794 ], [ -111.439777, 41.322803 ], [ -111.440006, 41.322868 ], [ -111.44025, 41.322888 ], [ -111.440501, 41.322847 ], [ -111.440662, 41.322779 ], [ -111.440701, 41.322725 ], [ -111.440763, 41.322641 ], [ -111.440804, 41.322611 ], [ -111.440876, 41.322591 ], [ -111.441009, 41.322574 ], [ -111.441214, 41.322567 ], [ -111.441615, 41.322568 ], [ -111.441794, 41.322562 ], [ -111.441948, 41.322531 ], [ -111.442084, 41.32249 ], [ -111.442253, 41.322428 ], [ -111.442501, 41.32234 ], [ -111.44253, 41.322333 ], [ -111.443124, 41.32218 ], [ -111.443393, 41.322059 ], [ -111.443493, 41.321834 ], [ -111.443433, 41.321569 ], [ -111.443409, 41.32144 ], [ -111.443394, 41.321252 ], [ -111.443509, 41.32076 ], [ -111.443578, 41.320499 ], [ -111.443736, 41.320195 ], [ -111.443846, 41.320057 ], [ -111.444194, 41.319828 ], [ -111.444487, 41.319592 ], [ -111.444656, 41.319395 ], [ -111.44468, 41.31925 ], [ -111.444647, 41.319035 ], [ -111.444572, 41.318757 ], [ -111.444586, 41.318545 ], [ -111.444714, 41.318233 ], [ -111.445254, 41.317707 ], [ -111.445982, 41.317097 ], [ -111.446894, 41.316506 ], [ -111.447248, 41.316419 ], [ -111.447492, 41.316422 ], [ -111.448488, 41.316322 ], [ -111.448892, 41.316259 ], [ -111.449121, 41.316162 ], [ -111.44919, 41.316138 ], [ -111.449305, 41.315993 ], [ -111.449353, 41.315919 ], [ -111.44941, 41.315707 ], [ -111.449424, 41.315525 ], [ -111.449406, 41.315183 ], [ -111.449367, 41.314983 ], [ -111.449328, 41.314895 ], [ -111.449201, 41.314773 ], [ -111.449192, 41.314765 ], [ -111.449092, 41.314712 ], [ -111.448935, 41.314628 ], [ -111.448552, 41.314376 ], [ -111.448315, 41.314196 ], [ -111.448039, 41.313885 ], [ -111.447894, 41.313611 ], [ -111.447837, 41.313332 ], [ -111.447877, 41.312016 ], [ -111.448023, 41.311583 ], [ -111.448105, 41.311469 ], [ -111.44824, 41.311283 ], [ -111.448443, 41.310942 ], [ -111.448486, 41.310747 ], [ -111.448423, 41.310573 ], [ -111.448235, 41.310458 ], [ -111.448101, 41.310427 ], [ -111.447832, 41.310365 ], [ -111.447522, 41.310293 ], [ -111.447324, 41.310243 ], [ -111.446971, 41.310019 ], [ -111.446488, 41.309528 ], [ -111.44595, 41.30903 ], [ -111.44557, 41.308621 ], [ -111.445267, 41.308219 ], [ -111.445179, 41.308124 ], [ -111.444474, 41.307026 ], [ -111.444112, 41.306289 ], [ -111.444053, 41.306013 ], [ -111.444019, 41.30578 ], [ -111.444055, 41.305154 ], [ -111.444149, 41.304924 ], [ -111.444262, 41.304752 ], [ -111.444435, 41.304366 ], [ -111.444432, 41.304036 ], [ -111.444242, 41.302906 ], [ -111.44417, 41.302777 ], [ -111.44402, 41.302625 ], [ -111.443485, 41.302181 ], [ -111.443339, 41.302011 ], [ -111.443021, 41.301415 ], [ -111.442704, 41.300703 ], [ -111.442687, 41.300664 ], [ -111.442599, 41.300579 ], [ -111.442499, 41.300537 ], [ -111.442082, 41.300441 ], [ -111.441914, 41.300365 ], [ -111.441842, 41.300217 ], [ -111.441847, 41.300059 ], [ -111.441962, 41.299811 ], [ -111.442493, 41.298427 ], [ -111.442551, 41.298244 ], [ -111.442535, 41.298088 ], [ -111.442438, 41.297865 ], [ -111.442346, 41.297764 ], [ -111.44214, 41.297545 ], [ -111.441611, 41.297128 ], [ -111.441388, 41.29698 ], [ -111.441005, 41.29668 ], [ -111.440148, 41.29604 ], [ -111.439721, 41.295703 ], [ -111.43918, 41.29512 ], [ -111.439077, 41.294917 ], [ -111.43907, 41.294755 ], [ -111.439146, 41.294597 ], [ -111.43955, 41.294276 ], [ -111.440097, 41.294013 ], [ -111.441202, 41.293451 ], [ -111.441672, 41.293176 ], [ -111.441968, 41.29297 ], [ -111.442819, 41.29236 ], [ -111.44284, 41.292326 ], [ -111.442845, 41.292183 ], [ -111.442766, 41.292051 ], [ -111.442348, 41.291889 ], [ -111.442143, 41.291847 ], [ -111.441837, 41.291749 ], [ -111.441659, 41.291655 ], [ -111.441425, 41.291513 ], [ -111.440955, 41.291118 ], [ -111.440055, 41.290246 ], [ -111.439885, 41.289848 ], [ -111.440006, 41.289679 ], [ -111.440107, 41.289585 ], [ -111.440306, 41.289477 ], [ -111.440616, 41.289359 ], [ -111.441033, 41.28916 ], [ -111.441459, 41.288949 ], [ -111.441883, 41.288711 ], [ -111.442184, 41.288516 ], [ -111.442384, 41.288435 ], [ -111.442789, 41.28827 ], [ -111.443324, 41.288095 ], [ -111.444182, 41.287678 ], [ -111.444485, 41.287475 ], [ -111.444532, 41.287389 ], [ -111.444555, 41.287231 ], [ -111.44453, 41.287132 ], [ -111.444511, 41.286992 ], [ -111.444559, 41.286832 ], [ -111.445073, 41.286107 ], [ -111.445823, 41.285479 ], [ -111.44601, 41.285271 ], [ -111.446122, 41.285036 ], [ -111.446164, 41.284837 ], [ -111.446259, 41.284108 ], [ -111.446332, 41.283472 ], [ -111.446381, 41.282694 ], [ -111.446351, 41.282238 ], [ -111.446463, 41.281587 ], [ -111.446466, 41.281567 ], [ -111.446457, 41.281392 ], [ -111.44641, 41.281242 ], [ -111.446332, 41.281096 ], [ -111.446155, 41.280834 ], [ -111.445852, 41.280516 ], [ -111.445726, 41.280425 ], [ -111.445532, 41.280052 ], [ -111.445283, 41.279034 ], [ -111.445136, 41.278394 ], [ -111.445121, 41.278057 ], [ -111.445219, 41.277907 ], [ -111.445359, 41.277726 ], [ -111.445487, 41.277666 ], [ -111.446161, 41.277582 ], [ -111.446641, 41.277393 ], [ -111.447009, 41.277229 ], [ -111.447785, 41.276619 ], [ -111.44819, 41.276254 ], [ -111.44855, 41.275987 ], [ -111.448842, 41.275878 ], [ -111.449158, 41.275818 ], [ -111.449409, 41.275815 ], [ -111.449921, 41.275918 ], [ -111.45014, 41.275911 ], [ -111.450338, 41.275803 ], [ -111.450568, 41.275524 ], [ -111.451167, 41.275178 ], [ -111.452195, 41.27477 ], [ -111.452541, 41.274617 ], [ -111.452649, 41.274599 ], [ -111.452796, 41.27462 ], [ -111.45343, 41.274836 ], [ -111.453885, 41.274911 ], [ -111.454062, 41.274915 ], [ -111.455033, 41.274708 ], [ -111.455216, 41.274613 ], [ -111.455918, 41.274209 ], [ -111.456321, 41.273988 ], [ -111.456927, 41.273796 ], [ -111.457167, 41.273737 ], [ -111.457703, 41.273678 ], [ -111.457829, 41.273645 ], [ -111.457943, 41.273563 ], [ -111.458007, 41.273468 ], [ -111.458074, 41.273286 ], [ -111.4581, 41.273094 ], [ -111.458125, 41.272775 ], [ -111.458095, 41.272292 ], [ -111.458026, 41.272086 ], [ -111.45798, 41.271925 ], [ -111.45793, 41.271602 ], [ -111.457942, 41.271366 ], [ -111.457956, 41.271331 ], [ -111.457906, 41.271029 ], [ -111.457844, 41.270888 ], [ -111.45773, 41.270634 ], [ -111.457577, 41.270378 ], [ -111.4573, 41.269928 ], [ -111.457239, 41.269648 ], [ -111.4573, 41.269411 ], [ -111.457589, 41.268892 ], [ -111.457815, 41.268465 ], [ -111.457958, 41.268176 ], [ -111.458144, 41.267874 ], [ -111.458213, 41.267817 ], [ -111.45836, 41.267717 ], [ -111.458521, 41.267671 ], [ -111.45879, 41.267675 ], [ -111.458934, 41.267673 ], [ -111.459073, 41.26767 ], [ -111.459408, 41.267579 ], [ -111.460382, 41.267302 ], [ -111.461254, 41.267024 ], [ -111.461876, 41.266786 ], [ -111.462174, 41.266637 ], [ -111.462304, 41.266533 ], [ -111.462416, 41.266353 ], [ -111.462464, 41.26617 ], [ -111.462493, 41.265783 ], [ -111.462512, 41.265539 ], [ -111.462594, 41.26531 ], [ -111.462731, 41.265096 ], [ -111.462747, 41.265068 ], [ -111.463411, 41.264531 ], [ -111.464233, 41.263802 ], [ -111.464581, 41.263502 ], [ -111.465013, 41.263188 ], [ -111.46546, 41.263001 ], [ -111.466118, 41.262698 ], [ -111.46646, 41.262479 ], [ -111.466637, 41.262238 ], [ -111.466724, 41.262043 ], [ -111.466772, 41.261883 ], [ -111.466751, 41.261631 ], [ -111.466666, 41.261411 ], [ -111.466595, 41.261243 ], [ -111.466491, 41.261022 ], [ -111.466385, 41.260881 ], [ -111.466246, 41.260781 ], [ -111.465938, 41.260636 ], [ -111.465777, 41.260554 ], [ -111.465654, 41.260493 ], [ -111.465383, 41.260331 ], [ -111.465017, 41.259914 ], [ -111.464516, 41.259458 ], [ -111.464284, 41.2591 ], [ -111.464177, 41.258788 ], [ -111.464169, 41.258446 ], [ -111.464204, 41.258333 ], [ -111.464268, 41.258243 ], [ -111.464435, 41.258111 ], [ -111.464998, 41.258037 ], [ -111.465138, 41.258019 ], [ -111.465389, 41.257998 ], [ -111.465585, 41.257938 ], [ -111.465685, 41.25789 ], [ -111.465906, 41.257809 ], [ -111.466115, 41.25765 ], [ -111.466767, 41.257341 ], [ -111.467169, 41.257285 ], [ -111.467947, 41.257383 ], [ -111.46816, 41.257384 ], [ -111.468342, 41.257337 ], [ -111.468896, 41.25709 ], [ -111.469453, 41.256715 ], [ -111.469937, 41.256446 ], [ -111.470557, 41.256195 ], [ -111.470974, 41.25597 ], [ -111.471085, 41.255853 ], [ -111.471122, 41.255749 ], [ -111.471137, 41.255331 ], [ -111.471045, 41.255166 ], [ -111.47078, 41.253772 ], [ -111.470743, 41.253511 ], [ -111.470684, 41.253102 ], [ -111.470723, 41.25265 ], [ -111.470769, 41.252493 ], [ -111.470861, 41.25226 ], [ -111.471009, 41.251987 ], [ -111.471316, 41.251686 ], [ -111.471553, 41.251533 ], [ -111.471686, 41.251461 ], [ -111.472446, 41.251419 ], [ -111.473041, 41.251343 ], [ -111.47331, 41.251268 ], [ -111.473656, 41.251047 ], [ -111.473931, 41.250828 ], [ -111.474122, 41.25075 ], [ -111.474151, 41.250747 ], [ -111.474438, 41.250717 ], [ -111.47508, 41.250666 ], [ -111.475339, 41.250645 ], [ -111.475359, 41.250643 ], [ -111.47601, 41.250682 ], [ -111.476419, 41.250759 ], [ -111.476696, 41.250798 ], [ -111.476871, 41.250818 ], [ -111.477211, 41.250906 ], [ -111.477287, 41.250913 ], [ -111.477423, 41.250917 ], [ -111.477659, 41.250909 ], [ -111.477934, 41.250801 ], [ -111.478079, 41.250664 ], [ -111.478181, 41.250488 ], [ -111.478196, 41.250393 ], [ -111.478208, 41.250325 ], [ -111.478181, 41.25023 ], [ -111.478056, 41.250045 ], [ -111.477986, 41.249941 ], [ -111.478145, 41.249628 ], [ -111.478143, 41.249438 ], [ -111.478173, 41.249307 ], [ -111.478181, 41.249164 ], [ -111.478122, 41.249067 ], [ -111.478047, 41.248827 ], [ -111.478064, 41.248701 ], [ -111.478093, 41.248552 ], [ -111.478152, 41.248474 ], [ -111.478153, 41.248313 ], [ -111.478189, 41.248157 ], [ -111.478225, 41.247937 ], [ -111.477779, 41.247228 ], [ -111.47754, 41.246981 ], [ -111.4773, 41.246663 ], [ -111.477188, 41.246381 ], [ -111.477152, 41.245981 ], [ -111.477166, 41.245854 ], [ -111.477176, 41.245525 ], [ -111.477209, 41.245421 ], [ -111.477319, 41.245285 ], [ -111.477557, 41.245204 ], [ -111.478093, 41.245269 ], [ -111.478598, 41.24533 ], [ -111.479063, 41.245339 ], [ -111.479184, 41.245342 ], [ -111.479466, 41.245349 ], [ -111.479716, 41.245344 ], [ -111.479817, 41.245343 ], [ -111.480212, 41.245328 ], [ -111.480377, 41.245337 ], [ -111.480782, 41.24536 ], [ -111.480796, 41.245359 ], [ -111.480957, 41.245355 ], [ -111.481207, 41.24535 ], [ -111.481745, 41.245418 ], [ -111.482087, 41.245487 ], [ -111.482314, 41.245486 ], [ -111.482488, 41.2454 ], [ -111.482714, 41.245282 ], [ -111.483003, 41.245211 ], [ -111.483059, 41.245167 ], [ -111.483228, 41.245038 ], [ -111.483391, 41.244858 ], [ -111.483538, 41.244717 ], [ -111.48358, 41.244661 ], [ -111.48386, 41.244307 ], [ -111.48404, 41.244108 ], [ -111.484141, 41.243987 ], [ -111.484235, 41.243913 ], [ -111.484326, 41.243842 ], [ -111.484343, 41.243828 ], [ -111.484826, 41.243578 ], [ -111.484943, 41.243555 ], [ -111.485223, 41.243501 ], [ -111.485533, 41.243508 ], [ -111.485838, 41.243561 ], [ -111.486152, 41.243637 ], [ -111.486173, 41.243642 ], [ -111.486508, 41.243722 ], [ -111.486555, 41.243734 ], [ -111.486932, 41.2438 ], [ -111.486981, 41.243798 ], [ -111.487133, 41.243815 ], [ -111.487254, 41.243767 ], [ -111.487365, 41.243686 ], [ -111.487395, 41.243657 ], [ -111.487473, 41.243586 ], [ -111.487485, 41.243572 ], [ -111.487532, 41.243514 ], [ -111.487598, 41.243445 ], [ -111.487869, 41.243241 ], [ -111.487954, 41.243178 ], [ -111.488411, 41.242911 ], [ -111.488602, 41.242839 ], [ -111.488781, 41.242772 ], [ -111.488859, 41.242746 ], [ -111.489092, 41.242684 ], [ -111.489228, 41.242648 ], [ -111.489322, 41.242623 ], [ -111.489529, 41.242562 ], [ -111.489821, 41.242477 ], [ -111.489973, 41.242433 ], [ -111.490025, 41.242417 ], [ -111.490183, 41.24236 ], [ -111.49049, 41.24225 ], [ -111.490672, 41.242185 ], [ -111.490996, 41.242065 ], [ -111.491411, 41.241911 ], [ -111.492119, 41.241647 ], [ -111.493195, 41.241324 ], [ -111.493351, 41.241277 ], [ -111.493578, 41.241249 ], [ -111.493636, 41.241247 ], [ -111.493924, 41.241234 ], [ -111.494284, 41.241267 ], [ -111.494458, 41.241255 ], [ -111.494556, 41.241137 ], [ -111.494614, 41.240988 ], [ -111.494607, 41.240889 ], [ -111.494594, 41.240784 ], [ -111.494591, 41.240747 ], [ -111.494576, 41.240592 ], [ -111.494418, 41.240237 ], [ -111.494293, 41.240067 ], [ -111.494243, 41.239999 ], [ -111.494042, 41.239832 ], [ -111.493338, 41.239525 ], [ -111.492848, 41.239308 ], [ -111.492615, 41.239177 ], [ -111.492597, 41.239166 ], [ -111.492552, 41.239139 ], [ -111.492493, 41.239104 ], [ -111.492464, 41.239087 ], [ -111.492396, 41.239046 ], [ -111.492292, 41.238983 ], [ -111.492229, 41.238944 ], [ -111.492215, 41.238934 ], [ -111.492182, 41.23891 ], [ -111.491898, 41.2387 ], [ -111.49178, 41.238613 ], [ -111.491772, 41.238606 ], [ -111.49163, 41.23848 ], [ -111.491498, 41.238362 ], [ -111.491269, 41.238061 ], [ -111.49122, 41.237944 ], [ -111.491227, 41.23777 ], [ -111.491242, 41.237611 ], [ -111.491329, 41.237291 ], [ -111.491422, 41.237091 ], [ -111.491497, 41.236929 ], [ -111.491528, 41.236862 ], [ -111.491673, 41.236662 ], [ -111.491684, 41.236647 ], [ -111.491729, 41.236584 ], [ -111.491743, 41.236565 ], [ -111.491767, 41.236532 ], [ -111.491813, 41.236468 ], [ -111.492355, 41.235702 ], [ -111.492832, 41.235186 ], [ -111.493304, 41.234574 ], [ -111.493493, 41.234375 ], [ -111.494183, 41.233839 ], [ -111.494499, 41.233473 ], [ -111.49474, 41.233011 ], [ -111.494847, 41.232719 ], [ -111.495022, 41.232496 ], [ -111.495286, 41.23227 ], [ -111.495873, 41.23189 ], [ -111.495926, 41.231856 ], [ -111.496092, 41.231734 ], [ -111.496143, 41.231656 ], [ -111.49658, 41.231126 ], [ -111.496708, 41.230887 ], [ -111.496815, 41.23061 ], [ -111.496864, 41.230274 ], [ -111.49692, 41.229913 ], [ -111.496964, 41.229657 ], [ -111.496994, 41.22937 ], [ -111.497052, 41.229111 ], [ -111.49705, 41.22883 ], [ -111.497034, 41.228435 ], [ -111.496947, 41.228096 ], [ -111.496669, 41.227293 ], [ -111.496651, 41.227139 ], [ -111.496722, 41.227029 ], [ -111.496822, 41.226947 ], [ -111.496978, 41.226903 ], [ -111.497182, 41.226905 ], [ -111.49807, 41.227269 ], [ -111.500422, 41.228069 ], [ -111.500845, 41.228163 ], [ -111.502581, 41.228607 ], [ -111.503889, 41.228873 ], [ -111.504146, 41.228983 ], [ -111.504557, 41.229299 ], [ -111.505763, 41.23067 ], [ -111.506059, 41.230927 ], [ -111.506279, 41.231006 ], [ -111.50671, 41.23105 ], [ -111.506939, 41.231043 ], [ -111.507373, 41.231018 ], [ -111.507707, 41.23098 ], [ -111.507746, 41.230976 ], [ -111.508081, 41.230943 ], [ -111.509107, 41.230869 ], [ -111.510289, 41.23093 ], [ -111.51055, 41.230838 ], [ -111.510818, 41.230657 ], [ -111.510956, 41.230507 ], [ -111.511554, 41.229614 ], [ -111.511718, 41.229285 ], [ -111.51198, 41.228971 ], [ -111.512523, 41.228742 ], [ -111.513301, 41.228747 ], [ -111.513765, 41.228868 ], [ -111.514425, 41.229144 ], [ -111.514587, 41.229212 ], [ -111.514693, 41.229256 ], [ -111.515582, 41.229587 ], [ -111.51667, 41.22982 ], [ -111.517098, 41.229853 ], [ -111.517176, 41.22986 ], [ -111.517529, 41.229889 ], [ -111.518805, 41.229784 ], [ -111.519832, 41.229835 ], [ -111.520463, 41.229882 ], [ -111.520578, 41.229889 ], [ -111.520855, 41.229921 ], [ -111.521074, 41.229943 ], [ -111.521509, 41.229983 ], [ -111.521736, 41.230054 ], [ -111.522365, 41.230248 ], [ -111.522665, 41.230248 ], [ -111.522921, 41.23017 ], [ -111.523413, 41.229974 ], [ -111.524002, 41.229648 ], [ -111.524332, 41.229369 ], [ -111.524474, 41.229247 ], [ -111.524486, 41.229236 ], [ -111.524614, 41.229151 ], [ -111.524668, 41.229116 ], [ -111.524715, 41.229084 ], [ -111.524884, 41.228973 ], [ -111.525265, 41.228813 ], [ -111.525599, 41.228763 ], [ -111.526123, 41.228752 ], [ -111.526782, 41.228963 ], [ -111.528041, 41.229355 ], [ -111.528275, 41.229478 ], [ -111.528956, 41.229836 ], [ -111.529223, 41.230083 ], [ -111.529522, 41.230548 ], [ -111.52957, 41.230779 ], [ -111.529597, 41.230921 ], [ -111.529619, 41.231047 ], [ -111.529552, 41.231482 ], [ -111.529529, 41.231633 ], [ -111.529516, 41.231727 ], [ -111.529465, 41.232111 ], [ -111.52947, 41.232162 ], [ -111.52958, 41.232474 ], [ -111.529941, 41.232773 ], [ -111.53148, 41.233649 ], [ -111.531506, 41.233667 ], [ -111.532512, 41.234255 ], [ -111.532935, 41.234502 ], [ -111.533428, 41.234858 ], [ -111.534201, 41.235415 ], [ -111.534975, 41.235928 ], [ -111.535556, 41.236161 ], [ -111.53604, 41.236308 ], [ -111.536764, 41.236462 ], [ -111.539544, 41.236651 ], [ -111.541318, 41.236751 ], [ -111.541872, 41.236761 ], [ -111.542414, 41.23687 ], [ -111.542664, 41.236869 ], [ -111.542791, 41.236873 ], [ -111.543049, 41.236889 ], [ -111.543174, 41.236898 ], [ -111.54342, 41.236906 ], [ -111.54354, 41.236915 ], [ -111.54369, 41.236943 ], [ -111.544863, 41.237006 ], [ -111.545352, 41.23703 ], [ -111.546121, 41.237065 ], [ -111.54645, 41.237085 ], [ -111.547014, 41.237137 ], [ -111.547533, 41.237188 ], [ -111.547963, 41.237227 ], [ -111.548231, 41.237266 ], [ -111.548279, 41.237264 ], [ -111.54866, 41.237263 ], [ -111.548816, 41.237276 ], [ -111.54891, 41.237299 ], [ -111.549023, 41.23736 ], [ -111.549229, 41.23745 ], [ -111.551775, 41.237596 ], [ -111.55191, 41.237617 ], [ -111.552102, 41.237646 ], [ -111.552867, 41.237786 ], [ -111.553398, 41.237811 ], [ -111.55361, 41.23781 ], [ -111.554138, 41.237807 ], [ -111.554569, 41.237871 ], [ -111.554835, 41.23792 ], [ -111.555049, 41.237983 ], [ -111.555428, 41.238096 ], [ -111.556399, 41.238317 ], [ -111.556619, 41.238367 ], [ -111.557768, 41.238817 ], [ -111.558151, 41.239004 ], [ -111.558632, 41.239389 ], [ -111.558781, 41.239521 ], [ -111.55882, 41.239556 ], [ -111.558835, 41.239569 ], [ -111.558886, 41.239614 ], [ -111.559065, 41.239773 ], [ -111.5591, 41.239802 ], [ -111.55961, 41.240069 ], [ -111.559974, 41.240169 ], [ -111.560125, 41.24021 ], [ -111.560362, 41.240237 ], [ -111.560671, 41.240272 ], [ -111.56087, 41.240279 ], [ -111.561231, 41.240277 ], [ -111.561472, 41.240276 ], [ -111.561611, 41.240275 ], [ -111.561802, 41.240256 ], [ -111.56198, 41.240237 ], [ -111.562678, 41.240166 ], [ -111.563509, 41.239947 ], [ -111.563893, 41.239845 ], [ -111.564338, 41.239772 ], [ -111.564714, 41.239711 ], [ -111.56537, 41.239604 ], [ -111.565382, 41.239603 ], [ -111.565988, 41.239549 ], [ -111.5665, 41.239503 ], [ -111.566551, 41.239499 ], [ -111.567462, 41.239319 ], [ -111.567841, 41.239242 ], [ -111.568209, 41.239168 ], [ -111.569112, 41.238985 ], [ -111.569196, 41.238968 ], [ -111.56953, 41.238924 ], [ -111.570577, 41.238785 ], [ -111.570738, 41.238778 ], [ -111.571628, 41.238735 ], [ -111.573306, 41.238884 ], [ -111.573508, 41.238921 ], [ -111.574569, 41.239112 ], [ -111.576043, 41.23939 ], [ -111.576804, 41.239269 ], [ -111.577531, 41.239106 ], [ -111.579131, 41.238672 ], [ -111.579157, 41.238668 ], [ -111.579257, 41.238652 ], [ -111.579366, 41.238635 ], [ -111.579486, 41.238616 ], [ -111.579849, 41.238559 ], [ -111.579876, 41.238555 ], [ -111.580265, 41.238562 ], [ -111.581647, 41.23851 ], [ -111.583236, 41.238344 ], [ -111.584036, 41.238342 ], [ -111.584483, 41.238464 ], [ -111.585481, 41.238843 ], [ -111.586377, 41.239411 ], [ -111.587445, 41.240114 ], [ -111.587484, 41.240143 ], [ -111.587544, 41.240189 ], [ -111.587687, 41.240298 ], [ -111.5881, 41.240617 ], [ -111.588173, 41.240674 ], [ -111.588314, 41.240735 ], [ -111.588424, 41.240783 ], [ -111.58849, 41.240812 ], [ -111.588535, 41.240831 ], [ -111.588607, 41.240863 ], [ -111.58882, 41.240955 ], [ -111.588958, 41.240983 ], [ -111.589004, 41.240993 ], [ -111.589041, 41.241001 ], [ -111.589849, 41.241024 ], [ -111.590236, 41.240932 ], [ -111.590345, 41.24092 ], [ -111.590759, 41.240844 ], [ -111.590976, 41.240805 ], [ -111.591259, 41.240753 ], [ -111.591428, 41.240693 ], [ -111.591747, 41.240579 ], [ -111.591835, 41.240558 ], [ -111.592328, 41.240267 ], [ -111.593521, 41.239572 ], [ -111.594478, 41.239184 ], [ -111.595313, 41.238979 ], [ -111.595872, 41.23888 ], [ -111.596389, 41.238737 ], [ -111.596538, 41.238669 ], [ -111.596716, 41.238553 ], [ -111.599387, 41.236748 ], [ -111.59962, 41.236615 ], [ -111.600285, 41.236198 ], [ -111.600383, 41.236136 ], [ -111.600564, 41.236023 ], [ -111.600918, 41.235801 ], [ -111.601212, 41.235616 ], [ -111.60137, 41.235504 ], [ -111.601534, 41.235388 ], [ -111.60166, 41.235293 ], [ -111.602814, 41.234394 ], [ -111.602877, 41.234345 ], [ -111.603449, 41.233867 ], [ -111.60357, 41.233767 ], [ -111.603679, 41.233693 ], [ -111.605353, 41.231738 ], [ -111.606773, 41.230516 ], [ -111.60691, 41.230428 ], [ -111.607287, 41.230186 ], [ -111.60736, 41.230139 ], [ -111.607622, 41.229971 ], [ -111.607676, 41.22995 ], [ -111.608012, 41.229823 ], [ -111.608045, 41.22981 ], [ -111.608078, 41.229797 ], [ -111.608242, 41.229751 ], [ -111.608288, 41.229738 ], [ -111.608335, 41.229721 ], [ -111.608429, 41.229687 ], [ -111.608455, 41.229678 ], [ -111.608525, 41.229653 ], [ -111.608609, 41.229623 ], [ -111.608631, 41.229611 ], [ -111.608775, 41.229534 ], [ -111.608876, 41.22948 ], [ -111.608965, 41.229432 ], [ -111.609026, 41.22937 ], [ -111.609067, 41.229327 ], [ -111.609119, 41.229274 ], [ -111.609158, 41.229225 ], [ -111.609224, 41.229142 ], [ -111.609237, 41.229126 ], [ -111.60932, 41.229025 ], [ -111.609455, 41.22864 ], [ -111.609492, 41.228411 ], [ -111.6095, 41.228365 ], [ -111.609526, 41.2282 ], [ -111.609525, 41.228096 ], [ -111.609515, 41.22807 ], [ -111.609506, 41.228047 ], [ -111.609473, 41.227966 ], [ -111.609445, 41.227897 ], [ -111.609391, 41.227817 ], [ -111.609378, 41.227798 ], [ -111.609349, 41.227755 ], [ -111.609267, 41.22767 ], [ -111.609228, 41.22763 ], [ -111.609144, 41.227544 ], [ -111.609105, 41.227505 ], [ -111.608938, 41.227355 ], [ -111.608856, 41.22728 ], [ -111.608825, 41.227253 ], [ -111.608556, 41.227041 ], [ -111.608521, 41.227014 ], [ -111.608193, 41.226755 ], [ -111.60813, 41.226706 ], [ -111.608002, 41.226605 ], [ -111.607919, 41.226527 ], [ -111.607783, 41.2264 ], [ -111.607061, 41.225704 ], [ -111.60674, 41.225287 ], [ -111.606709, 41.225204 ], [ -111.60659, 41.224833 ], [ -111.606639, 41.224051 ], [ -111.606863, 41.223118 ], [ -111.60752, 41.221215 ], [ -111.607927, 41.219993 ], [ -111.608167, 41.219249 ], [ -111.60871, 41.217504 ], [ -111.608815, 41.216834 ], [ -111.608824, 41.216777 ], [ -111.608919, 41.216521 ], [ -111.608942, 41.216463 ], [ -111.60896, 41.216415 ], [ -111.609045, 41.21619 ], [ -111.609076, 41.216137 ], [ -111.609204, 41.215915 ], [ -111.609326, 41.215705 ], [ -111.60938, 41.215612 ], [ -111.609514, 41.215433 ], [ -111.610032, 41.214685 ], [ -111.610183, 41.214026 ], [ -111.610433, 41.212851 ], [ -111.610657, 41.211957 ], [ -111.611255, 41.210647 ], [ -111.611712, 41.209866 ], [ -111.611983, 41.209559 ], [ -111.612031, 41.209505 ], [ -111.612558, 41.209146 ], [ -111.612747, 41.209062 ], [ -111.612843, 41.209019 ], [ -111.613051, 41.208927 ], [ -111.613603, 41.208636 ], [ -111.613898, 41.208495 ], [ -111.614244, 41.208331 ], [ -111.614321, 41.20829 ], [ -111.614424, 41.208235 ], [ -111.614722, 41.208076 ], [ -111.61485, 41.208008 ], [ -111.615003, 41.207967 ], [ -111.615647, 41.207792 ], [ -111.615725, 41.207779 ], [ -111.61631, 41.207688 ], [ -111.616427, 41.20767 ], [ -111.616499, 41.207659 ], [ -111.617032, 41.207574 ], [ -111.617491, 41.207502 ], [ -111.617862, 41.207443 ], [ -111.617929, 41.207433 ], [ -111.618219, 41.207372 ], [ -111.618406, 41.207335 ], [ -111.619545, 41.20691 ], [ -111.620073, 41.206808 ], [ -111.620545, 41.206725 ], [ -111.620808, 41.206658 ], [ -111.62088, 41.20664 ], [ -111.621067, 41.206592 ], [ -111.621259, 41.206544 ], [ -111.621594, 41.206458 ], [ -111.621649, 41.206444 ], [ -111.621759, 41.206417 ], [ -111.622002, 41.206297 ], [ -111.622287, 41.206157 ], [ -111.622483, 41.206007 ], [ -111.622657, 41.205874 ], [ -111.622761, 41.205794 ], [ -111.622812, 41.205728 ], [ -111.622834, 41.2057 ], [ -111.623045, 41.20543 ], [ -111.623096, 41.205364 ], [ -111.623107, 41.205346 ], [ -111.623195, 41.205191 ], [ -111.623302, 41.205003 ], [ -111.623331, 41.204936 ], [ -111.623445, 41.204675 ], [ -111.623567, 41.204405 ], [ -111.623708, 41.204047 ], [ -111.623719, 41.204013 ], [ -111.623739, 41.20395 ], [ -111.623762, 41.203873 ], [ -111.623819, 41.203729 ], [ -111.623838, 41.203681 ], [ -111.62391, 41.203497 ], [ -111.623961, 41.20337 ], [ -111.624007, 41.203252 ], [ -111.624162, 41.202779 ], [ -111.62421, 41.202634 ], [ -111.624226, 41.202453 ], [ -111.624245, 41.202247 ], [ -111.624258, 41.202102 ], [ -111.624189, 41.201838 ], [ -111.624159, 41.201729 ], [ -111.624043, 41.201427 ], [ -111.624016, 41.201205 ], [ -111.624008, 41.201135 ], [ -111.623999, 41.201058 ], [ -111.62421, 41.200562 ], [ -111.624438, 41.200314 ], [ -111.624558, 41.200234 ], [ -111.624628, 41.200183 ], [ -111.624959, 41.199977 ], [ -111.625013, 41.199956 ], [ -111.625283, 41.199855 ], [ -111.625426, 41.199801 ], [ -111.625467, 41.199785 ], [ -111.625542, 41.199757 ], [ -111.626081, 41.199665 ], [ -111.626244, 41.199636 ], [ -111.62675, 41.199551 ], [ -111.629177, 41.199049 ], [ -111.629984, 41.198927 ], [ -111.630012, 41.198923 ], [ -111.630387, 41.198866 ], [ -111.63056, 41.198837 ], [ -111.630969, 41.198767 ], [ -111.631484, 41.198679 ], [ -111.631697, 41.198643 ], [ -111.632209, 41.198595 ], [ -111.632496, 41.198568 ], [ -111.633133, 41.198509 ], [ -111.633274, 41.198514 ], [ -111.633437, 41.198521 ], [ -111.63419, 41.19855 ], [ -111.634299, 41.198554 ], [ -111.63466, 41.198568 ], [ -111.634701, 41.198573 ], [ -111.63475, 41.198579 ], [ -111.635601, 41.198685 ], [ -111.636147, 41.198711 ], [ -111.636755, 41.198741 ], [ -111.638451, 41.198843 ], [ -111.63986, 41.198975 ], [ -111.640364, 41.198947 ], [ -111.640923, 41.198812 ], [ -111.641608, 41.198588 ], [ -111.642455, 41.198142 ], [ -111.643118, 41.19758 ], [ -111.643781, 41.196634 ], [ -111.644257, 41.195794 ], [ -111.644883, 41.194984 ], [ -111.645752, 41.193764 ], [ -111.646024, 41.193209 ], [ -111.646372, 41.192752 ], [ -111.647658, 41.191779 ], [ -111.648237, 41.191509 ], [ -111.649427, 41.19097 ], [ -111.650393, 41.190733 ], [ -111.650948, 41.190534 ], [ -111.651588, 41.190223 ], [ -111.652195, 41.190052 ], [ -111.652529, 41.190004 ], [ -111.653619, 41.189823 ], [ -111.654395, 41.189319 ], [ -111.654769, 41.188882 ], [ -111.654968, 41.188556 ], [ -111.65512, 41.188178 ], [ -111.65538, 41.187665 ], [ -111.656022, 41.186886 ], [ -111.656502, 41.186408 ], [ -111.656872, 41.186142 ], [ -111.657307, 41.185956 ], [ -111.658033, 41.185685 ], [ -111.658305, 41.185653 ], [ -111.65847, 41.185665 ], [ -111.658636, 41.185718 ], [ -111.658881, 41.18586 ], [ -111.659954, 41.186558 ], [ -111.660697, 41.186868 ], [ -111.662777, 41.187469 ], [ -111.663684, 41.187527 ], [ -111.664484, 41.187558 ], [ -111.665138, 41.187543 ], [ -111.666606, 41.187587 ], [ -111.666751, 41.187556 ], [ -111.667375, 41.187419 ], [ -111.667793, 41.187231 ], [ -111.66817, 41.187018 ], [ -111.669207, 41.186217 ], [ -111.669711, 41.185768 ], [ -111.67012, 41.185571 ], [ -111.670652, 41.185498 ], [ -111.671521, 41.185516 ], [ -111.672098, 41.185484 ], [ -111.672498, 41.185408 ], [ -111.672798, 41.185072 ], [ -111.672945, 41.184847 ], [ -111.672994, 41.184626 ], [ -111.672938, 41.184118 ], [ -111.672798, 41.183876 ], [ -111.672396, 41.183549 ], [ -111.672257, 41.183393 ], [ -111.672271, 41.183168 ], [ -111.672427, 41.18309 ], [ -111.672677, 41.183088 ], [ -111.673551, 41.183402 ], [ -111.674453, 41.183618 ], [ -111.674907, 41.183695 ], [ -111.675539, 41.183615 ], [ -111.675817, 41.183538 ], [ -111.67612, 41.183352 ], [ -111.676934, 41.182543 ], [ -111.67731, 41.181855 ], [ -111.677673, 41.181447 ], [ -111.677911, 41.181281 ], [ -111.678043, 41.181235 ], [ -111.678089, 41.181218 ], [ -111.678879, 41.181328 ], [ -111.679585, 41.181561 ], [ -111.68033, 41.181823 ], [ -111.681007, 41.181958 ], [ -111.681684, 41.181999 ], [ -111.682156, 41.181922 ], [ -111.682603, 41.181755 ], [ -111.682835, 41.181627 ], [ -111.683724, 41.181095 ], [ -111.684182, 41.180875 ], [ -111.684765, 41.180606 ], [ -111.685102, 41.180503 ], [ -111.685575, 41.18049 ], [ -111.68602, 41.180656 ], [ -111.686237, 41.180757 ], [ -111.686459, 41.18097 ], [ -111.686706, 41.181079 ], [ -111.687121, 41.181205 ], [ -111.687512, 41.181251 ], [ -111.688026, 41.181263 ], [ -111.688962, 41.181423 ], [ -111.689603, 41.181478 ], [ -111.689948, 41.18144 ], [ -111.690648, 41.181274 ], [ -111.691027, 41.181229 ], [ -111.691474, 41.181267 ], [ -111.692552, 41.181528 ], [ -111.692988, 41.181693 ], [ -111.694177, 41.182164 ], [ -111.694834, 41.182315 ], [ -111.695508, 41.182429 ], [ -111.696035, 41.182458 ], [ -111.696394, 41.182363 ], [ -111.697562, 41.181991 ], [ -111.698193, 41.181889 ], [ -111.698373, 41.181809 ], [ -111.698946, 41.18192 ], [ -111.700052, 41.182492 ], [ -111.700448, 41.182683 ], [ -111.701374, 41.182956 ], [ -111.701552, 41.18298 ], [ -111.702841, 41.18324 ], [ -111.703297, 41.183296 ], [ -111.704415, 41.183413 ], [ -111.705079, 41.183232 ], [ -111.705139, 41.183225 ], [ -111.705556, 41.183163 ], [ -111.705733, 41.183174 ], [ -111.705864, 41.183194 ], [ -111.707956, 41.184029 ], [ -111.709352, 41.185018 ], [ -111.710623, 41.18554 ], [ -111.711402, 41.185771 ], [ -111.712367, 41.186043 ], [ -111.713287, 41.186294 ], [ -111.713979, 41.186376 ], [ -111.71477, 41.186391 ], [ -111.715379, 41.186403 ], [ -111.716028, 41.186276 ], [ -111.716551, 41.186252 ], [ -111.71711, 41.186405 ], [ -111.717404, 41.186642 ], [ -111.717502, 41.186847 ], [ -111.717681, 41.187539 ], [ -111.717696, 41.187954 ], [ -111.717901, 41.188472 ], [ -111.718191, 41.188778 ], [ -111.718485, 41.189033 ], [ -111.719219, 41.189348 ], [ -111.719362, 41.189381 ], [ -111.719605, 41.189466 ], [ -111.719631, 41.189475 ], [ -111.719827, 41.189545 ], [ -111.719905, 41.189572 ], [ -111.719989, 41.189648 ], [ -111.720134, 41.189752 ], [ -111.720163, 41.189773 ], [ -111.720233, 41.18983 ], [ -111.720297, 41.189883 ], [ -111.720338, 41.189916 ], [ -111.720583, 41.19028 ], [ -111.720793, 41.190752 ], [ -111.721517, 41.191568 ], [ -111.723011, 41.19274 ], [ -111.723502, 41.193026 ], [ -111.72399, 41.193232 ], [ -111.72478, 41.193451 ], [ -111.72575, 41.193422 ], [ -111.726245, 41.193416 ], [ -111.726681, 41.193683 ], [ -111.72725, 41.194412 ], [ -111.727329, 41.194749 ], [ -111.727174, 41.195022 ], [ -111.727091, 41.195236 ], [ -111.727048, 41.195558 ], [ -111.727181, 41.196067 ], [ -111.727487, 41.19692 ], [ -111.727661, 41.197072 ], [ -111.728121, 41.197256 ], [ -111.728827, 41.197269 ], [ -111.729361, 41.197123 ], [ -111.729427, 41.197106 ], [ -111.729725, 41.197042 ], [ -111.729782, 41.197033 ], [ -111.729943, 41.197053 ], [ -111.729982, 41.197058 ], [ -111.730172, 41.197115 ], [ -111.730262, 41.197153 ], [ -111.730533, 41.19727 ], [ -111.731277, 41.197567 ], [ -111.731673, 41.197638 ], [ -111.731846, 41.197666 ], [ -111.73205, 41.197706 ], [ -111.732404, 41.197771 ], [ -111.732453, 41.197787 ], [ -111.732661, 41.19786 ], [ -111.73269, 41.19788 ], [ -111.732745, 41.19792 ], [ -111.732821, 41.197975 ], [ -111.732847, 41.197994 ], [ -111.732971, 41.198305 ], [ -111.733089, 41.198811 ], [ -111.73364, 41.199264 ], [ -111.734368, 41.199651 ], [ -111.735038, 41.199773 ], [ -111.735461, 41.200003 ], [ -111.735842, 41.200343 ], [ -111.736122, 41.200598 ], [ -111.736946, 41.201184 ], [ -111.737133, 41.201289 ], [ -111.737862, 41.201508 ], [ -111.738242, 41.201527 ], [ -111.738581, 41.201504 ], [ -111.739245, 41.201632 ], [ -111.73986, 41.201666 ], [ -111.740479, 41.201824 ], [ -111.740714, 41.201915 ], [ -111.741237, 41.202165 ], [ -111.742234, 41.202816 ], [ -111.7424, 41.202875 ], [ -111.742612, 41.202896 ], [ -111.743033, 41.202793 ], [ -111.74341, 41.202776 ], [ -111.743719, 41.202847 ], [ -111.744274, 41.203073 ], [ -111.744827, 41.203268 ], [ -111.745211, 41.203468 ], [ -111.745519, 41.203763 ], [ -111.745765, 41.204068 ], [ -111.745995, 41.204458 ], [ -111.746203, 41.205075 ], [ -111.746283, 41.205692 ], [ -111.746316, 41.205777 ], [ -111.74632, 41.205895 ], [ -111.746434, 41.206382 ], [ -111.746694, 41.207467 ], [ -111.746478, 41.208989 ], [ -111.746293, 41.209721 ], [ -111.745907, 41.211215 ], [ -111.745981, 41.212448 ], [ -111.74621, 41.212676 ], [ -111.746476, 41.212857 ], [ -111.746888, 41.21308 ], [ -111.747403, 41.213454 ], [ -111.747486, 41.213534 ], [ -111.747816, 41.213985 ], [ -111.747999, 41.214183 ], [ -111.748179, 41.214287 ], [ -111.748347, 41.214352 ], [ -111.748557, 41.214481 ], [ -111.748737, 41.214514 ], [ -111.749082, 41.214541 ], [ -111.749322, 41.214488 ], [ -111.749742, 41.214416 ], [ -111.750168, 41.214317 ], [ -111.75048, 41.214225 ], [ -111.750629, 41.214153 ], [ -111.750764, 41.21398 ], [ -111.751074, 41.213948 ], [ -111.751341, 41.213877 ], [ -111.75171, 41.213725 ], [ -111.751886, 41.213678 ], [ -111.75196, 41.21368 ], [ -111.752108, 41.213717 ], [ -111.75247, 41.214016 ], [ -111.752736, 41.214319 ], [ -111.753045, 41.214764 ], [ -111.753141, 41.214872 ], [ -111.753345, 41.214964 ], [ -111.753554, 41.214944 ], [ -111.754064, 41.214823 ], [ -111.754299, 41.214795 ], [ -111.754638, 41.21477 ], [ -111.75468, 41.214766 ], [ -111.75478, 41.21473 ], [ -111.754893, 41.214635 ], [ -111.754969, 41.214526 ], [ -111.755057, 41.214386 ], [ -111.755204, 41.214214 ], [ -111.755231, 41.214181 ], [ -111.755867, 41.213758 ], [ -111.756565, 41.213235 ], [ -111.756806, 41.212945 ], [ -111.757087, 41.212529 ], [ -111.757215, 41.212225 ], [ -111.757382, 41.211671 ], [ -111.757406, 41.211132 ], [ -111.75749, 41.210908 ], [ -111.757592, 41.21068 ], [ -111.757798, 41.210563 ], [ -111.758049, 41.210494 ], [ -111.758519, 41.210493 ], [ -111.758814, 41.210414 ], [ -111.759349, 41.210019 ], [ -111.759511, 41.209953 ], [ -111.760428, 41.209784 ], [ -111.76074, 41.20973 ], [ -111.760885, 41.209644 ], [ -111.761032, 41.209523 ], [ -111.761231, 41.209304 ], [ -111.76151, 41.209057 ], [ -111.761591, 41.208955 ], [ -111.761602, 41.208882 ], [ -111.761525, 41.208711 ], [ -111.761425, 41.208505 ], [ -111.761442, 41.208438 ], [ -111.761679, 41.208359 ], [ -111.762124, 41.208403 ], [ -111.762522, 41.20853 ], [ -111.762908, 41.208586 ], [ -111.76317, 41.208568 ], [ -111.763225, 41.208549 ], [ -111.76346, 41.208444 ], [ -111.763828, 41.208223 ], [ -111.764071, 41.208087 ], [ -111.764328, 41.207916 ], [ -111.764636, 41.207781 ], [ -111.764792, 41.207806 ], [ -111.764912, 41.207879 ], [ -111.764929, 41.208029 ], [ -111.764848, 41.208196 ], [ -111.764647, 41.208633 ], [ -111.764582, 41.208757 ], [ -111.764373, 41.209166 ], [ -111.764187, 41.209445 ], [ -111.763946, 41.209773 ], [ -111.763804, 41.209929 ], [ -111.763695, 41.21002 ], [ -111.763628, 41.210126 ], [ -111.76361, 41.210243 ], [ -111.763666, 41.210445 ], [ -111.763981, 41.210879 ], [ -111.764297, 41.211231 ], [ -111.764622, 41.21137 ], [ -111.764825, 41.211463 ], [ -111.765265, 41.21174 ], [ -111.765513, 41.211892 ], [ -111.765646, 41.211959 ], [ -111.766007, 41.21225 ], [ -111.766261, 41.212489 ], [ -111.76659, 41.212606 ], [ -111.766973, 41.212734 ], [ -111.76762, 41.212978 ], [ -111.768217, 41.213213 ], [ -111.768501, 41.213355 ], [ -111.768907, 41.213634 ], [ -111.768918, 41.213648 ], [ -111.768952, 41.21369 ], [ -111.768964, 41.213705 ], [ -111.769268, 41.214008 ], [ -111.769623, 41.214189 ], [ -111.770006, 41.214369 ], [ -111.770192, 41.214457 ], [ -111.770718, 41.214693 ], [ -111.770725, 41.214703 ], [ -111.770937, 41.214989 ], [ -111.771015, 41.2152 ], [ -111.771129, 41.215509 ], [ -111.771281, 41.215835 ], [ -111.771491, 41.216176 ], [ -111.771761, 41.216475 ], [ -111.771875, 41.216708 ], [ -111.772025, 41.216797 ], [ -111.772329, 41.217061 ], [ -111.772382, 41.217107 ], [ -111.77275, 41.217401 ], [ -111.773045, 41.217572 ], [ -111.773257, 41.217727 ], [ -111.773337, 41.217759 ], [ -111.773413, 41.217795 ], [ -111.773476, 41.217834 ], [ -111.773505, 41.217913 ], [ -111.773579, 41.218036 ], [ -111.773651, 41.218101 ], [ -111.773809, 41.218195 ], [ -111.77397, 41.218233 ], [ -111.774171, 41.218239 ], [ -111.774282, 41.218208 ], [ -111.774481, 41.218145 ], [ -111.774599, 41.218101 ], [ -111.774683, 41.218056 ], [ -111.774988, 41.217905 ], [ -111.775246, 41.217772 ], [ -111.775816, 41.217552 ], [ -111.776397, 41.217292 ], [ -111.776691, 41.217108 ], [ -111.776897, 41.216948 ], [ -111.777279, 41.216754 ], [ -111.777366, 41.216734 ], [ -111.777601, 41.21673 ], [ -111.777764, 41.216747 ], [ -111.778107, 41.216699 ], [ -111.778296, 41.216623 ], [ -111.778463, 41.216539 ], [ -111.778638, 41.216537 ], [ -111.77883, 41.21662 ], [ -111.778916, 41.216692 ], [ -111.779001, 41.216821 ], [ -111.779055, 41.217232 ], [ -111.779167, 41.217512 ], [ -111.779364, 41.217739 ], [ -111.779608, 41.217946 ], [ -111.77985, 41.218149 ], [ -111.780264, 41.218461 ], [ -111.780439, 41.21857 ], [ -111.780662, 41.218646 ], [ -111.780982, 41.218679 ], [ -111.7812, 41.218669 ], [ -111.7815, 41.21859 ], [ -111.781624, 41.218533 ], [ -111.781833, 41.218434 ], [ -111.78202, 41.21829 ], [ -111.782151, 41.218166 ], [ -111.782382, 41.217933 ], [ -111.78255, 41.21787 ], [ -111.782667, 41.217829 ], [ -111.782802, 41.217793 ], [ -111.782977, 41.217749 ], [ -111.783378, 41.217744 ], [ -111.783676, 41.217775 ], [ -111.784121, 41.217816 ], [ -111.784207, 41.217811 ], [ -111.784472, 41.217796 ], [ -111.784645, 41.217745 ], [ -111.784854, 41.217669 ], [ -111.78505, 41.217638 ], [ -111.785387, 41.217619 ], [ -111.785861, 41.217651 ], [ -111.786016, 41.217708 ], [ -111.786356, 41.217884 ], [ -111.78645, 41.217951 ], [ -111.786511, 41.217962 ], [ -111.786671, 41.218051 ], [ -111.786919, 41.218111 ], [ -111.787496, 41.218039 ], [ -111.787851, 41.217969 ], [ -111.788112, 41.217915 ], [ -111.788329, 41.217949 ], [ -111.788567, 41.218101 ], [ -111.788954, 41.2184 ], [ -111.789343, 41.218588 ], [ -111.789706, 41.218632 ], [ -111.78988, 41.218612 ], [ -111.789911, 41.218599 ], [ -111.790083, 41.218522 ], [ -111.790155, 41.218514 ], [ -111.790277, 41.218394 ], [ -111.790976, 41.217996 ], [ -111.791603, 41.217692 ], [ -111.791794, 41.217573 ], [ -111.792005, 41.217442 ], [ -111.792647, 41.217001 ], [ -111.792734, 41.216914 ], [ -111.792812, 41.21681 ], [ -111.792993, 41.216494 ], [ -111.793034, 41.216335 ], [ -111.793061, 41.216145 ], [ -111.793095, 41.216025 ], [ -111.7932, 41.215913 ], [ -111.793313, 41.21587 ], [ -111.793433, 41.215878 ], [ -111.793587, 41.21591 ], [ -111.793835, 41.215998 ], [ -111.79429, 41.216202 ], [ -111.794783, 41.216383 ], [ -111.795194, 41.216454 ], [ -111.795498, 41.216454 ], [ -111.795823, 41.216267 ], [ -111.796223, 41.215901 ], [ -111.796361, 41.215834 ], [ -111.796749, 41.215718 ], [ -111.796986, 41.215722 ], [ -111.797259, 41.215792 ], [ -111.797648, 41.215973 ], [ -111.797989, 41.216183 ], [ -111.798202, 41.2164 ], [ -111.798496, 41.216651 ], [ -111.798697, 41.216928 ], [ -111.798923, 41.217047 ], [ -111.799263, 41.217112 ], [ -111.799519, 41.217125 ], [ -111.799811, 41.217178 ], [ -111.799956, 41.217199 ], [ -111.800223, 41.217096 ], [ -111.80045, 41.217005 ], [ -111.800708, 41.21688 ], [ -111.801392, 41.216494 ], [ -111.801604, 41.216403 ], [ -111.802592, 41.216417 ], [ -111.802828, 41.216366 ], [ -111.803129, 41.216109 ], [ -111.803428, 41.215821 ], [ -111.803648, 41.215726 ], [ -111.803979, 41.215727 ], [ -111.804445, 41.215773 ], [ -111.80463, 41.215792 ], [ -111.804772, 41.215807 ], [ -111.80495, 41.215825 ], [ -111.804962, 41.215827 ], [ -111.805218, 41.215857 ], [ -111.805487, 41.215889 ], [ -111.805685, 41.215896 ], [ -111.805822, 41.2159 ], [ -111.805893, 41.215898 ], [ -111.805969, 41.215896 ], [ -111.806, 41.215895 ], [ -111.806028, 41.215891 ], [ -111.806126, 41.21588 ], [ -111.806176, 41.215836 ], [ -111.806221, 41.215796 ], [ -111.806285, 41.215739 ], [ -111.806289, 41.215725 ], [ -111.806295, 41.2157 ], [ -111.806313, 41.215628 ], [ -111.806317, 41.215589 ], [ -111.806324, 41.215519 ], [ -111.806292, 41.215406 ], [ -111.806291, 41.215334 ], [ -111.806268, 41.215216 ], [ -111.806315, 41.215033 ], [ -111.806422, 41.214879 ], [ -111.806487, 41.214816 ], [ -111.806634, 41.21459 ], [ -111.806833, 41.214278 ], [ -111.807261, 41.213694 ], [ -111.8076, 41.213133 ], [ -111.807818, 41.212861 ], [ -111.807878, 41.212787 ], [ -111.807899, 41.212761 ], [ -111.80795, 41.212698 ], [ -111.808447, 41.212462 ], [ -111.808499, 41.212437 ], [ -111.808718, 41.212334 ], [ -111.80877, 41.212309 ], [ -111.808879, 41.212314 ], [ -111.809235, 41.212325 ], [ -111.809511, 41.212287 ], [ -111.809737, 41.212235 ], [ -111.809945, 41.212185 ], [ -111.810064, 41.212152 ], [ -111.810331, 41.212042 ], [ -111.810443, 41.211996 ], [ -111.810604, 41.211977 ], [ -111.810694, 41.211968 ], [ -111.810831, 41.211998 ], [ -111.810927, 41.212065 ], [ -111.811095, 41.212154 ], [ -111.811145, 41.212179 ], [ -111.811221, 41.212216 ], [ -111.811401, 41.212251 ], [ -111.81164, 41.212267 ], [ -111.811812, 41.212252 ], [ -111.811916, 41.212239 ], [ -111.812252, 41.21205 ], [ -111.812385, 41.211717 ], [ -111.812446, 41.211308 ], [ -111.812455, 41.211227 ], [ -111.812507, 41.211193 ], [ -111.812538, 41.211153 ], [ -111.812615, 41.210838 ], [ -111.812631, 41.210475 ], [ -111.81274, 41.210295 ], [ -111.812821, 41.210172 ], [ -111.812819, 41.210073 ], [ -111.812793, 41.209959 ], [ -111.812754, 41.209878 ], [ -111.812633, 41.209761 ], [ -111.812676, 41.209716 ], [ -111.812785, 41.209587 ], [ -111.812998, 41.209334 ], [ -111.813349, 41.20892 ], [ -111.813485, 41.20876 ], [ -111.814252, 41.207933 ], [ -111.814822, 41.207269 ], [ -111.815025, 41.207086 ], [ -111.815506, 41.20665 ], [ -111.815879, 41.206378 ], [ -111.816224, 41.206089 ], [ -111.816416, 41.20595 ], [ -111.816593, 41.205814 ], [ -111.816887, 41.205497 ], [ -111.81711, 41.205207 ], [ -111.817228, 41.205075 ], [ -111.817375, 41.20493 ], [ -111.81747, 41.20483 ], [ -111.81754, 41.204753 ], [ -111.817629, 41.204703 ], [ -111.817751, 41.204654 ], [ -111.817827, 41.204632 ], [ -111.81792, 41.204618 ], [ -111.818135, 41.204635 ], [ -111.818177, 41.204635 ], [ -111.818333, 41.204636 ], [ -111.818557, 41.204636 ], [ -111.818583, 41.204636 ], [ -111.818736, 41.204638 ], [ -111.818945, 41.20464 ], [ -111.81909, 41.204642 ], [ -111.819536, 41.204611 ], [ -111.820324, 41.204516 ], [ -111.820473, 41.204496 ], [ -111.820686, 41.204468 ], [ -111.820802, 41.204461 ], [ -111.820936, 41.204453 ], [ -111.821043, 41.204461 ], [ -111.821319, 41.204531 ], [ -111.821456, 41.20458 ], [ -111.821624, 41.204632 ], [ -111.821664, 41.204656 ], [ -111.821923, 41.204813 ], [ -111.822259, 41.205017 ], [ -111.822315, 41.205051 ], [ -111.822542, 41.205152 ], [ -111.822598, 41.205177 ], [ -111.82263, 41.205192 ], [ -111.822915, 41.205313 ], [ -111.82319, 41.20535 ], [ -111.823218, 41.205351 ], [ -111.823356, 41.205357 ], [ -111.823464, 41.205358 ], [ -111.824006, 41.205345 ], [ -111.82471, 41.205367 ], [ -111.824947, 41.20534 ], [ -111.825294, 41.2053 ], [ -111.825621, 41.20523 ], [ -111.825834, 41.205139 ], [ -111.825953, 41.205088 ], [ -111.826117, 41.204953 ], [ -111.826201, 41.204884 ], [ -111.826252, 41.20486 ], [ -111.826355, 41.20481 ], [ -111.826642, 41.204835 ], [ -111.826756, 41.204865 ], [ -111.826794, 41.204875 ], [ -111.826965, 41.204918 ], [ -111.827121, 41.204958 ], [ -111.827263, 41.20498 ], [ -111.8273, 41.204986 ], [ -111.827748, 41.20503 ], [ -111.828058, 41.205045 ], [ -111.828295, 41.205007 ], [ -111.82832, 41.205004 ], [ -111.828548, 41.204953 ], [ -111.828635, 41.204934 ], [ -111.82892, 41.204833 ], [ -111.829068, 41.204725 ], [ -111.829115, 41.204692 ], [ -111.829327, 41.204501 ], [ -111.829469, 41.204372 ], [ -111.829563, 41.204287 ], [ -111.829798, 41.204021 ], [ -111.829858, 41.203952 ], [ -111.830106, 41.20376 ], [ -111.83017, 41.203711 ], [ -111.830408, 41.203587 ], [ -111.830484, 41.203547 ], [ -111.830692, 41.203473 ], [ -111.830894, 41.203395 ], [ -111.831316, 41.203302 ], [ -111.831434, 41.203297 ], [ -111.831554, 41.203291 ], [ -111.831652, 41.203299 ], [ -111.831844, 41.203314 ], [ -111.832029, 41.203326 ], [ -111.83239, 41.203344 ], [ -111.832598, 41.203315 ], [ -111.832835, 41.203269 ], [ -111.83294, 41.203231 ], [ -111.832991, 41.203212 ], [ -111.833097, 41.203154 ], [ -111.833419, 41.202998 ], [ -111.833574, 41.202922 ], [ -111.833832, 41.202797 ], [ -111.833946, 41.202734 ], [ -111.834087, 41.202656 ], [ -111.834229, 41.202605 ], [ -111.834378, 41.202577 ], [ -111.834615, 41.202544 ], [ -111.834889, 41.202523 ], [ -111.834925, 41.202522 ], [ -111.835052, 41.202486 ], [ -111.835172, 41.202459 ], [ -111.835318, 41.202408 ], [ -111.835496, 41.202317 ], [ -111.835657, 41.202236 ], [ -111.835833, 41.202148 ], [ -111.835976, 41.202088 ], [ -111.836088, 41.202002 ], [ -111.836204, 41.201835 ], [ -111.836292, 41.201667 ], [ -111.836301, 41.201628 ], [ -111.836313, 41.201577 ], [ -111.836315, 41.201555 ], [ -111.836328, 41.201402 ], [ -111.836379, 41.201073 ], [ -111.836407, 41.20077 ], [ -111.836414, 41.200468 ], [ -111.836461, 41.20036 ], [ -111.836572, 41.200237 ], [ -111.836697, 41.200183 ], [ -111.836858, 41.200159 ], [ -111.837074, 41.200094 ], [ -111.837274, 41.200033 ], [ -111.837814, 41.199914 ], [ -111.838201, 41.199815 ], [ -111.838654, 41.199697 ], [ -111.839322, 41.199496 ], [ -111.839661, 41.199394 ], [ -111.84018, 41.199288 ], [ -111.840843, 41.199204 ], [ -111.841394, 41.199131 ], [ -111.841837, 41.199108 ], [ -111.842263, 41.199093 ], [ -111.842405, 41.199123 ], [ -111.842545, 41.199161 ], [ -111.842592, 41.199184 ], [ -111.842823, 41.199333 ], [ -111.842998, 41.199479 ], [ -111.843118, 41.199515 ], [ -111.843216, 41.199518 ], [ -111.843356, 41.199506 ], [ -111.843623, 41.199452 ], [ -111.84384, 41.199255 ], [ -111.843905, 41.199179 ], [ -111.844241, 41.198943 ], [ -111.844595, 41.198869 ], [ -111.844944, 41.198814 ], [ -111.845084, 41.198794 ], [ -111.845208, 41.198777 ], [ -111.845641, 41.198723 ], [ -111.84596, 41.198663 ], [ -111.846476, 41.198577 ], [ -111.847013, 41.198501 ], [ -111.847106, 41.198474 ], [ -111.847295, 41.198416 ], [ -111.847475, 41.198333 ], [ -111.847692, 41.198251 ], [ -111.847857, 41.198238 ], [ -111.848347, 41.198225 ], [ -111.848471, 41.198208 ], [ -111.848745, 41.198144 ], [ -111.84913, 41.198025 ], [ -111.849396, 41.197944 ], [ -111.849556, 41.197962 ], [ -111.850052, 41.197985 ], [ -111.850247, 41.198003 ], [ -111.850668, 41.197988 ], [ -111.851113, 41.197906 ], [ -111.851216, 41.197887 ], [ -111.851671, 41.197832 ], [ -111.851901, 41.197775 ], [ -111.852243, 41.197708 ], [ -111.85245, 41.197694 ], [ -111.852721, 41.197684 ], [ -111.85295, 41.197705 ], [ -111.853875, 41.197678 ], [ -111.854057, 41.197645 ], [ -111.854604, 41.197578 ], [ -111.854987, 41.197529 ], [ -111.855358, 41.197472 ], [ -111.855661, 41.197524 ], [ -111.856041, 41.197638 ], [ -111.856439, 41.197718 ], [ -111.856661, 41.197743 ], [ -111.856849, 41.197722 ], [ -111.857148, 41.197672 ], [ -111.857482, 41.197701 ], [ -111.857799, 41.197753 ], [ -111.858007, 41.197719 ], [ -111.858208, 41.197596 ], [ -111.858392, 41.197383 ], [ -111.858507, 41.197178 ], [ -111.85856, 41.197089 ], [ -111.858712, 41.196634 ], [ -111.858806, 41.196307 ], [ -111.858871, 41.196185 ], [ -111.859171, 41.195704 ], [ -111.859369, 41.195265 ], [ -111.859465, 41.195019 ], [ -111.859574, 41.194723 ], [ -111.859725, 41.1945 ], [ -111.860112, 41.194043 ], [ -111.860275, 41.193884 ], [ -111.86059, 41.193675 ], [ -111.861233, 41.193317 ], [ -111.861707, 41.193071 ], [ -111.862275, 41.19279 ], [ -111.863195, 41.192381 ], [ -111.864492, 41.191834 ], [ -111.864816, 41.191707 ], [ -111.865142, 41.191615 ], [ -111.865242, 41.191585 ], [ -111.86551, 41.191507 ], [ -111.86567, 41.191415 ], [ -111.865909, 41.191238 ], [ -111.866072, 41.191111 ], [ -111.866329, 41.19089 ], [ -111.86672, 41.190606 ], [ -111.866775, 41.190587 ], [ -111.867032, 41.190509 ], [ -111.867231, 41.190466 ], [ -111.867411, 41.190457 ], [ -111.867639, 41.190395 ], [ -111.867855, 41.190273 ], [ -111.868007, 41.190188 ], [ -111.86811, 41.190139 ], [ -111.868472, 41.189978 ], [ -111.869063, 41.18974 ], [ -111.869679, 41.189518 ], [ -111.870129, 41.189351 ], [ -111.870534, 41.189278 ], [ -111.871037, 41.189235 ], [ -111.87113, 41.189201 ], [ -111.871303, 41.189094 ], [ -111.871352, 41.189023 ], [ -111.871402, 41.188899 ], [ -111.871447, 41.188678 ], [ -111.871546, 41.188529 ], [ -111.871641, 41.188446 ], [ -111.871728, 41.188387 ], [ -111.871875, 41.188314 ], [ -111.872443, 41.188119 ], [ -111.872732, 41.188038 ], [ -111.872898, 41.187966 ], [ -111.872932, 41.187872 ], [ -111.87295, 41.187816 ], [ -111.872951, 41.187774 ], [ -111.872948, 41.187681 ], [ -111.872926, 41.18755 ], [ -111.872894, 41.187446 ], [ -111.872784, 41.18705 ], [ -111.872775, 41.186736 ], [ -111.872841, 41.186371 ], [ -111.872821, 41.186168 ], [ -111.87278, 41.186086 ], [ -111.872645, 41.185937 ], [ -111.872587, 41.185913 ], [ -111.872259, 41.185685 ], [ -111.871872, 41.185422 ], [ -111.871626, 41.185165 ], [ -111.871502, 41.184866 ], [ -111.871475, 41.18453 ], [ -111.871494, 41.184269 ], [ -111.871506, 41.183688 ], [ -111.871467, 41.183481 ], [ -111.871331, 41.183266 ], [ -111.870968, 41.182906 ], [ -111.870504, 41.182502 ], [ -111.870114, 41.182198 ], [ -111.869915, 41.182044 ], [ -111.869812, 41.181956 ], [ -111.869718, 41.181867 ], [ -111.869556, 41.181723 ], [ -111.869344, 41.181557 ], [ -111.869183, 41.181446 ], [ -111.868828, 41.181065 ], [ -111.86881, 41.180875 ], [ -111.868828, 41.180764 ], [ -111.869, 41.180516 ], [ -111.869266, 41.180296 ], [ -111.869449, 41.180184 ], [ -111.869558, 41.180092 ], [ -111.869639, 41.179995 ], [ -111.869726, 41.179814 ], [ -111.869835, 41.179502 ], [ -111.869946, 41.179331 ], [ -111.869993, 41.179229 ], [ -111.870134, 41.178881 ], [ -111.870212, 41.178739 ], [ -111.870286, 41.178636 ], [ -111.870559, 41.178425 ], [ -111.870662, 41.178346 ], [ -111.870884, 41.17824 ], [ -111.871061, 41.178025 ], [ -111.871083, 41.177879 ], [ -111.871082, 41.177726 ], [ -111.871123, 41.176951 ], [ -111.871173, 41.176588 ], [ -111.871172, 41.176466 ], [ -111.871151, 41.176259 ], [ -111.871156, 41.176173 ], [ -111.871242, 41.175929 ], [ -111.871298, 41.175857 ], [ -111.87149, 41.175761 ], [ -111.872169, 41.175283 ], [ -111.872379, 41.17507 ], [ -111.872567, 41.17482 ], [ -111.872606, 41.174745 ], [ -111.872727, 41.174596 ], [ -111.872914, 41.174441 ], [ -111.873713, 41.174088 ], [ -111.874631, 41.173454 ], [ -111.874834, 41.173206 ], [ -111.875396, 41.172268 ], [ -111.87549, 41.172043 ], [ -111.875653, 41.171701 ], [ -111.875762, 41.17153 ], [ -111.875978, 41.171214 ], [ -111.876141, 41.17092 ], [ -111.876422, 41.170288 ], [ -111.876598, 41.169907 ], [ -111.876596, 41.169744 ], [ -111.875949, 41.169367 ], [ -111.875792, 41.169319 ], [ -111.875392, 41.168896 ], [ -111.874769, 41.168257 ], [ -111.874451, 41.167963 ], [ -111.874029, 41.167737 ], [ -111.87393, 41.167666 ], [ -111.873911, 41.167633 ], [ -111.873855, 41.167578 ], [ -111.873759, 41.167484 ], [ -111.873633, 41.16723 ], [ -111.873618, 41.167201 ], [ -111.873551, 41.166975 ], [ -111.873481, 41.166809 ], [ -111.873333, 41.166499 ], [ -111.873263, 41.166402 ], [ -111.873177, 41.166326 ], [ -111.873042, 41.166266 ], [ -111.872883, 41.166176 ], [ -111.872607, 41.166015 ], [ -111.872502, 41.165899 ], [ -111.872464, 41.165857 ], [ -111.87241, 41.165797 ], [ -111.8724, 41.16578 ], [ -111.872337, 41.165728 ], [ -111.871979, 41.165402 ], [ -111.871941, 41.165377 ], [ -111.871885, 41.165331 ], [ -111.871827, 41.165283 ], [ -111.871761, 41.165229 ], [ -111.871716, 41.165192 ], [ -111.87169, 41.165171 ], [ -111.87149, 41.164965 ], [ -111.871428, 41.16479 ], [ -111.871371, 41.164493 ], [ -111.871376, 41.164378 ], [ -111.871381, 41.16428 ], [ -111.871391, 41.164249 ], [ -111.87147, 41.163917 ], [ -111.871435, 41.163746 ], [ -111.871431, 41.163664 ], [ -111.871367, 41.163537 ], [ -111.871279, 41.16339 ], [ -111.870969, 41.162812 ], [ -111.870804, 41.162593 ], [ -111.870592, 41.162385 ], [ -111.870434, 41.162175 ], [ -111.870335, 41.162014 ], [ -111.870311, 41.161911 ], [ -111.870318, 41.161807 ], [ -111.870321, 41.16174 ], [ -111.870385, 41.161613 ], [ -111.870502, 41.161482 ], [ -111.870541, 41.161434 ], [ -111.870561, 41.161405 ], [ -111.870596, 41.161323 ], [ -111.870553, 41.161098 ], [ -111.870456, 41.160975 ], [ -111.87034, 41.160898 ], [ -111.870118, 41.160769 ], [ -111.868918, 41.160427 ], [ -111.868748, 41.160369 ], [ -111.868371, 41.160154 ], [ -111.867973, 41.159875 ], [ -111.867798, 41.159732 ], [ -111.867371, 41.15947 ], [ -111.867227, 41.159372 ], [ -111.867112, 41.159273 ], [ -111.866871, 41.159095 ], [ -111.866776, 41.159054 ], [ -111.866511, 41.159003 ], [ -111.866429, 41.158995 ], [ -111.866394, 41.158992 ], [ -111.866184, 41.15897 ], [ -111.866011, 41.158953 ], [ -111.865749, 41.158931 ], [ -111.865289, 41.158891 ], [ -111.865198, 41.158868 ], [ -111.864915, 41.158796 ], [ -111.864877, 41.158786 ], [ -111.864662, 41.158747 ], [ -111.864495, 41.158748 ], [ -111.864358, 41.158762 ], [ -111.864307, 41.158754 ], [ -111.864221, 41.158737 ], [ -111.864196, 41.158726 ], [ -111.864117, 41.158693 ], [ -111.864095, 41.158684 ], [ -111.864053, 41.158656 ], [ -111.864037, 41.158646 ], [ -111.863987, 41.158613 ], [ -111.86392, 41.158585 ], [ -111.863775, 41.158523 ], [ -111.863697, 41.158487 ], [ -111.863486, 41.15839 ], [ -111.863464, 41.15838 ], [ -111.863315, 41.158312 ], [ -111.863297, 41.158304 ], [ -111.86313, 41.158233 ], [ -111.863064, 41.158205 ], [ -111.863022, 41.158186 ], [ -111.862936, 41.158154 ], [ -111.862906, 41.158143 ], [ -111.862812, 41.158108 ], [ -111.862764, 41.1581 ], [ -111.862669, 41.158084 ], [ -111.862609, 41.158073 ], [ -111.862436, 41.158065 ], [ -111.862352, 41.158062 ], [ -111.86215, 41.158095 ], [ -111.862109, 41.158108 ], [ -111.86199, 41.158145 ], [ -111.861835, 41.158174 ], [ -111.861781, 41.158176 ], [ -111.861756, 41.158177 ], [ -111.861722, 41.158179 ], [ -111.861651, 41.158169 ], [ -111.861573, 41.158158 ], [ -111.861429, 41.158114 ], [ -111.8614, 41.158105 ], [ -111.861315, 41.158074 ], [ -111.861264, 41.158056 ], [ -111.86113, 41.158008 ], [ -111.861029, 41.157972 ], [ -111.860582, 41.157792 ], [ -111.860331, 41.157673 ], [ -111.860009, 41.15753 ], [ -111.85973, 41.15749 ], [ -111.859455, 41.157437 ], [ -111.859203, 41.157387 ], [ -111.858815, 41.157266 ], [ -111.858591, 41.157171 ], [ -111.858422, 41.157089 ], [ -111.858386, 41.15708 ], [ -111.858279, 41.157022 ], [ -111.85801, 41.156892 ], [ -111.857597, 41.156698 ], [ -111.857334, 41.156592 ], [ -111.857171, 41.15651 ], [ -111.857033, 41.156403 ], [ -111.856933, 41.156282 ], [ -111.856923, 41.156267 ], [ -111.856814, 41.156094 ], [ -111.856729, 41.155998 ], [ -111.856644, 41.155901 ], [ -111.856586, 41.155854 ], [ -111.856496, 41.15578 ], [ -111.856426, 41.155728 ], [ -111.85638, 41.155693 ], [ -111.85629, 41.155639 ], [ -111.856268, 41.155626 ], [ -111.856104, 41.155532 ], [ -111.856054, 41.155501 ], [ -111.855872, 41.155385 ], [ -111.8558, 41.15534 ], [ -111.855645, 41.155241 ], [ -111.855485, 41.15514 ], [ -111.855399, 41.155075 ], [ -111.855244, 41.154958 ], [ -111.855233, 41.154949 ], [ -111.855022, 41.154839 ], [ -111.85483, 41.154723 ], [ -111.854703, 41.154616 ], [ -111.854643, 41.15454 ], [ -111.854582, 41.154424 ], [ -111.85454, 41.154315 ], [ -111.854488, 41.153693 ], [ -111.854512, 41.152751 ], [ -111.85452, 41.152541 ], [ -111.854571, 41.152246 ], [ -111.854596, 41.151841 ], [ -111.854611, 41.151602 ], [ -111.854698, 41.151066 ], [ -111.854796, 41.15074 ], [ -111.854942, 41.150478 ], [ -111.855094, 41.150288 ], [ -111.855353, 41.150038 ], [ -111.855927, 41.14971 ], [ -111.856493, 41.149269 ], [ -111.85693, 41.148964 ], [ -111.857257, 41.148682 ], [ -111.857483, 41.148401 ], [ -111.857511, 41.148293 ], [ -111.857474, 41.148162 ], [ -111.857333, 41.147857 ], [ -111.857175, 41.147619 ], [ -111.857106, 41.147482 ], [ -111.85702, 41.147166 ], [ -111.857029, 41.146977 ], [ -111.857119, 41.146571 ], [ -111.857237, 41.146112 ], [ -111.857318, 41.145882 ], [ -111.85738, 41.145689 ], [ -111.857421, 41.145203 ], [ -111.857492, 41.144644 ], [ -111.857493, 41.144631 ], [ -111.857587, 41.144336 ], [ -111.857594, 41.144094 ], [ -111.857509, 41.143867 ], [ -111.85741, 41.143682 ], [ -111.857261, 41.143568 ], [ -111.856947, 41.143424 ], [ -111.856719, 41.143263 ], [ -111.856528, 41.143039 ], [ -111.85649, 41.142891 ], [ -111.856479, 41.14278 ], [ -111.856491, 41.1427 ], [ -111.856518, 41.14251 ], [ -111.856493, 41.142398 ], [ -111.856419, 41.142186 ], [ -111.856333, 41.141951 ], [ -111.856295, 41.141807 ], [ -111.856301, 41.141672 ], [ -111.856343, 41.14146 ], [ -111.856364, 41.1413 ], [ -111.85639, 41.141104 ], [ -111.856441, 41.140721 ], [ -111.856448, 41.140493 ], [ -111.856454, 41.140308 ], [ -111.856446, 41.140127 ], [ -111.856437, 41.139892 ], [ -111.85642, 41.139827 ], [ -111.856333, 41.139486 ], [ -111.856257, 41.139131 ], [ -111.856247, 41.139083 ], [ -111.856293, 41.139067 ], [ -111.856633, 41.138953 ], [ -111.856916, 41.138843 ], [ -111.857066, 41.13881 ], [ -111.857202, 41.138782 ], [ -111.857333, 41.138777 ], [ -111.85769, 41.138743 ], [ -111.857775, 41.138747 ], [ -111.857911, 41.138754 ], [ -111.858221, 41.138806 ], [ -111.858437, 41.138886 ], [ -111.858639, 41.139046 ], [ -111.859036, 41.13931 ], [ -111.859694, 41.139747 ], [ -111.859863, 41.139859 ], [ -111.861646, 41.140218 ], [ -111.861472, 41.139011 ], [ -111.861427, 41.138699 ], [ -111.861317, 41.137942 ], [ -111.861263, 41.137563 ], [ -111.861255, 41.137511 ], [ -111.861582, 41.137519 ], [ -111.864077, 41.137583 ], [ -111.86425, 41.137586 ], [ -111.865199, 41.137616 ], [ -111.865418, 41.13753 ], [ -111.866021, 41.137294 ], [ -111.866099, 41.137264 ], [ -111.866315, 41.137322 ], [ -111.866565, 41.13739 ], [ -111.868605, 41.137941 ], [ -111.86904, 41.138059 ], [ -111.869738, 41.13807 ], [ -111.870502, 41.138083 ], [ -111.871017, 41.138091 ], [ -111.871965, 41.138105 ], [ -111.874166, 41.138139 ], [ -111.874564, 41.138238 ], [ -111.875623, 41.137876 ], [ -111.876075, 41.137856 ], [ -111.876634, 41.137832 ], [ -111.878362, 41.137478 ], [ -111.878626, 41.137479 ], [ -111.878916, 41.137551 ], [ -111.879206, 41.137601 ], [ -111.879572, 41.137623 ], [ -111.879614, 41.137619 ], [ -111.879659, 41.137625 ], [ -111.880804, 41.13777 ], [ -111.88098, 41.137786 ], [ -111.882806, 41.137348 ], [ -111.884594, 41.137353 ], [ -111.884774, 41.137353 ], [ -111.885217, 41.137354 ], [ -111.885563, 41.137353 ], [ -111.885694, 41.137353 ], [ -111.885731, 41.137352 ], [ -111.885795, 41.137352 ], [ -111.8859, 41.137368 ], [ -111.886438, 41.13745 ], [ -111.886853, 41.137516 ], [ -111.887028, 41.13753 ], [ -111.888124, 41.137694 ], [ -111.888221, 41.137708 ], [ -111.888436, 41.13774 ], [ -111.888476, 41.137748 ], [ -111.888688, 41.137726 ], [ -111.889873, 41.137618 ], [ -111.891606, 41.137156 ], [ -111.893895, 41.136668 ], [ -111.895535, 41.136097 ], [ -111.897233, 41.13571 ], [ -111.897598, 41.135627 ], [ -111.898292, 41.135593 ], [ -111.89872, 41.135572 ], [ -111.898909, 41.135562 ], [ -111.899082, 41.135553 ], [ -111.899234, 41.135546 ], [ -111.899433, 41.135536 ], [ -111.89949, 41.135566 ], [ -111.899656, 41.135653 ], [ -111.899917, 41.135785 ], [ -111.90016, 41.135914 ], [ -111.900536, 41.136109 ], [ -111.900972, 41.136336 ], [ -111.901222, 41.136466 ], [ -111.901485, 41.136499 ], [ -111.901732, 41.13653 ], [ -111.902603, 41.136467 ], [ -111.902628, 41.136465 ], [ -111.903059, 41.136533 ], [ -111.903211, 41.136446 ], [ -111.903396, 41.136339 ], [ -111.903547, 41.136264 ], [ -111.903797, 41.136181 ], [ -111.904386, 41.136083 ], [ -111.904916, 41.136016 ], [ -111.905261, 41.135958 ], [ -111.905764, 41.135874 ], [ -111.906774, 41.135798 ], [ -111.906889, 41.135748 ], [ -111.907112, 41.135719 ], [ -111.907801, 41.135408 ], [ -111.909182, 41.134785 ], [ -111.909653, 41.134722 ], [ -111.910079, 41.134665 ], [ -111.91026, 41.134641 ], [ -111.910387, 41.134624 ], [ -111.910755, 41.134575 ], [ -111.911122, 41.13464 ], [ -111.911465, 41.134702 ], [ -111.911833, 41.134768 ], [ -111.912162, 41.134828 ], [ -111.912182, 41.134831 ], [ -111.912353, 41.134862 ], [ -111.913606, 41.135087 ], [ -111.914071, 41.135813 ], [ -111.914161, 41.135953 ], [ -111.914913, 41.137126 ], [ -111.914955, 41.137193 ], [ -111.915078, 41.137385 ], [ -111.915095, 41.137411 ], [ -111.916218, 41.137677 ], [ -111.916947, 41.137849 ], [ -111.917134, 41.137888 ], [ -111.917328, 41.137697 ], [ -111.919735, 41.137699 ], [ -111.919794, 41.137699 ], [ -111.91983, 41.137699 ], [ -111.919926, 41.1377 ], [ -111.920337, 41.1377 ], [ -111.920335, 41.138143 ], [ -111.920335, 41.138229 ], [ -111.920334, 41.138313 ], [ -111.920334, 41.138551 ], [ -111.920835, 41.138655 ], [ -111.920909, 41.13867 ], [ -111.920999, 41.138647 ], [ -111.921174, 41.138586 ], [ -111.92307, 41.137983 ], [ -111.92386, 41.13795 ], [ -111.924662, 41.137917 ], [ -111.925211, 41.137894 ], [ -111.925228, 41.137898 ], [ -111.925468, 41.137946 ], [ -111.925853, 41.138025 ], [ -111.928425, 41.138568 ], [ -111.928859, 41.138318 ], [ -111.929498, 41.137884 ], [ -111.929676, 41.137763 ], [ -111.92989, 41.13762 ], [ -111.929929, 41.137594 ], [ -111.930405, 41.137332 ], [ -111.931062, 41.13697 ], [ -111.931384, 41.137118 ], [ -111.931584, 41.137209 ], [ -111.931645, 41.137238 ], [ -111.93171, 41.137268 ], [ -111.932062, 41.13743 ], [ -111.932225, 41.137505 ], [ -111.932333, 41.137555 ], [ -111.93291, 41.13782 ], [ -111.933491, 41.138087 ], [ -111.93351, 41.138096 ], [ -111.933551, 41.138115 ], [ -111.933594, 41.138135 ], [ -111.933615, 41.138145 ], [ -111.933643, 41.138157 ], [ -111.933668, 41.138168 ], [ -111.933704, 41.138185 ], [ -111.933725, 41.138194 ], [ -111.933814, 41.138235 ], [ -111.933871, 41.138261 ], [ -111.933956, 41.1383 ], [ -111.934084, 41.138359 ], [ -111.934314, 41.138356 ], [ -111.934693, 41.138351 ], [ -111.934965, 41.138349 ], [ -111.935271, 41.138346 ], [ -111.936765, 41.138329 ], [ -111.937836, 41.138318 ], [ -111.93809, 41.138315 ], [ -111.938128, 41.138314 ], [ -111.93844, 41.138311 ], [ -111.938482, 41.138303 ], [ -111.938568, 41.138286 ], [ -111.938641, 41.138272 ], [ -111.939486, 41.138109 ], [ -111.939559, 41.138095 ], [ -111.940265, 41.137958 ], [ -111.94037, 41.137938 ], [ -111.940459, 41.13792 ], [ -111.940588, 41.137896 ], [ -111.940835, 41.137848 ], [ -111.940898, 41.137836 ], [ -111.940915, 41.137833 ], [ -111.940948, 41.137827 ], [ -111.941058, 41.137806 ], [ -111.941154, 41.137787 ], [ -111.941616, 41.137698 ], [ -111.942906, 41.137449 ], [ -111.943133, 41.137491 ], [ -111.943262, 41.137515 ], [ -111.943334, 41.137528 ], [ -111.9439, 41.137633 ], [ -111.943978, 41.137647 ], [ -111.944064, 41.137663 ], [ -111.944159, 41.137681 ], [ -111.944252, 41.137698 ], [ -111.944452, 41.137735 ], [ -111.945437, 41.137917 ], [ -111.946316, 41.13808 ], [ -111.947606, 41.138319 ], [ -111.947703, 41.138306 ], [ -111.947811, 41.138292 ], [ -111.948017, 41.138269 ], [ -111.949489, 41.138073 ], [ -111.952537, 41.139143 ], [ -111.952652, 41.139204 ], [ -111.953983, 41.139913 ], [ -111.955052, 41.140261 ], [ -111.956191, 41.140631 ], [ -111.955921, 41.141089 ], [ -111.955558, 41.141705 ], [ -111.955584, 41.141865 ], [ -111.955601, 41.141973 ], [ -111.955686, 41.142485 ], [ -111.955706, 41.142608 ], [ -111.955718, 41.142682 ], [ -111.955743, 41.142836 ], [ -111.95576, 41.14294 ], [ -111.956113, 41.143351 ], [ -111.956439, 41.14373 ], [ -111.956514, 41.143817 ], [ -111.956687, 41.144018 ], [ -111.956765, 41.144109 ], [ -111.956726, 41.144325 ], [ -111.956841, 41.144712 ], [ -111.956937, 41.144936 ], [ -111.95707, 41.145246 ], [ -111.957312, 41.145648 ], [ -111.957509, 41.145934 ], [ -111.957561, 41.146009 ], [ -111.957628, 41.146076 ], [ -111.957677, 41.146125 ], [ -111.958063, 41.146347 ], [ -111.958251, 41.146394 ], [ -111.958567, 41.146473 ], [ -111.958601, 41.146537 ], [ -111.958621, 41.146576 ], [ -111.958688, 41.146705 ], [ -111.958724, 41.146773 ], [ -111.958817, 41.146951 ], [ -111.959117, 41.146949 ], [ -111.959307, 41.146948 ], [ -111.95962, 41.147203 ], [ -111.959922, 41.147448 ], [ -111.960084, 41.14758 ], [ -111.960256, 41.147721 ], [ -111.960797, 41.148161 ], [ -111.962104, 41.149225 ], [ -111.962322, 41.149402 ], [ -111.962351, 41.149416 ], [ -111.963126, 41.14979 ], [ -111.963447, 41.149945 ], [ -111.965732, 41.150374 ], [ -111.966568, 41.150869 ], [ -111.9667, 41.150947 ], [ -111.966797, 41.151004 ], [ -111.967079, 41.151171 ], [ -111.967222, 41.151256 ], [ -111.967396, 41.151359 ], [ -111.967637, 41.151502 ], [ -111.967797, 41.151597 ], [ -111.967849, 41.151609 ], [ -111.96792, 41.151626 ], [ -111.968006, 41.151646 ], [ -111.968113, 41.151672 ], [ -111.968293, 41.151715 ], [ -111.96834, 41.151726 ], [ -111.969086, 41.152036 ], [ -111.969217, 41.152091 ], [ -111.969278, 41.152116 ], [ -111.969672, 41.152206 ], [ -111.969958, 41.152271 ], [ -111.970117, 41.152307 ], [ -111.970406, 41.152418 ], [ -111.971004, 41.152647 ], [ -111.97181, 41.152648 ], [ -111.972173, 41.152649 ], [ -111.972397, 41.15265 ], [ -111.972525, 41.15265 ], [ -111.972629, 41.15265 ], [ -111.972733, 41.15265 ], [ -111.97336, 41.152649 ], [ -111.975092, 41.152652 ], [ -111.978436, 41.152662 ], [ -111.979897, 41.152654 ], [ -111.987777, 41.152659 ], [ -111.988315, 41.152659 ], [ -111.98867, 41.152665 ], [ -111.989106, 41.152664 ], [ -111.990213, 41.15267 ], [ -111.992059, 41.152655 ], [ -111.992742, 41.152662 ], [ -111.993129, 41.152668 ], [ -111.993205, 41.152658 ], [ -111.998539, 41.152677 ], [ -111.999087, 41.152666 ], [ -111.999293, 41.152669 ], [ -111.999402, 41.152668 ], [ -111.999631, 41.152668 ], [ -112.000191, 41.152669 ], [ -112.005003, 41.152665 ], [ -112.006778, 41.152697 ], [ -112.01249, 41.152664 ], [ -112.01425, 41.152662 ], [ -112.014394, 41.152662 ], [ -112.015055, 41.152656 ], [ -112.016337, 41.152663 ], [ -112.017795, 41.152658 ], [ -112.01822, 41.152657 ], [ -112.019615, 41.152657 ], [ -112.021127, 41.152652 ], [ -112.021227, 41.152653 ], [ -112.021653, 41.152655 ], [ -112.023374, 41.152658 ], [ -112.023971, 41.152658 ], [ -112.02412, 41.152658 ], [ -112.024299, 41.152655 ], [ -112.024462, 41.152652 ], [ -112.024492, 41.152652 ], [ -112.024671, 41.15265 ], [ -112.0249, 41.152648 ], [ -112.025023, 41.152647 ], [ -112.025101, 41.152646 ], [ -112.025463, 41.152646 ], [ -112.026059, 41.152647 ], [ -112.030243, 41.152639 ], [ -112.031375, 41.152639 ], [ -112.032371, 41.152632 ], [ -112.033369, 41.152628 ], [ -112.033387, 41.152631 ], [ -112.033534, 41.152636 ], [ -112.035128, 41.152631 ], [ -112.03729, 41.152625 ], [ -112.037532, 41.152627 ], [ -112.038611, 41.152627 ], [ -112.039669, 41.152623 ], [ -112.041261, 41.152621 ], [ -112.043195, 41.152616 ], [ -112.044244, 41.152619 ], [ -112.045228, 41.152617 ], [ -112.045873, 41.152611 ], [ -112.046598, 41.152613 ], [ -112.047528, 41.152609 ], [ -112.048509, 41.152606 ], [ -112.049498, 41.152606 ], [ -112.05125, 41.152604 ], [ -112.052378, 41.152599 ], [ -112.053439, 41.152597 ], [ -112.054856, 41.152611 ], [ -112.059668, 41.152659 ], [ -112.064469, 41.152716 ], [ -112.071868, 41.152703 ], [ -112.073092, 41.152699 ], [ -112.075296, 41.152702 ], [ -112.077871, 41.152703 ], [ -112.080786, 41.152706 ], [ -112.081664, 41.152708 ], [ -112.083263, 41.152709 ], [ -112.083812, 41.152708 ], [ -112.08562, 41.152713 ], [ -112.088619, 41.152715 ], [ -112.089709, 41.152716 ], [ -112.092857, 41.15272 ], [ -112.09492, 41.152724 ], [ -112.101011, 41.152728 ], [ -112.102986, 41.152731 ], [ -112.104527, 41.152733 ], [ -112.104606, 41.152733 ], [ -112.10467, 41.152733 ], [ -112.107995, 41.15274 ], [ -112.112947, 41.15274 ], [ -112.113135, 41.152737 ], [ -112.122569, 41.152746 ], [ -112.122882, 41.152748 ], [ -112.132752, 41.152748 ], [ -112.138391, 41.152757 ], [ -112.138535, 41.152757 ], [ -112.138756, 41.152758 ], [ -112.142584, 41.15276 ], [ -112.148471, 41.152796 ], [ -112.152573, 41.152828 ], [ -112.158158, 41.152856 ], [ -112.16887, 41.152922 ], [ -112.169509, 41.152923 ], [ -112.170845, 41.152934 ], [ -112.170987, 41.152936 ], [ -112.171116, 41.152936 ], [ -112.172003, 41.152938 ], [ -112.17246, 41.152943 ], [ -112.173197, 41.152948 ], [ -112.174573, 41.152956 ], [ -112.175257, 41.152957 ], [ -112.177027, 41.15297 ], [ -112.177053, 41.15297 ], [ -112.178066, 41.152977 ], [ -112.178422, 41.152979 ], [ -112.178521, 41.15298 ], [ -112.178657, 41.152981 ], [ -112.178772, 41.152982 ], [ -112.179177, 41.152984 ], [ -112.179366, 41.152985 ], [ -112.179486, 41.152986 ], [ -112.180011, 41.152989 ], [ -112.18654, 41.153027 ], [ -112.186693, 41.153028 ], [ -112.186811, 41.153 ], [ -112.187135, 41.152919 ], [ -112.187878, 41.15274 ], [ -112.190201, 41.152179 ], [ -112.199344, 41.149904 ], [ -112.250779, 41.137213 ], [ -112.286207, 41.12849 ], [ -112.288623, 41.127895 ], [ -112.298122, 41.125508 ], [ -112.330013, 41.117577 ], [ -112.384667, 41.103969 ], [ -112.395737, 41.101246 ], [ -112.402875, 41.099488 ], [ -112.421388, 41.094884 ], [ -112.451621, 41.087334 ], [ -112.493515, 41.076888 ], [ -112.493406, 41.076997 ], [ -112.483236, 41.087344 ], [ -112.481816, 41.08879 ], [ -112.472859, 41.09793 ], [ -112.467642, 41.103252 ], [ -112.457051, 41.114079 ], [ -112.455216, 41.115954 ], [ -112.454593, 41.11659 ], [ -112.451281, 41.119968 ], [ -112.44857, 41.122734 ], [ -112.446398, 41.124951 ], [ -112.418267, 41.153615 ], [ -112.398007, 41.174253 ], [ -112.395656, 41.17664 ], [ -112.394579, 41.177737 ], [ -112.393569, 41.178764 ], [ -112.393337, 41.179001 ], [ -112.39233, 41.180029 ], [ -112.392311, 41.180046 ], [ -112.390143, 41.182255 ], [ -112.38251, 41.190033 ], [ -112.375784, 41.196888 ], [ -112.371181, 41.201616 ], [ -112.369057, 41.203798 ], [ -112.368942, 41.203916 ], [ -112.368829, 41.204032 ], [ -112.366578, 41.206345 ], [ -112.361307, 41.211764 ], [ -112.355604, 41.217628 ], [ -112.355465, 41.217768 ], [ -112.345413, 41.22794 ], [ -112.3401, 41.233318 ], [ -112.340042, 41.233375 ], [ -112.33987, 41.233548 ], [ -112.339813, 41.233606 ], [ -112.339785, 41.233634 ], [ -112.339704, 41.233719 ], [ -112.339677, 41.233748 ], [ -112.339642, 41.233782 ], [ -112.339538, 41.233884 ], [ -112.339504, 41.233919 ], [ -112.339053, 41.234374 ], [ -112.337676, 41.23577 ], [ -112.335802, 41.237666 ], [ -112.333408, 41.240089 ], [ -112.323691, 41.24993 ], [ -112.323683, 41.249938 ], [ -112.316372, 41.257354 ], [ -112.315132, 41.258612 ], [ -112.309048, 41.264794 ], [ -112.309014, 41.264828 ], [ -112.308915, 41.264929 ], [ -112.308882, 41.264964 ], [ -112.30882, 41.265026 ], [ -112.308635, 41.265213 ], [ -112.308624, 41.265225 ], [ -112.308572, 41.265273 ], [ -112.308518, 41.265328 ], [ -112.308303, 41.265545 ], [ -112.30713, 41.266737 ], [ -112.304835, 41.269071 ], [ -112.302804, 41.27113 ], [ -112.301361, 41.272594 ], [ -112.301312, 41.272643 ], [ -112.301165, 41.272791 ], [ -112.301117, 41.272841 ], [ -112.299722, 41.274256 ], [ -112.295537, 41.278501 ], [ -112.294143, 41.279917 ], [ -112.293079, 41.280997 ], [ -112.292601, 41.281483 ], [ -112.289889, 41.28424 ], [ -112.288826, 41.285322 ], [ -112.288701, 41.285449 ], [ -112.288339, 41.285816 ], [ -112.287777, 41.286385 ], [ -112.287478, 41.286688 ], [ -112.287178, 41.286991 ], [ -112.287094, 41.287071 ], [ -112.287011, 41.287152 ], [ -112.286969, 41.287193 ], [ -112.286875, 41.287299 ], [ -112.279933, 41.294345 ], [ -112.279782, 41.294497 ], [ -112.279655, 41.294627 ], [ -112.279505, 41.294779 ], [ -112.279286, 41.295001 ], [ -112.279104, 41.295185 ], [ -112.279068, 41.295223 ], [ -112.27707, 41.297249 ], [ -112.276393, 41.297937 ], [ -112.276359, 41.297971 ], [ -112.276259, 41.298072 ], [ -112.276226, 41.298107 ], [ -112.276148, 41.298184 ], [ -112.276077, 41.298257 ], [ -112.276043, 41.298291 ], [ -112.275997, 41.298338 ], [ -112.275918, 41.298419 ], [ -112.275843, 41.298498 ], [ -112.273902, 41.300466 ], [ -112.271073, 41.303338 ], [ -112.268082, 41.306372 ], [ -112.266304, 41.308178 ], [ -112.266216, 41.308267 ], [ -112.266144, 41.308343 ], [ -112.264881, 41.309625 ], [ -112.261093, 41.313474 ], [ -112.259831, 41.314757 ], [ -112.259717, 41.31487 ], [ -112.259378, 41.315209 ], [ -112.259265, 41.315323 ], [ -112.259186, 41.315403 ], [ -112.259098, 41.315493 ], [ -112.257958, 41.316649 ], [ -112.255915, 41.318724 ], [ -112.254038, 41.320627 ], [ -112.252732, 41.321954 ], [ -112.252631, 41.322056 ], [ -112.252568, 41.322121 ], [ -112.252464, 41.322227 ], [ -112.252361, 41.322333 ], [ -112.252331, 41.322363 ], [ -112.252231, 41.322466 ], [ -112.252132, 41.322565 ], [ -112.251837, 41.322864 ], [ -112.251739, 41.322964 ], [ -112.250777, 41.32394 ], [ -112.246031, 41.328647 ], [ -112.243952, 41.33071 ], [ -112.238164, 41.336551 ], [ -112.238065, 41.336552 ], [ -112.23677, 41.336557 ], [ -112.235625, 41.33656 ], [ -112.234326, 41.336565 ], [ -112.229502, 41.336581 ], [ -112.225305, 41.336595 ], [ -112.224902, 41.336596 ], [ -112.222771, 41.336603 ], [ -112.219573, 41.336614 ], [ -112.21736, 41.336621 ], [ -112.214422, 41.336631 ], [ -112.212123, 41.336639 ], [ -112.20884, 41.33665 ], [ -112.20628, 41.336658 ], [ -112.20498, 41.336663 ], [ -112.203695, 41.336665 ], [ -112.203408, 41.336667 ], [ -112.203005, 41.336669 ], [ -112.201996, 41.336672 ], [ -112.201334, 41.336674 ], [ -112.200593, 41.336676 ], [ -112.199015, 41.336681 ], [ -112.198848, 41.336682 ], [ -112.198541, 41.336683 ], [ -112.198189, 41.336684 ], [ -112.197892, 41.336684 ], [ -112.197534, 41.336686 ], [ -112.196071, 41.33669 ], [ -112.194082, 41.336696 ], [ -112.192502, 41.336701 ], [ -112.190551, 41.336707 ], [ -112.188577, 41.336713 ], [ -112.187208, 41.336717 ], [ -112.185288, 41.336723 ], [ -112.182719, 41.336731 ], [ -112.182293, 41.336732 ], [ -112.182088, 41.336733 ], [ -112.17976, 41.33674 ], [ -112.179535, 41.33674 ], [ -112.179191, 41.336741 ], [ -112.179167, 41.336741 ], [ -112.179025, 41.336742 ], [ -112.178228, 41.336744 ], [ -112.173836, 41.336756 ], [ -112.171684, 41.336762 ], [ -112.171242, 41.336763 ], [ -112.169416, 41.336768 ], [ -112.163528, 41.336784 ], [ -112.161943, 41.336789 ], [ -112.161254, 41.336791 ], [ -112.160428, 41.336793 ], [ -112.159059, 41.336797 ], [ -112.155905, 41.336805 ], [ -112.152672, 41.336814 ], [ -112.150071, 41.336822 ], [ -112.146783, 41.336831 ], [ -112.142685, 41.336842 ], [ -112.140075, 41.336849 ], [ -112.137583, 41.336856 ], [ -112.137459, 41.336856 ], [ -112.137003, 41.336857 ], [ -112.133181, 41.336872 ], [ -112.132893, 41.336868 ], [ -112.132297, 41.336869 ], [ -112.131689, 41.336873 ], [ -112.131272, 41.336871 ], [ -112.131093, 41.336873 ], [ -112.130216, 41.336882 ], [ -112.126275, 41.336885 ], [ -112.123845, 41.33688 ], [ -112.122029, 41.336874 ], [ -112.118406, 41.336863 ], [ -112.102349, 41.336808 ], [ -112.100139, 41.3368 ], [ -112.09918, 41.336788 ], [ -112.098997, 41.336791 ], [ -112.098904, 41.336793 ], [ -112.098817, 41.336795 ], [ -112.098622, 41.336796 ], [ -112.098491, 41.336796 ], [ -112.098347, 41.336797 ], [ -112.098257, 41.336797 ], [ -112.098079, 41.336792 ], [ -112.09785, 41.336791 ], [ -112.096805, 41.336783 ], [ -112.096662, 41.336787 ], [ -112.096506, 41.336786 ], [ -112.094981, 41.336781 ], [ -112.093954, 41.336777 ], [ -112.093098, 41.336774 ], [ -112.092844, 41.336773 ], [ -112.092709, 41.336772 ], [ -112.089833, 41.336762 ], [ -112.085768, 41.336747 ], [ -112.083086, 41.336738 ], [ -112.082767, 41.336736 ], [ -112.079828, 41.336725 ], [ -112.073457, 41.336701 ], [ -112.073173, 41.3367 ], [ -112.071815, 41.336694 ], [ -112.07158, 41.336693 ], [ -112.07118, 41.336692 ], [ -112.070163, 41.336689 ], [ -112.067285, 41.336673 ], [ -112.066827, 41.33667 ], [ -112.06659, 41.336669 ], [ -112.065154, 41.336669 ], [ -112.064393, 41.336668 ], [ -112.06396, 41.336668 ], [ -112.063515, 41.336661 ], [ -112.059546, 41.336647 ], [ -112.049061, 41.336607 ], [ -112.047783, 41.336603 ], [ -112.047641, 41.336602 ], [ -112.04519, 41.336593 ], [ -112.044824, 41.336591 ], [ -112.043778, 41.336587 ], [ -112.042676, 41.336583 ], [ -112.038371, 41.336575 ], [ -112.038129, 41.336565 ], [ -112.037393, 41.336561 ], [ -112.034441, 41.33655 ], [ -112.034073, 41.336547 ], [ -112.03354, 41.336545 ], [ -112.031185, 41.336527 ], [ -112.030107, 41.33653 ], [ -112.029724, 41.336527 ], [ -112.029631, 41.336527 ], [ -112.029581, 41.336531 ], [ -112.029236, 41.336524 ], [ -112.028672, 41.336512 ], [ -112.028477, 41.336549 ], [ -112.028285, 41.336636 ], [ -112.02822, 41.336664 ], [ -112.028138, 41.336712 ], [ -112.028113, 41.336727 ], [ -112.028093, 41.336739 ], [ -112.027824, 41.336898 ], [ -112.027631, 41.33706 ], [ -112.027421, 41.337237 ], [ -112.027246, 41.337385 ], [ -112.026782, 41.337884 ], [ -112.026523, 41.338126 ], [ -112.026369, 41.338271 ], [ -112.025944, 41.33859 ], [ -112.025766, 41.338798 ], [ -112.025657, 41.338926 ], [ -112.025412, 41.339311 ], [ -112.025243, 41.339586 ], [ -112.024797, 41.340313 ], [ -112.024724, 41.340433 ], [ -112.024602, 41.340633 ], [ -112.024242, 41.341312 ], [ -112.024211, 41.341386 ], [ -112.024175, 41.341463 ], [ -112.023894, 41.342027 ], [ -112.023555, 41.342636 ], [ -112.023266, 41.343104 ], [ -112.023084, 41.343295 ], [ -112.022635, 41.343605 ], [ -112.022253, 41.343812 ], [ -112.022136, 41.343862 ], [ -112.021488, 41.34407 ], [ -112.021196, 41.344122 ], [ -112.02091, 41.344179 ], [ -112.020301, 41.344225 ], [ -112.019661, 41.344203 ], [ -112.016908, 41.34416 ], [ -112.015662, 41.344131 ], [ -112.014903, 41.344142 ], [ -112.014568, 41.344091 ], [ -112.014508, 41.344073 ], [ -112.013828, 41.343773 ], [ -112.013376, 41.343534 ], [ -112.013067, 41.34343 ], [ -112.012744, 41.343337 ], [ -112.012292, 41.343408 ], [ -112.011852, 41.343507 ], [ -112.011352, 41.343651 ], [ -112.010827, 41.343741 ], [ -112.01072, 41.34376 ], [ -112.0102, 41.343764 ], [ -112.009428, 41.34369 ], [ -112.009093, 41.343679 ], [ -112.008735, 41.343728 ], [ -112.008386, 41.343848 ], [ -112.008101, 41.344021 ], [ -112.007836, 41.344276 ], [ -112.007807, 41.34432 ], [ -112.007677, 41.344453 ], [ -112.007346, 41.344699 ], [ -112.007065, 41.34476 ], [ -112.006839, 41.344767 ], [ -112.006626, 41.344756 ], [ -112.006266, 41.344812 ], [ -112.005856, 41.344969 ], [ -112.005737, 41.345044 ], [ -112.005412, 41.345244 ], [ -112.004689, 41.345735 ], [ -112.004419, 41.345945 ], [ -112.004195, 41.346181 ], [ -112.004001, 41.346395 ], [ -112.003904, 41.346648 ], [ -112.003915, 41.346967 ], [ -112.004067, 41.34757 ], [ -112.004121, 41.347956 ], [ -112.004109, 41.348357 ], [ -112.004018, 41.348669 ], [ -112.003755, 41.349036 ], [ -112.00349, 41.349272 ], [ -112.003158, 41.34946 ], [ -112.002653, 41.349627 ], [ -112.002182, 41.349748 ], [ -112.001896, 41.349813 ], [ -112.001342, 41.349833 ], [ -112.000822, 41.349908 ], [ -112.00029, 41.349922 ], [ -111.99992, 41.34993 ], [ -111.999657, 41.349918 ], [ -111.999136, 41.349852 ], [ -111.998531, 41.349771 ], [ -111.997896, 41.349686 ], [ -111.997147, 41.349553 ], [ -111.996626, 41.349503 ], [ -111.996059, 41.349544 ], [ -111.995976, 41.349549 ], [ -111.995607, 41.349724 ], [ -111.995343, 41.35001 ], [ -111.995175, 41.350294 ], [ -111.995162, 41.3503 ], [ -111.995041, 41.350493 ], [ -111.99498, 41.350584 ], [ -111.994613, 41.351191 ], [ -111.994381, 41.351661 ], [ -111.994124, 41.352024 ], [ -111.993907, 41.352292 ], [ -111.993641, 41.352492 ], [ -111.993219, 41.352685 ], [ -111.992573, 41.353051 ], [ -111.99239, 41.353165 ], [ -111.992212, 41.353279 ], [ -111.99188, 41.353435 ], [ -111.991369, 41.353629 ], [ -111.990875, 41.353768 ], [ -111.990208, 41.353972 ], [ -111.989541, 41.354108 ], [ -111.9886, 41.354299 ], [ -111.987885, 41.354451 ], [ -111.987146, 41.35462 ], [ -111.986511, 41.354903 ], [ -111.986468, 41.354926 ], [ -111.985942, 41.35521 ], [ -111.985504, 41.355557 ], [ -111.985149, 41.355758 ], [ -111.984959, 41.355868 ], [ -111.984418, 41.356053 ], [ -111.983533, 41.356421 ], [ -111.98297, 41.356731 ], [ -111.982472, 41.356988 ], [ -111.981972, 41.35715 ], [ -111.981038, 41.357374 ], [ -111.980353, 41.357592 ], [ -111.979667, 41.357818 ], [ -111.979146, 41.358021 ], [ -111.978349, 41.358316 ], [ -111.978064, 41.358435 ], [ -111.977768, 41.358645 ], [ -111.97739, 41.358968 ], [ -111.976956, 41.359463 ], [ -111.97666, 41.359699 ], [ -111.976109, 41.360028 ], [ -111.975416, 41.360467 ], [ -111.975062, 41.36074 ], [ -111.974562, 41.360969 ], [ -111.973859, 41.361034 ], [ -111.973793, 41.361057 ], [ -111.973557, 41.361171 ], [ -111.973481, 41.361366 ], [ -111.973406, 41.361564 ], [ -111.973273, 41.361827 ], [ -111.973103, 41.362049 ], [ -111.972863, 41.362252 ], [ -111.972516, 41.362498 ], [ -111.971628, 41.362877 ], [ -111.970754, 41.363325 ], [ -111.970435, 41.363549 ], [ -111.970179, 41.363663 ], [ -111.969996, 41.363727 ], [ -111.96956, 41.363795 ], [ -111.969166, 41.363865 ], [ -111.968639, 41.364016 ], [ -111.967977, 41.364259 ], [ -111.967721, 41.364355 ], [ -111.967593, 41.36439 ], [ -111.967298, 41.36447 ], [ -111.966892, 41.36452 ], [ -111.96654, 41.364545 ], [ -111.966128, 41.36458 ], [ -111.965335, 41.36474 ], [ -111.964508, 41.364923 ], [ -111.963422, 41.365121 ], [ -111.96318, 41.365335 ], [ -111.963247, 41.365489 ], [ -111.963288, 41.365524 ], [ -111.963983, 41.366313 ], [ -111.964226, 41.366544 ], [ -111.964487, 41.366812 ], [ -111.96484, 41.367241 ], [ -111.965055, 41.367595 ], [ -111.965196, 41.367869 ], [ -111.965421, 41.368128 ], [ -111.965666, 41.368346 ], [ -111.965761, 41.368432 ], [ -111.966065, 41.368638 ], [ -111.966358, 41.368837 ], [ -111.966648, 41.369001 ], [ -111.966775, 41.369063 ], [ -111.966853, 41.369103 ], [ -111.967034, 41.369241 ], [ -111.967326, 41.369563 ], [ -111.9676, 41.369887 ], [ -111.967736, 41.370161 ], [ -111.967987, 41.370564 ], [ -111.968096, 41.37072 ], [ -111.968341, 41.37107 ], [ -111.968768, 41.371539 ], [ -111.96901, 41.371866 ], [ -111.969159, 41.372099 ], [ -111.969375, 41.372273 ], [ -111.969598, 41.37245 ], [ -111.969927, 41.372764 ], [ -111.970199, 41.373068 ], [ -111.970529, 41.373475 ], [ -111.970845, 41.373805 ], [ -111.971061, 41.374106 ], [ -111.971096, 41.374144 ], [ -111.97141, 41.374485 ], [ -111.971629, 41.37467 ], [ -111.971987, 41.375022 ], [ -111.97211, 41.37517 ], [ -111.972654, 41.375616 ], [ -111.973216, 41.375975 ], [ -111.973323, 41.376042 ], [ -111.973402, 41.376086 ], [ -111.973727, 41.376246 ], [ -111.97413, 41.376409 ], [ -111.974405, 41.376565 ], [ -111.974465, 41.376632 ], [ -111.974754, 41.376952 ], [ -111.974955, 41.377189 ], [ -111.975114, 41.377431 ], [ -111.975234, 41.377867 ], [ -111.975308, 41.378393 ], [ -111.975247, 41.378718 ], [ -111.975155, 41.378906 ], [ -111.974974, 41.379274 ], [ -111.974853, 41.379545 ], [ -111.974731, 41.379793 ], [ -111.97465, 41.38011 ], [ -111.974443, 41.380668 ], [ -111.974325, 41.38133 ], [ -111.974268, 41.381839 ], [ -111.974274, 41.381858 ], [ -111.974267, 41.381879 ], [ -111.974221, 41.382064 ], [ -111.974304, 41.382419 ], [ -111.974438, 41.382628 ], [ -111.974652, 41.382917 ], [ -111.97495, 41.383237 ], [ -111.975309, 41.383653 ], [ -111.975607, 41.383975 ], [ -111.975759, 41.384158 ], [ -111.975799, 41.384469 ] ] ] } },
{ "type": "Feature", "properties": { "STATEFP": "49", "COUNTYFP": "035", "COUNTYNS": "01448031", "GEOID": "49035", "GEOIDFQ": "0500000US49035", "NAME": "Salt Lake", "NAMELSAD": "Salt Lake County", "LSAD": "06", "CLASSFP": "H1", "MTFCC": "G4020", "CSAFP": "482", "CBSAFP": "41620", "METDIVFP": null, "FUNCSTAT": "A", "ALAND": 1949876462, "AWATER": 136855044, "INTPTLAT": "+40.6678828", "INTPTLON": "-111.9242397" }, "geometry": { "type": "Polygon", "coordinates": [ [ [ -111.737568, 40.528202 ], [ -111.737707, 40.527957 ], [ -111.737804, 40.527606 ], [ -111.73792, 40.527452 ], [ -111.738104, 40.527249 ], [ -111.738124, 40.527229 ], [ -111.738134, 40.527222 ], [ -111.738324, 40.52712 ], [ -111.738588, 40.526945 ], [ -111.738714, 40.526733 ], [ -111.738758, 40.526489 ], [ -111.738786, 40.526209 ], [ -111.738904, 40.525642 ], [ -111.739082, 40.525159 ], [ -111.739249, 40.524829 ], [ -111.739582, 40.524283 ], [ -111.739847, 40.523981 ], [ -111.740169, 40.523877 ], [ -111.740593, 40.523865 ], [ -111.740765, 40.523801 ], [ -111.741292, 40.523594 ], [ -111.741913, 40.523304 ], [ -111.742099, 40.523215 ], [ -111.742632, 40.5229 ], [ -111.74282, 40.522827 ], [ -111.743173, 40.52269 ], [ -111.74372, 40.522515 ], [ -111.743831, 40.522502 ], [ -111.743966, 40.522514 ], [ -111.744226, 40.522552 ], [ -111.744439, 40.522627 ], [ -111.744856, 40.522929 ], [ -111.745848, 40.523545 ], [ -111.746078, 40.523695 ], [ -111.746437, 40.523928 ], [ -111.746887, 40.524201 ], [ -111.747404, 40.524382 ], [ -111.747723, 40.524413 ], [ -111.747853, 40.524399 ], [ -111.748297, 40.524377 ], [ -111.748585, 40.524406 ], [ -111.748687, 40.524415 ], [ -111.74881, 40.524398 ], [ -111.749093, 40.52436 ], [ -111.749226, 40.524333 ], [ -111.749613, 40.524253 ], [ -111.749842, 40.524201 ], [ -111.750055, 40.524188 ], [ -111.750468, 40.524342 ], [ -111.750747, 40.524493 ], [ -111.751125, 40.524616 ], [ -111.751575, 40.524773 ], [ -111.752004, 40.524924 ], [ -111.752323, 40.525073 ], [ -111.752769, 40.525435 ], [ -111.752991, 40.525627 ], [ -111.753058, 40.525666 ], [ -111.753103, 40.525691 ], [ -111.753169, 40.525742 ], [ -111.755369, 40.526379 ], [ -111.755449, 40.526402 ], [ -111.755556, 40.526478 ], [ -111.755735, 40.526682 ], [ -111.755966, 40.527006 ], [ -111.75605, 40.527297 ], [ -111.756195, 40.527554 ], [ -111.756361, 40.527733 ], [ -111.756556, 40.527863 ], [ -111.756872, 40.527987 ], [ -111.757204, 40.528161 ], [ -111.757269, 40.528215 ], [ -111.757525, 40.528428 ], [ -111.757787, 40.52854 ], [ -111.757853, 40.52854 ], [ -111.757918, 40.528536 ], [ -111.758177, 40.528473 ], [ -111.758667, 40.528445 ], [ -111.758919, 40.528506 ], [ -111.75918, 40.528572 ], [ -111.759476, 40.528629 ], [ -111.759619, 40.528716 ], [ -111.759746, 40.528821 ], [ -111.759792, 40.528859 ], [ -111.760076, 40.529095 ], [ -111.760279, 40.529181 ], [ -111.760563, 40.529243 ], [ -111.761172, 40.529275 ], [ -111.761696, 40.529274 ], [ -111.762368, 40.529238 ], [ -111.762587, 40.529173 ], [ -111.762661, 40.529126 ], [ -111.762674, 40.529117 ], [ -111.76269, 40.529093 ], [ -111.762723, 40.529019 ], [ -111.76265, 40.528831 ], [ -111.762632, 40.528763 ], [ -111.762632, 40.528597 ], [ -111.762683, 40.528467 ], [ -111.762752, 40.528377 ], [ -111.762809, 40.528343 ], [ -111.763004, 40.52816 ], [ -111.763225, 40.527953 ], [ -111.763562, 40.527412 ], [ -111.763646, 40.52731 ], [ -111.764084, 40.526916 ], [ -111.764457, 40.526811 ], [ -111.76473, 40.526665 ], [ -111.765095, 40.526433 ], [ -111.765506, 40.52603 ], [ -111.765718, 40.525894 ], [ -111.765899, 40.525757 ], [ -111.76601, 40.52563 ], [ -111.766108, 40.525462 ], [ -111.766231, 40.525327 ], [ -111.766397, 40.525188 ], [ -111.766682, 40.524668 ], [ -111.767245, 40.524351 ], [ -111.767601, 40.52415 ], [ -111.767924, 40.523901 ], [ -111.768115, 40.523658 ], [ -111.768458, 40.523437 ], [ -111.768659, 40.523349 ], [ -111.768721, 40.523319 ], [ -111.769015, 40.523169 ], [ -111.769209, 40.522996 ], [ -111.769413, 40.522793 ], [ -111.769634, 40.522625 ], [ -111.76966, 40.522613 ], [ -111.769768, 40.522561 ], [ -111.769911, 40.522524 ], [ -111.770129, 40.522451 ], [ -111.770445, 40.522318 ], [ -111.77074, 40.522243 ], [ -111.771039, 40.522211 ], [ -111.771405, 40.522181 ], [ -111.771729, 40.522134 ], [ -111.772324, 40.521976 ], [ -111.772667, 40.52187 ], [ -111.7729, 40.521851 ], [ -111.77313, 40.521854 ], [ -111.773467, 40.521829 ], [ -111.773507, 40.521816 ], [ -111.773801, 40.521719 ], [ -111.774009, 40.521591 ], [ -111.774354, 40.521386 ], [ -111.774543, 40.521339 ], [ -111.774557, 40.521334 ], [ -111.774769, 40.521302 ], [ -111.7748, 40.521299 ], [ -111.775072, 40.5213 ], [ -111.775231, 40.521303 ], [ -111.775314, 40.521303 ], [ -111.775397, 40.521307 ], [ -111.775457, 40.521284 ], [ -111.77585, 40.521133 ], [ -111.776202, 40.520919 ], [ -111.77656, 40.520772 ], [ -111.777442, 40.520451 ], [ -111.778275, 40.52009 ], [ -111.778339, 40.520063 ], [ -111.778651, 40.51993 ], [ -111.778928, 40.519782 ], [ -111.778941, 40.519774 ], [ -111.779332, 40.519515 ], [ -111.779737, 40.519323 ], [ -111.77999, 40.519236 ], [ -111.780718, 40.518951 ], [ -111.781, 40.518792 ], [ -111.781069, 40.518735 ], [ -111.7811, 40.518709 ], [ -111.78117, 40.518604 ], [ -111.781249, 40.518432 ], [ -111.781255, 40.51842 ], [ -111.781266, 40.518291 ], [ -111.781269, 40.518273 ], [ -111.781172, 40.517996 ], [ -111.781051, 40.517591 ], [ -111.781073, 40.517353 ], [ -111.781183, 40.517155 ], [ -111.78142, 40.516875 ], [ -111.781433, 40.51686 ], [ -111.78158, 40.516764 ], [ -111.782031, 40.516527 ], [ -111.782097, 40.516493 ], [ -111.782695, 40.516244 ], [ -111.782829, 40.516134 ], [ -111.78294, 40.516012 ], [ -111.783025, 40.515868 ], [ -111.78309, 40.515757 ], [ -111.783182, 40.515495 ], [ -111.783296, 40.515164 ], [ -111.783522, 40.514932 ], [ -111.783584, 40.514897 ], [ -111.783721, 40.514819 ], [ -111.784015, 40.514703 ], [ -111.784952, 40.514499 ], [ -111.785916, 40.514308 ], [ -111.786317, 40.51427 ], [ -111.786536, 40.514223 ], [ -111.786695, 40.514163 ], [ -111.787049, 40.513993 ], [ -111.787541, 40.513824 ], [ -111.787838, 40.513763 ], [ -111.787972, 40.513668 ], [ -111.788016, 40.513509 ], [ -111.788019, 40.513484 ], [ -111.788027, 40.51345 ], [ -111.788071, 40.513295 ], [ -111.788098, 40.51302 ], [ -111.788195, 40.512665 ], [ -111.788251, 40.51251 ], [ -111.788344, 40.512322 ], [ -111.7884, 40.512259 ], [ -111.788548, 40.512091 ], [ -111.788705, 40.511901 ], [ -111.788942, 40.511524 ], [ -111.78909, 40.511077 ], [ -111.789143, 40.510833 ], [ -111.789053, 40.509411 ], [ -111.789057, 40.509127 ], [ -111.789195, 40.508821 ], [ -111.789387, 40.508599 ], [ -111.789602, 40.508327 ], [ -111.790038, 40.507774 ], [ -111.790273, 40.507463 ], [ -111.790544, 40.507105 ], [ -111.790632, 40.506947 ], [ -111.790775, 40.506693 ], [ -111.790936, 40.506381 ], [ -111.79147, 40.505597 ], [ -111.791671, 40.505207 ], [ -111.791685, 40.504959 ], [ -111.791599, 40.504711 ], [ -111.791532, 40.504518 ], [ -111.79143, 40.504348 ], [ -111.791195, 40.50402 ], [ -111.790645, 40.503474 ], [ -111.790415, 40.503245 ], [ -111.789215, 40.501971 ], [ -111.789195, 40.501931 ], [ -111.789085, 40.501717 ], [ -111.789043, 40.501483 ], [ -111.789027, 40.501168 ], [ -111.789098, 40.500677 ], [ -111.789105, 40.50014 ], [ -111.789172, 40.499848 ], [ -111.789229, 40.499595 ], [ -111.789402, 40.498837 ], [ -111.789417, 40.498771 ], [ -111.789362, 40.498496 ], [ -111.789338, 40.498317 ], [ -111.78934, 40.498264 ], [ -111.78935, 40.498065 ], [ -111.789384, 40.498034 ], [ -111.789401, 40.498019 ], [ -111.789566, 40.497851 ], [ -111.789943, 40.497684 ], [ -111.79026, 40.497596 ], [ -111.7905, 40.497531 ], [ -111.790575, 40.49751 ], [ -111.790616, 40.497499 ], [ -111.790686, 40.49748 ], [ -111.790979, 40.497413 ], [ -111.791447, 40.497226 ], [ -111.792087, 40.496979 ], [ -111.792493, 40.49694 ], [ -111.792792, 40.496897 ], [ -111.793142, 40.496808 ], [ -111.793535, 40.496608 ], [ -111.793661, 40.496566 ], [ -111.793743, 40.496539 ], [ -111.793879, 40.496506 ], [ -111.794239, 40.496417 ], [ -111.794304, 40.496401 ], [ -111.794775, 40.496333 ], [ -111.795081, 40.496227 ], [ -111.7952, 40.496167 ], [ -111.795511, 40.496088 ], [ -111.795876, 40.495991 ], [ -111.796715, 40.495783 ], [ -111.796906, 40.495736 ], [ -111.797265, 40.495666 ], [ -111.797411, 40.495593 ], [ -111.797864, 40.495546 ], [ -111.798305, 40.495307 ], [ -111.79851, 40.495189 ], [ -111.798599, 40.495119 ], [ -111.798831, 40.494951 ], [ -111.798872, 40.494921 ], [ -111.799311, 40.494571 ], [ -111.799762, 40.494306 ], [ -111.800038, 40.494211 ], [ -111.800162, 40.494177 ], [ -111.800474, 40.494112 ], [ -111.800667, 40.494089 ], [ -111.801044, 40.494046 ], [ -111.80208, 40.493832 ], [ -111.802622, 40.49367 ], [ -111.80268, 40.49364 ], [ -111.802711, 40.493624 ], [ -111.802744, 40.493607 ], [ -111.802881, 40.493533 ], [ -111.802918, 40.493521 ], [ -111.803047, 40.49335 ], [ -111.803234, 40.493121 ], [ -111.803258, 40.493091 ], [ -111.803452, 40.49248 ], [ -111.803494, 40.492325 ], [ -111.80354, 40.492156 ], [ -111.803658, 40.492017 ], [ -111.80371, 40.491878 ], [ -111.80385, 40.491787 ], [ -111.804083, 40.491739 ], [ -111.804263, 40.491743 ], [ -111.804564, 40.491748 ], [ -111.804918, 40.491755 ], [ -111.805112, 40.491759 ], [ -111.805138, 40.491741 ], [ -111.805445, 40.491546 ], [ -111.805646, 40.491305 ], [ -111.805757, 40.491173 ], [ -111.805783, 40.491126 ], [ -111.805853, 40.491 ], [ -111.80593, 40.490862 ], [ -111.806041, 40.490663 ], [ -111.806075, 40.490632 ], [ -111.806183, 40.490537 ], [ -111.806201, 40.490522 ], [ -111.806255, 40.49048 ], [ -111.806274, 40.490466 ], [ -111.806666, 40.490006 ], [ -111.806836, 40.489834 ], [ -111.807267, 40.489377 ], [ -111.807378, 40.489286 ], [ -111.807635, 40.48927 ], [ -111.807867, 40.489245 ], [ -111.807975, 40.489195 ], [ -111.808073, 40.48915 ], [ -111.808151, 40.489116 ], [ -111.808243, 40.489076 ], [ -111.808488, 40.488899 ], [ -111.808846, 40.488695 ], [ -111.809009, 40.48864 ], [ -111.809865, 40.488489 ], [ -111.810375, 40.488422 ], [ -111.810425, 40.488411 ], [ -111.811047, 40.488273 ], [ -111.811299, 40.488299 ], [ -111.811925, 40.488408 ], [ -111.81228, 40.488471 ], [ -111.814683, 40.488897 ], [ -111.81502, 40.488952 ], [ -111.815633, 40.489051 ], [ -111.815985, 40.489109 ], [ -111.816302, 40.48916 ], [ -111.816829, 40.488907 ], [ -111.818004, 40.488399 ], [ -111.818215, 40.488308 ], [ -111.822153, 40.486535 ], [ -111.822211, 40.486509 ], [ -111.822394, 40.486332 ], [ -111.82621, 40.486351 ], [ -111.826318, 40.486352 ], [ -111.826318, 40.486336 ], [ -111.826316, 40.484825 ], [ -111.826321, 40.482921 ], [ -111.826322, 40.482732 ], [ -111.826322, 40.48272 ], [ -111.827399, 40.482725 ], [ -111.829322, 40.48273 ], [ -111.83132, 40.482739 ], [ -111.833314, 40.482724 ], [ -111.833313, 40.482192 ], [ -111.833307, 40.481824 ], [ -111.833964, 40.481825 ], [ -111.834111, 40.481825 ], [ -111.834255, 40.481821 ], [ -111.834767, 40.481811 ], [ -111.834767, 40.481654 ], [ -111.834787, 40.481468 ], [ -111.834802, 40.481408 ], [ -111.834824, 40.481351 ], [ -111.834888, 40.481247 ], [ -111.834966, 40.48108 ], [ -111.834978, 40.481001 ], [ -111.83498, 40.480904 ], [ -111.834972, 40.480867 ], [ -111.834967, 40.48084 ], [ -111.834933, 40.480769 ], [ -111.834897, 40.480709 ], [ -111.834812, 40.48061 ], [ -111.834691, 40.480446 ], [ -111.834656, 40.480389 ], [ -111.834607, 40.480309 ], [ -111.834541, 40.480161 ], [ -111.834514, 40.48008 ], [ -111.834483, 40.479993 ], [ -111.834458, 40.479865 ], [ -111.834455, 40.47976 ], [ -111.834476, 40.479591 ], [ -111.834484, 40.479542 ], [ -111.834533, 40.479345 ], [ -111.834543, 40.479305 ], [ -111.834572, 40.479223 ], [ -111.834623, 40.479127 ], [ -111.834746, 40.478978 ], [ -111.834796, 40.478917 ], [ -111.835157, 40.478553 ], [ -111.835519, 40.478281 ], [ -111.835692, 40.478163 ], [ -111.835875, 40.47805 ], [ -111.836074, 40.477917 ], [ -111.836158, 40.47783 ], [ -111.836239, 40.477722 ], [ -111.836341, 40.477477 ], [ -111.836417, 40.477233 ], [ -111.83648, 40.476984 ], [ -111.83649, 40.476891 ], [ -111.836512, 40.476714 ], [ -111.836513, 40.476656 ], [ -111.836502, 40.476572 ], [ -111.836497, 40.476556 ], [ -111.836488, 40.47652 ], [ -111.836458, 40.476438 ], [ -111.836302, 40.476169 ], [ -111.836272, 40.476076 ], [ -111.836257, 40.475988 ], [ -111.83626, 40.475874 ], [ -111.836273, 40.475777 ], [ -111.836284, 40.475597 ], [ -111.836282, 40.475418 ], [ -111.836272, 40.475243 ], [ -111.836245, 40.47505 ], [ -111.836245, 40.474917 ], [ -111.836401, 40.474885 ], [ -111.8368, 40.474834 ], [ -111.837121, 40.474804 ], [ -111.83714, 40.474804 ], [ -111.837196, 40.474803 ], [ -111.837356, 40.474801 ], [ -111.837453, 40.474803 ], [ -111.837536, 40.474806 ], [ -111.837601, 40.47481 ], [ -111.837677, 40.474815 ], [ -111.837767, 40.474823 ], [ -111.837794, 40.474825 ], [ -111.83787, 40.474834 ], [ -111.837939, 40.474843 ], [ -111.837992, 40.47485 ], [ -111.838049, 40.474858 ], [ -111.83811, 40.474862 ], [ -111.838183, 40.474859 ], [ -111.83821, 40.474857 ], [ -111.838243, 40.474852 ], [ -111.838291, 40.474842 ], [ -111.838341, 40.474827 ], [ -111.838391, 40.474808 ], [ -111.838432, 40.474789 ], [ -111.838445, 40.474782 ], [ -111.838918, 40.474513 ], [ -111.8391, 40.474409 ], [ -111.839118, 40.474384 ], [ -111.839328, 40.474588 ], [ -111.839488, 40.474742 ], [ -111.839647, 40.474628 ], [ -111.839685, 40.474601 ], [ -111.839981, 40.474856 ], [ -111.840052, 40.474921 ], [ -111.84009, 40.474901 ], [ -111.840132, 40.474879 ], [ -111.840222, 40.474839 ], [ -111.840251, 40.474827 ], [ -111.840373, 40.474798 ], [ -111.840457, 40.474764 ], [ -111.840546, 40.474748 ], [ -111.840764, 40.474743 ], [ -111.840868, 40.474747 ], [ -111.840965, 40.474752 ], [ -111.841071, 40.474758 ], [ -111.841238, 40.474762 ], [ -111.841369, 40.474749 ], [ -111.841534, 40.474716 ], [ -111.841656, 40.474669 ], [ -111.841794, 40.474602 ], [ -111.841911, 40.474528 ], [ -111.841998, 40.474449 ], [ -111.842064, 40.474367 ], [ -111.842117, 40.474269 ], [ -111.842368, 40.474362 ], [ -111.842545, 40.474445 ], [ -111.842683, 40.47454 ], [ -111.842797, 40.474631 ], [ -111.842877, 40.474722 ], [ -111.842952, 40.474822 ], [ -111.843055, 40.474961 ], [ -111.843154, 40.475083 ], [ -111.843185, 40.475121 ], [ -111.843248, 40.475232 ], [ -111.84327, 40.475282 ], [ -111.843287, 40.475353 ], [ -111.843294, 40.475407 ], [ -111.843276, 40.475482 ], [ -111.843262, 40.475573 ], [ -111.843219, 40.475747 ], [ -111.843223, 40.475783 ], [ -111.843273, 40.475916 ], [ -111.843334, 40.475989 ], [ -111.843491, 40.476175 ], [ -111.843562, 40.476357 ], [ -111.843723, 40.47672 ], [ -111.844139, 40.47665 ], [ -111.844258, 40.476642 ], [ -111.844421, 40.476631 ], [ -111.844765, 40.476635 ], [ -111.8451, 40.476665 ], [ -111.845151, 40.476674 ], [ -111.845385, 40.476656 ], [ -111.845528, 40.476666 ], [ -111.845798, 40.476661 ], [ -111.845899, 40.476652 ], [ -111.846029, 40.47663 ], [ -111.846204, 40.47659 ], [ -111.846388, 40.476532 ], [ -111.846551, 40.476461 ], [ -111.846694, 40.476383 ], [ -111.846812, 40.476307 ], [ -111.846935, 40.476227 ], [ -111.847091, 40.476098 ], [ -111.847227, 40.475985 ], [ -111.847375, 40.475876 ], [ -111.847563, 40.475738 ], [ -111.847813, 40.475546 ], [ -111.847955, 40.475442 ], [ -111.848123, 40.47532 ], [ -111.848238, 40.475265 ], [ -111.84834, 40.475231 ], [ -111.848411, 40.475215 ], [ -111.848479, 40.475198 ], [ -111.848564, 40.475189 ], [ -111.848706, 40.475177 ], [ -111.848903, 40.475169 ], [ -111.849085, 40.475164 ], [ -111.84938, 40.475153 ], [ -111.849596, 40.475136 ], [ -111.849695, 40.475117 ], [ -111.849793, 40.475076 ], [ -111.849897, 40.475019 ], [ -111.849971, 40.474972 ], [ -111.850029, 40.474926 ], [ -111.850064, 40.47489 ], [ -111.850102, 40.474854 ], [ -111.850148, 40.474763 ], [ -111.850163, 40.474712 ], [ -111.850175, 40.474651 ], [ -111.850172, 40.47458 ], [ -111.85016, 40.474491 ], [ -111.850097, 40.474232 ], [ -111.850103, 40.474172 ], [ -111.850119, 40.47405 ], [ -111.850129, 40.473987 ], [ -111.850159, 40.473924 ], [ -111.850228, 40.473834 ], [ -111.850336, 40.473711 ], [ -111.850458, 40.473641 ], [ -111.85069, 40.473556 ], [ -111.850861, 40.473457 ], [ -111.850918, 40.473424 ], [ -111.851087, 40.473298 ], [ -111.851132, 40.473233 ], [ -111.851155, 40.473154 ], [ -111.851169, 40.473068 ], [ -111.851162, 40.472994 ], [ -111.851136, 40.472901 ], [ -111.85111, 40.472811 ], [ -111.851071, 40.472714 ], [ -111.851012, 40.472576 ], [ -111.850943, 40.472441 ], [ -111.850906, 40.472354 ], [ -111.850861, 40.472254 ], [ -111.850871, 40.472042 ], [ -111.850879, 40.472002 ], [ -111.850889, 40.471953 ], [ -111.850904, 40.471915 ], [ -111.850909, 40.471902 ], [ -111.850953, 40.471741 ], [ -111.851107, 40.471598 ], [ -111.851285, 40.471498 ], [ -111.851365, 40.471469 ], [ -111.851418, 40.471449 ], [ -111.851482, 40.471432 ], [ -111.851608, 40.471414 ], [ -111.851635, 40.471409 ], [ -111.851687, 40.471402 ], [ -111.851755, 40.471399 ], [ -111.851811, 40.471397 ], [ -111.851877, 40.471399 ], [ -111.851946, 40.471412 ], [ -111.852031, 40.47143 ], [ -111.852134, 40.471447 ], [ -111.852245, 40.47147 ], [ -111.852389, 40.471499 ], [ -111.852513, 40.471513 ], [ -111.85262, 40.471518 ], [ -111.852715, 40.471518 ], [ -111.852822, 40.471498 ], [ -111.852954, 40.471469 ], [ -111.853102, 40.471427 ], [ -111.853283, 40.471378 ], [ -111.853423, 40.471349 ], [ -111.853616, 40.471316 ], [ -111.853773, 40.471305 ], [ -111.853897, 40.471307 ], [ -111.854044, 40.47132 ], [ -111.854374, 40.471354 ], [ -111.855718, 40.471577 ], [ -111.855831, 40.47158 ], [ -111.855849, 40.471579 ], [ -111.855875, 40.471578 ], [ -111.855916, 40.471576 ], [ -111.855943, 40.471573 ], [ -111.855978, 40.471569 ], [ -111.856032, 40.471562 ], [ -111.856054, 40.471558 ], [ -111.856118, 40.471544 ], [ -111.856182, 40.471528 ], [ -111.85623, 40.471512 ], [ -111.856296, 40.471487 ], [ -111.856321, 40.471475 ], [ -111.856344, 40.471465 ], [ -111.856401, 40.471436 ], [ -111.856418, 40.471426 ], [ -111.856452, 40.471408 ], [ -111.856497, 40.471376 ], [ -111.856545, 40.471337 ], [ -111.856564, 40.471323 ], [ -111.856582, 40.471306 ], [ -111.856621, 40.471267 ], [ -111.856658, 40.471227 ], [ -111.856668, 40.471215 ], [ -111.8567, 40.47117 ], [ -111.856731, 40.471122 ], [ -111.856756, 40.471016 ], [ -111.856784, 40.470588 ], [ -111.856821, 40.470498 ], [ -111.856851, 40.470429 ], [ -111.856908, 40.470297 ], [ -111.857194, 40.469803 ], [ -111.857271, 40.469646 ], [ -111.857309, 40.469584 ], [ -111.857336, 40.469538 ], [ -111.857436, 40.469467 ], [ -111.857578, 40.469423 ], [ -111.85783, 40.469394 ], [ -111.85809, 40.469363 ], [ -111.858392, 40.469307 ], [ -111.858567, 40.469373 ], [ -111.860424, 40.470321 ], [ -111.862893, 40.469258 ], [ -111.862971, 40.469251 ], [ -111.863218, 40.469383 ], [ -111.86325, 40.469402 ], [ -111.863468, 40.46954 ], [ -111.86352, 40.469574 ], [ -111.863585, 40.469617 ], [ -111.863652, 40.46966 ], [ -111.863705, 40.469694 ], [ -111.863877, 40.46976 ], [ -111.86399, 40.469786 ], [ -111.86424, 40.469973 ], [ -111.864908, 40.470072 ], [ -111.865488, 40.470284 ], [ -111.865605, 40.470351 ], [ -111.86575, 40.470422 ], [ -111.865923, 40.47061 ], [ -111.865952, 40.470641 ], [ -111.866129, 40.470892 ], [ -111.866283, 40.47108 ], [ -111.866319, 40.471127 ], [ -111.866524, 40.471383 ], [ -111.86664, 40.471528 ], [ -111.866684, 40.471559 ], [ -111.866706, 40.471585 ], [ -111.866714, 40.471618 ], [ -111.866948, 40.471971 ], [ -111.867128, 40.472105 ], [ -111.867336, 40.472207 ], [ -111.867553, 40.472263 ], [ -111.867643, 40.472286 ], [ -111.86801, 40.472383 ], [ -111.86826, 40.472489 ], [ -111.868303, 40.472511 ], [ -111.868343, 40.472539 ], [ -111.86837, 40.472553 ], [ -111.868444, 40.472595 ], [ -111.86855, 40.47263 ], [ -111.868605, 40.472792 ], [ -111.868722, 40.473179 ], [ -111.869024, 40.473658 ], [ -111.869134, 40.473968 ], [ -111.869121, 40.474028 ], [ -111.86912, 40.474293 ], [ -111.869092, 40.474326 ], [ -111.86908, 40.474342 ], [ -111.869092, 40.474457 ], [ -111.8691, 40.474541 ], [ -111.869115, 40.474667 ], [ -111.86912, 40.47473 ], [ -111.869139, 40.47482 ], [ -111.869211, 40.474905 ], [ -111.869206, 40.474977 ], [ -111.869273, 40.475094 ], [ -111.86945, 40.475191 ], [ -111.869457, 40.475254 ], [ -111.869582, 40.475324 ], [ -111.869754, 40.475419 ], [ -111.869874, 40.475539 ], [ -111.870058, 40.475646 ], [ -111.870124, 40.475702 ], [ -111.870249, 40.475807 ], [ -111.870298, 40.475887 ], [ -111.870332, 40.47595 ], [ -111.870377, 40.476139 ], [ -111.870437, 40.476197 ], [ -111.870508, 40.476438 ], [ -111.870528, 40.476508 ], [ -111.870561, 40.47667 ], [ -111.870586, 40.476742 ], [ -111.870658, 40.476827 ], [ -111.87077, 40.476857 ], [ -111.87083, 40.476933 ], [ -111.870907, 40.476946 ], [ -111.870967, 40.476957 ], [ -111.871013, 40.476968 ], [ -111.871072, 40.476965 ], [ -111.871111, 40.476963 ], [ -111.871384, 40.476934 ], [ -111.871437, 40.47692 ], [ -111.871478, 40.476906 ], [ -111.871555, 40.476883 ], [ -111.871655, 40.476859 ], [ -111.87169, 40.476837 ], [ -111.871754, 40.476805 ], [ -111.871959, 40.476696 ], [ -111.872018, 40.476663 ], [ -111.872119, 40.476603 ], [ -111.872211, 40.476548 ], [ -111.872269, 40.476485 ], [ -111.872321, 40.476426 ], [ -111.872386, 40.47642 ], [ -111.872451, 40.476427 ], [ -111.87255, 40.476338 ], [ -111.872607, 40.476345 ], [ -111.872639, 40.476409 ], [ -111.872668, 40.476797 ], [ -111.872751, 40.476814 ], [ -111.872841, 40.476876 ], [ -111.872882, 40.476903 ], [ -111.873167, 40.477045 ], [ -111.873202, 40.477045 ], [ -111.873238, 40.477047 ], [ -111.873303, 40.477051 ], [ -111.873351, 40.477054 ], [ -111.873424, 40.477017 ], [ -111.873621, 40.476966 ], [ -111.873708, 40.476911 ], [ -111.87372, 40.476885 ], [ -111.873749, 40.476821 ], [ -111.874254, 40.476622 ], [ -111.874316, 40.476528 ], [ -111.874373, 40.476523 ], [ -111.874445, 40.476519 ], [ -111.874768, 40.476393 ], [ -111.874936, 40.476294 ], [ -111.874957, 40.476285 ], [ -111.875019, 40.476232 ], [ -111.87515, 40.476126 ], [ -111.875202, 40.476084 ], [ -111.875224, 40.476048 ], [ -111.875317, 40.475918 ], [ -111.87534, 40.475894 ], [ -111.875374, 40.475849 ], [ -111.875456, 40.475749 ], [ -111.875486, 40.475705 ], [ -111.875502, 40.475624 ], [ -111.875512, 40.475578 ], [ -111.875619, 40.475519 ], [ -111.875668, 40.475482 ], [ -111.875699, 40.475441 ], [ -111.875733, 40.475424 ], [ -111.875812, 40.475383 ], [ -111.875838, 40.475357 ], [ -111.875933, 40.475269 ], [ -111.87592, 40.475192 ], [ -111.87599, 40.475137 ], [ -111.876126, 40.475087 ], [ -111.876267, 40.475063 ], [ -111.876461, 40.475073 ], [ -111.876503, 40.475057 ], [ -111.876575, 40.475061 ], [ -111.876686, 40.47506 ], [ -111.876928, 40.475063 ], [ -111.877196, 40.475006 ], [ -111.877351, 40.474973 ], [ -111.877404, 40.47496 ], [ -111.877457, 40.474915 ], [ -111.877501, 40.474881 ], [ -111.877684, 40.474719 ], [ -111.877749, 40.474661 ], [ -111.877801, 40.474614 ], [ -111.877836, 40.474583 ], [ -111.877877, 40.474555 ], [ -111.878017, 40.474464 ], [ -111.878169, 40.474368 ], [ -111.878357, 40.47429 ], [ -111.878444, 40.474256 ], [ -111.878557, 40.474203 ], [ -111.878697, 40.474126 ], [ -111.878856, 40.47412 ], [ -111.878956, 40.474101 ], [ -111.879092, 40.474073 ], [ -111.879197, 40.47405 ], [ -111.879257, 40.474054 ], [ -111.879364, 40.474063 ], [ -111.879498, 40.474057 ], [ -111.879664, 40.474051 ], [ -111.879731, 40.474037 ], [ -111.879881, 40.473941 ], [ -111.880004, 40.473905 ], [ -111.880057, 40.473891 ], [ -111.880074, 40.473868 ], [ -111.880094, 40.473843 ], [ -111.880144, 40.473782 ], [ -111.880214, 40.473723 ], [ -111.880272, 40.473673 ], [ -111.88029, 40.473642 ], [ -111.880328, 40.473577 ], [ -111.88053, 40.473418 ], [ -111.880581, 40.473382 ], [ -111.880641, 40.473328 ], [ -111.880646, 40.473314 ], [ -111.880674, 40.473238 ], [ -111.880691, 40.473197 ], [ -111.880714, 40.473169 ], [ -111.880755, 40.473129 ], [ -111.880802, 40.473092 ], [ -111.880949, 40.473073 ], [ -111.881019, 40.473014 ], [ -111.881153, 40.472905 ], [ -111.88153, 40.47287 ], [ -111.881766, 40.472851 ], [ -111.881943, 40.472831 ], [ -111.882119, 40.472767 ], [ -111.882159, 40.472712 ], [ -111.882239, 40.472688 ], [ -111.882388, 40.472643 ], [ -111.882435, 40.472615 ], [ -111.882551, 40.47254 ], [ -111.882604, 40.472506 ], [ -111.882755, 40.472262 ], [ -111.882838, 40.472121 ], [ -111.882888, 40.472036 ], [ -111.882969, 40.471909 ], [ -111.883009, 40.47185 ], [ -111.883148, 40.471651 ], [ -111.883282, 40.471551 ], [ -111.883475, 40.471435 ], [ -111.883539, 40.471324 ], [ -111.883647, 40.471303 ], [ -111.883681, 40.471293 ], [ -111.883774, 40.471259 ], [ -111.883968, 40.471244 ], [ -111.884338, 40.471173 ], [ -111.884573, 40.471059 ], [ -111.884626, 40.471048 ], [ -111.884745, 40.471028 ], [ -111.884779, 40.471017 ], [ -111.884873, 40.470935 ], [ -111.885088, 40.470735 ], [ -111.885351, 40.470548 ], [ -111.885631, 40.47034 ], [ -111.886016, 40.469964 ], [ -111.886168, 40.469904 ], [ -111.886238, 40.46985 ], [ -111.886401, 40.469632 ], [ -111.88654, 40.469469 ], [ -111.886625, 40.46922 ], [ -111.886601, 40.469153 ], [ -111.886671, 40.469089 ], [ -111.886659, 40.468986 ], [ -111.886716, 40.468931 ], [ -111.886719, 40.468747 ], [ -111.886795, 40.468654 ], [ -111.886829, 40.468488 ], [ -111.886864, 40.468408 ], [ -111.886903, 40.46832 ], [ -111.886937, 40.468221 ], [ -111.887011, 40.468072 ], [ -111.887111, 40.468048 ], [ -111.887158, 40.468021 ], [ -111.887369, 40.467929 ], [ -111.887469, 40.467879 ], [ -111.887568, 40.467815 ], [ -111.887763, 40.467787 ], [ -111.888038, 40.467649 ], [ -111.888237, 40.467544 ], [ -111.888488, 40.467326 ], [ -111.888698, 40.467167 ], [ -111.888784, 40.467094 ], [ -111.888978, 40.466922 ], [ -111.889113, 40.466889 ], [ -111.889364, 40.466765 ], [ -111.889693, 40.466605 ], [ -111.889987, 40.466513 ], [ -111.890288, 40.466506 ], [ -111.890564, 40.46645 ], [ -111.890758, 40.466417 ], [ -111.891011, 40.466337 ], [ -111.891052, 40.466324 ], [ -111.891115, 40.466211 ], [ -111.891149, 40.466089 ], [ -111.891212, 40.466024 ], [ -111.891289, 40.465944 ], [ -111.891323, 40.465881 ], [ -111.891334, 40.465809 ], [ -111.891313, 40.465566 ], [ -111.891364, 40.465408 ], [ -111.891381, 40.465317 ], [ -111.891411, 40.465232 ], [ -111.891505, 40.464965 ], [ -111.891564, 40.464812 ], [ -111.891575, 40.464781 ], [ -111.891592, 40.464738 ], [ -111.89169, 40.464575 ], [ -111.891733, 40.464474 ], [ -111.891747, 40.464441 ], [ -111.891907, 40.464339 ], [ -111.891968, 40.4643 ], [ -111.892175, 40.464194 ], [ -111.892379, 40.464085 ], [ -111.892654, 40.463965 ], [ -111.892889, 40.463881 ], [ -111.893043, 40.463829 ], [ -111.893211, 40.463792 ], [ -111.893488, 40.463736 ], [ -111.893612, 40.46371 ], [ -111.893723, 40.463703 ], [ -111.893941, 40.46369 ], [ -111.894194, 40.463701 ], [ -111.89449, 40.463685 ], [ -111.894766, 40.463697 ], [ -111.89505, 40.463722 ], [ -111.895351, 40.463781 ], [ -111.895479, 40.463779 ], [ -111.89604, 40.463763 ], [ -111.896288, 40.463765 ], [ -111.896512, 40.463763 ], [ -111.89682, 40.463721 ], [ -111.897208, 40.463682 ], [ -111.897409, 40.463663 ], [ -111.897615, 40.463611 ], [ -111.897945, 40.463532 ], [ -111.898314, 40.463511 ], [ -111.898603, 40.463516 ], [ -111.898887, 40.46352 ], [ -111.899683, 40.463513 ], [ -111.899994, 40.463511 ], [ -111.900199, 40.463546 ], [ -111.900295, 40.463516 ], [ -111.900392, 40.463518 ], [ -111.90048, 40.463504 ], [ -111.900516, 40.463499 ], [ -111.900643, 40.463501 ], [ -111.900684, 40.463498 ], [ -111.900828, 40.463475 ], [ -111.900881, 40.463451 ], [ -111.900891, 40.463442 ], [ -111.901033, 40.46331 ], [ -111.901134, 40.463184 ], [ -111.901221, 40.463053 ], [ -111.901376, 40.462818 ], [ -111.901454, 40.462596 ], [ -111.90147, 40.462555 ], [ -111.901643, 40.462287 ], [ -111.901817, 40.462043 ], [ -111.902002, 40.461749 ], [ -111.902175, 40.461441 ], [ -111.90278, 40.460697 ], [ -111.903054, 40.460178 ], [ -111.903135, 40.460069 ], [ -111.903257, 40.459933 ], [ -111.903459, 40.459589 ], [ -111.903777, 40.459113 ], [ -111.904097, 40.458683 ], [ -111.904407, 40.458135 ], [ -111.904769, 40.45769 ], [ -111.905456, 40.456652 ], [ -111.906772, 40.454664 ], [ -111.906809, 40.454606 ], [ -111.906851, 40.454521 ], [ -111.906864, 40.454498 ], [ -111.906963, 40.454363 ], [ -111.907077, 40.454096 ], [ -111.907174, 40.453949 ], [ -111.907221, 40.453884 ], [ -111.907337, 40.453702 ], [ -111.90754, 40.453502 ], [ -111.907609, 40.453465 ], [ -111.90771, 40.453407 ], [ -111.908175, 40.453295 ], [ -111.90857, 40.453278 ], [ -111.909164, 40.453197 ], [ -111.909618, 40.453171 ], [ -111.909889, 40.453142 ], [ -111.910116, 40.453077 ], [ -111.910447, 40.45304 ], [ -111.910665, 40.453001 ], [ -111.911152, 40.452853 ], [ -111.911376, 40.452828 ], [ -111.911611, 40.452745 ], [ -111.911776, 40.452726 ], [ -111.912118, 40.452714 ], [ -111.912954, 40.452557 ], [ -111.913006, 40.452545 ], [ -111.913104, 40.45254 ], [ -111.913313, 40.452523 ], [ -111.913353, 40.45252 ], [ -111.913595, 40.45245 ], [ -111.913664, 40.45244 ], [ -111.913841, 40.452412 ], [ -111.913931, 40.452397 ], [ -111.91481, 40.452246 ], [ -111.914854, 40.452238 ], [ -111.914866, 40.45219 ], [ -111.914903, 40.452012 ], [ -111.915122, 40.451614 ], [ -111.915268, 40.451304 ], [ -111.915335, 40.45116 ], [ -111.91552, 40.450769 ], [ -111.915651, 40.450498 ], [ -111.915701, 40.450393 ], [ -111.91574, 40.450231 ], [ -111.915979, 40.449745 ], [ -111.91605, 40.449602 ], [ -111.916265, 40.448992 ], [ -111.916554, 40.448571 ], [ -111.916726, 40.448275 ], [ -111.916833, 40.448047 ], [ -111.916865, 40.447945 ], [ -111.91688, 40.447897 ], [ -111.917167, 40.447297 ], [ -111.917177, 40.447098 ], [ -111.91733, 40.446655 ], [ -111.917431, 40.446614 ], [ -111.917632, 40.446111 ], [ -111.917652, 40.446062 ], [ -111.91768, 40.446015 ], [ -111.917796, 40.445827 ], [ -111.917828, 40.445624 ], [ -111.917959, 40.445213 ], [ -111.918402, 40.444434 ], [ -111.918448, 40.444335 ], [ -111.918643, 40.443992 ], [ -111.918898, 40.443662 ], [ -111.91912, 40.443191 ], [ -111.9207, 40.441922 ], [ -111.920815, 40.441829 ], [ -111.920855, 40.441797 ], [ -111.920918, 40.441746 ], [ -111.920943, 40.441727 ], [ -111.921038, 40.441651 ], [ -111.921102, 40.4416 ], [ -111.921135, 40.441573 ], [ -111.921207, 40.441515 ], [ -111.921376, 40.44138 ], [ -111.921391, 40.441367 ], [ -111.921478, 40.441297 ], [ -111.921587, 40.44121 ], [ -111.921665, 40.441147 ], [ -111.921746, 40.441082 ], [ -111.921933, 40.440932 ], [ -111.922046, 40.440841 ], [ -111.923183, 40.439929 ], [ -111.923607, 40.439588 ], [ -111.923618, 40.439579 ], [ -111.923788, 40.439443 ], [ -111.923939, 40.439321 ], [ -111.924618, 40.438776 ], [ -111.925313, 40.438218 ], [ -111.92555, 40.438027 ], [ -111.926209, 40.437497 ], [ -111.926249, 40.437464 ], [ -111.926783, 40.437033 ], [ -111.927617, 40.436362 ], [ -111.929406, 40.434922 ], [ -111.929657, 40.434719 ], [ -111.930055, 40.434399 ], [ -111.930168, 40.434272 ], [ -111.930333, 40.434075 ], [ -111.930784, 40.433759 ], [ -111.931153, 40.433611 ], [ -111.931353, 40.433502 ], [ -111.931743, 40.433214 ], [ -111.931835, 40.433159 ], [ -111.932074, 40.433015 ], [ -111.932229, 40.432927 ], [ -111.932849, 40.43258 ], [ -111.932972, 40.432516 ], [ -111.933087, 40.432475 ], [ -111.933272, 40.43241 ], [ -111.933545, 40.432182 ], [ -111.934025, 40.431908 ], [ -111.934509, 40.431607 ], [ -111.935141, 40.43125 ], [ -111.935369, 40.431126 ], [ -111.935564, 40.431011 ], [ -111.936146, 40.43063 ], [ -111.936262, 40.430599 ], [ -111.936884, 40.43035 ], [ -111.937015, 40.430276 ], [ -111.937345, 40.429962 ], [ -111.937673, 40.429784 ], [ -111.93792, 40.429656 ], [ -111.938144, 40.429568 ], [ -111.938337, 40.4295 ], [ -111.938516, 40.429417 ], [ -111.939024, 40.429048 ], [ -111.939576, 40.428805 ], [ -111.939896, 40.42855 ], [ -111.940253, 40.428331 ], [ -111.940522, 40.428148 ], [ -111.94091, 40.427894 ], [ -111.941429, 40.427624 ], [ -111.941964, 40.427336 ], [ -111.942468, 40.427051 ], [ -111.942819, 40.426904 ], [ -111.94306, 40.426803 ], [ -111.944218, 40.426135 ], [ -111.94449, 40.425963 ], [ -111.944604, 40.425894 ], [ -111.94506, 40.425629 ], [ -111.945117, 40.425599 ], [ -111.945317, 40.425411 ], [ -111.945694, 40.425052 ], [ -111.945776, 40.424993 ], [ -111.946015, 40.424815 ], [ -111.946454, 40.424594 ], [ -111.947024, 40.424469 ], [ -111.94791, 40.424272 ], [ -111.948228, 40.424214 ], [ -111.948458, 40.424174 ], [ -111.948815, 40.423995 ], [ -111.948981, 40.42394 ], [ -111.949181, 40.423875 ], [ -111.949308, 40.423833 ], [ -111.9496, 40.423642 ], [ -111.949786, 40.423487 ], [ -111.950108, 40.423349 ], [ -111.950541, 40.423331 ], [ -111.950649, 40.423327 ], [ -111.951034, 40.423324 ], [ -111.951203, 40.423322 ], [ -111.95128, 40.423317 ], [ -111.95134, 40.423311 ], [ -111.951533, 40.423317 ], [ -111.951971, 40.423316 ], [ -111.952182, 40.423328 ], [ -111.95237, 40.423283 ], [ -111.95261, 40.423213 ], [ -111.953027, 40.42301 ], [ -111.953202, 40.422865 ], [ -111.953319, 40.422767 ], [ -111.953475, 40.422491 ], [ -111.953608, 40.422274 ], [ -111.953816, 40.422034 ], [ -111.954023, 40.421817 ], [ -111.954386, 40.421552 ], [ -111.954685, 40.421433 ], [ -111.955049, 40.421354 ], [ -111.955366, 40.421338 ], [ -111.955584, 40.421336 ], [ -111.955754, 40.421351 ], [ -111.955865, 40.421361 ], [ -111.955914, 40.421371 ], [ -111.956332, 40.421433 ], [ -111.956648, 40.421636 ], [ -111.956832, 40.421776 ], [ -111.956904, 40.421831 ], [ -111.957047, 40.421939 ], [ -111.957224, 40.422014 ], [ -111.957284, 40.422005 ], [ -111.957347, 40.421992 ], [ -111.957708, 40.421763 ], [ -111.957915, 40.421414 ], [ -111.958007, 40.421263 ], [ -111.958083, 40.421138 ], [ -111.958214, 40.420893 ], [ -111.958293, 40.420693 ], [ -111.958348, 40.42041 ], [ -111.958349, 40.420363 ], [ -111.958357, 40.420153 ], [ -111.958393, 40.419984 ], [ -111.958418, 40.419863 ], [ -111.958491, 40.419612 ], [ -111.958682, 40.419287 ], [ -111.958983, 40.419064 ], [ -111.959299, 40.418886 ], [ -111.959514, 40.418704 ], [ -111.959794, 40.418526 ], [ -111.960041, 40.418393 ], [ -111.960323, 40.41837 ], [ -111.960404, 40.418363 ], [ -111.960769, 40.418396 ], [ -111.961069, 40.418475 ], [ -111.961395, 40.418553 ], [ -111.961627, 40.418685 ], [ -111.961818, 40.418832 ], [ -111.962019, 40.418952 ], [ -111.962504, 40.419035 ], [ -111.962854, 40.419055 ], [ -111.963235, 40.419042 ], [ -111.963587, 40.419021 ], [ -111.963761, 40.419011 ], [ -111.963832, 40.419022 ], [ -111.963906, 40.419033 ], [ -111.964219, 40.419079 ], [ -111.9644, 40.419131 ], [ -111.964507, 40.419181 ], [ -111.964919, 40.419359 ], [ -111.964947, 40.41937 ], [ -111.964981, 40.419384 ], [ -111.965157, 40.41948 ], [ -111.965667, 40.419697 ], [ -111.966022, 40.419797 ], [ -111.966123, 40.419819 ], [ -111.966483, 40.419889 ], [ -111.966873, 40.419872 ], [ -111.967043, 40.419866 ], [ -111.967409, 40.419828 ], [ -111.967661, 40.419786 ], [ -111.967794, 40.419762 ], [ -111.967903, 40.419748 ], [ -111.967959, 40.419732 ], [ -111.968332, 40.41959 ], [ -111.968761, 40.41936 ], [ -111.968979, 40.419183 ], [ -111.969208, 40.418998 ], [ -111.96927, 40.418948 ], [ -111.969336, 40.418868 ], [ -111.969418, 40.418771 ], [ -111.969482, 40.418722 ], [ -111.969617, 40.41862 ], [ -111.969769, 40.418542 ], [ -111.969838, 40.418508 ], [ -111.969938, 40.418475 ], [ -111.970066, 40.418434 ], [ -111.970421, 40.418374 ], [ -111.970602, 40.418344 ], [ -111.970952, 40.418303 ], [ -111.971586, 40.418085 ], [ -111.972155, 40.417864 ], [ -111.972256, 40.417815 ], [ -111.97254, 40.417667 ], [ -111.973004, 40.417476 ], [ -111.973015, 40.417471 ], [ -111.973271, 40.417386 ], [ -111.973515, 40.417305 ], [ -111.973661, 40.417257 ], [ -111.974326, 40.417161 ], [ -111.974479, 40.417151 ], [ -111.974825, 40.417125 ], [ -111.975632, 40.417101 ], [ -111.975984, 40.4171 ], [ -111.976157, 40.417101 ], [ -111.976268, 40.417121 ], [ -111.976581, 40.417178 ], [ -111.977024, 40.417242 ], [ -111.977585, 40.41726 ], [ -111.977874, 40.417257 ], [ -111.977994, 40.417247 ], [ -111.978164, 40.417231 ], [ -111.978392, 40.417153 ], [ -111.978614, 40.4171 ], [ -111.978658, 40.417091 ], [ -111.978717, 40.416955 ], [ -111.978759, 40.416856 ], [ -111.97879, 40.416635 ], [ -111.97883, 40.416342 ], [ -111.978864, 40.416228 ], [ -111.978859, 40.416156 ], [ -111.978896, 40.416123 ], [ -111.979204, 40.415841 ], [ -111.979568, 40.415747 ], [ -111.979797, 40.415682 ], [ -111.98016, 40.415535 ], [ -111.980448, 40.415429 ], [ -111.980793, 40.41526 ], [ -111.981033, 40.415095 ], [ -111.981119, 40.41501 ], [ -111.981188, 40.41494 ], [ -111.981352, 40.414742 ], [ -111.981544, 40.414541 ], [ -111.981678, 40.414395 ], [ -111.981795, 40.414289 ], [ -111.981962, 40.414169 ], [ -111.982136, 40.414217 ], [ -111.982376, 40.414474 ], [ -111.982469, 40.414599 ], [ -111.982518, 40.414661 ], [ -111.98257, 40.414729 ], [ -111.98271, 40.414934 ], [ -111.982724, 40.414956 ], [ -111.982754, 40.415001 ], [ -111.982767, 40.415017 ], [ -111.982811, 40.415082 ], [ -111.982987, 40.41546 ], [ -111.983186, 40.415769 ], [ -111.983524, 40.416071 ], [ -111.983863, 40.416287 ], [ -111.984114, 40.416438 ], [ -111.984152, 40.416572 ], [ -111.984164, 40.416644 ], [ -111.984184, 40.416738 ], [ -111.984321, 40.417009 ], [ -111.984462, 40.417218 ], [ -111.984627, 40.417312 ], [ -111.984682, 40.417351 ], [ -111.984811, 40.417456 ], [ -111.985057, 40.417645 ], [ -111.985405, 40.41798 ], [ -111.985729, 40.418185 ], [ -111.986205, 40.41837 ], [ -111.986448, 40.418396 ], [ -111.98664, 40.418417 ], [ -111.987008, 40.418468 ], [ -111.987611, 40.41852 ], [ -111.988055, 40.418595 ], [ -111.988153, 40.418611 ], [ -111.988766, 40.418638 ], [ -111.988803, 40.418647 ], [ -111.989115, 40.418715 ], [ -111.989505, 40.418793 ], [ -111.989524, 40.418801 ], [ -111.989666, 40.418859 ], [ -111.99014, 40.419039 ], [ -111.990679, 40.419269 ], [ -111.991131, 40.419557 ], [ -111.991313, 40.419776 ], [ -111.99146, 40.419874 ], [ -111.991804, 40.419981 ], [ -111.992129, 40.420032 ], [ -111.992247, 40.420045 ], [ -111.992364, 40.42017 ], [ -111.992453, 40.420363 ], [ -111.992456, 40.420418 ], [ -111.992476, 40.421072 ], [ -111.992466, 40.421337 ], [ -111.992464, 40.421424 ], [ -111.992471, 40.421482 ], [ -111.992504, 40.421729 ], [ -111.99254, 40.422225 ], [ -111.992544, 40.422388 ], [ -111.992515, 40.422914 ], [ -111.992503, 40.423224 ], [ -111.992509, 40.423327 ], [ -111.99251, 40.423338 ], [ -111.99253, 40.423491 ], [ -111.992537, 40.423654 ], [ -111.99254, 40.423838 ], [ -111.992573, 40.424018 ], [ -111.992634, 40.424137 ], [ -111.992646, 40.424152 ], [ -111.992668, 40.424197 ], [ -111.992731, 40.424266 ], [ -111.992776, 40.424318 ], [ -111.992909, 40.424372 ], [ -111.993095, 40.424442 ], [ -111.993252, 40.424463 ], [ -111.993311, 40.424479 ], [ -111.993539, 40.424508 ], [ -111.993715, 40.424526 ], [ -111.993921, 40.424548 ], [ -111.994554, 40.424575 ], [ -111.994934, 40.424595 ], [ -111.995137, 40.424607 ], [ -111.995295, 40.424589 ], [ -111.995323, 40.424598 ], [ -111.995348, 40.424599 ], [ -111.995403, 40.424599 ], [ -111.995555, 40.424578 ], [ -111.995708, 40.424556 ], [ -111.996133, 40.424432 ], [ -111.996347, 40.424374 ], [ -111.996573, 40.424314 ], [ -111.996913, 40.424197 ], [ -111.997007, 40.424169 ], [ -111.997178, 40.424119 ], [ -111.997395, 40.42415 ], [ -111.997457, 40.424164 ], [ -111.997625, 40.424227 ], [ -111.997712, 40.424266 ], [ -111.997782, 40.424298 ], [ -111.997987, 40.424391 ], [ -111.998165, 40.424391 ], [ -111.998258, 40.424367 ], [ -111.998367, 40.42434 ], [ -111.998577, 40.424287 ], [ -111.998813, 40.42424 ], [ -111.998935, 40.42418 ], [ -111.999093, 40.42413 ], [ -111.999245, 40.424129 ], [ -111.999404, 40.424176 ], [ -111.999552, 40.424256 ], [ -111.99969, 40.424365 ], [ -111.999773, 40.424429 ], [ -111.999878, 40.424567 ], [ -112.000053, 40.424701 ], [ -112.00018, 40.424821 ], [ -112.000341, 40.42496 ], [ -112.000425, 40.42505 ], [ -112.000449, 40.425076 ], [ -112.000554, 40.42518 ], [ -112.000588, 40.425208 ], [ -112.00068, 40.425268 ], [ -112.000773, 40.425379 ], [ -112.000861, 40.425438 ], [ -112.000884, 40.42547 ], [ -112.00097, 40.425581 ], [ -112.001101, 40.42575 ], [ -112.001233, 40.425898 ], [ -112.001273, 40.426011 ], [ -112.001437, 40.426225 ], [ -112.001552, 40.426346 ], [ -112.001581, 40.426388 ], [ -112.001746, 40.426623 ], [ -112.001932, 40.426745 ], [ -112.001952, 40.426755 ], [ -112.002362, 40.42692 ], [ -112.002688, 40.427026 ], [ -112.003027, 40.427069 ], [ -112.003332, 40.427048 ], [ -112.003573, 40.427069 ], [ -112.003639, 40.42706 ], [ -112.003697, 40.427055 ], [ -112.003879, 40.427034 ], [ -112.003951, 40.427025 ], [ -112.0041, 40.426991 ], [ -112.004336, 40.426936 ], [ -112.004589, 40.426877 ], [ -112.004796, 40.426823 ], [ -112.005, 40.426734 ], [ -112.005642, 40.426483 ], [ -112.005968, 40.426434 ], [ -112.006146, 40.426431 ], [ -112.006356, 40.426491 ], [ -112.006482, 40.426536 ], [ -112.006608, 40.42671 ], [ -112.006608, 40.426916 ], [ -112.006612, 40.427168 ], [ -112.006557, 40.42743 ], [ -112.006542, 40.427628 ], [ -112.006527, 40.427804 ], [ -112.006536, 40.427988 ], [ -112.006575, 40.428254 ], [ -112.006654, 40.428528 ], [ -112.00666, 40.428552 ], [ -112.006673, 40.42864 ], [ -112.00673, 40.428856 ], [ -112.006845, 40.429055 ], [ -112.007015, 40.429285 ], [ -112.00731, 40.429494 ], [ -112.00753, 40.429605 ], [ -112.007744, 40.429725 ], [ -112.007843, 40.429843 ], [ -112.007871, 40.429877 ], [ -112.007951, 40.430078 ], [ -112.007985, 40.430299 ], [ -112.008046, 40.43051 ], [ -112.008137, 40.430667 ], [ -112.008321, 40.430894 ], [ -112.008334, 40.430908 ], [ -112.008393, 40.430941 ], [ -112.008484, 40.431025 ], [ -112.008642, 40.431221 ], [ -112.008727, 40.431356 ], [ -112.008744, 40.431383 ], [ -112.008814, 40.431445 ], [ -112.008852, 40.431782 ], [ -112.008915, 40.432019 ], [ -112.008981, 40.432202 ], [ -112.00904, 40.432412 ], [ -112.009083, 40.432567 ], [ -112.009011, 40.432761 ], [ -112.008931, 40.432977 ], [ -112.008915, 40.432989 ], [ -112.008867, 40.433028 ], [ -112.008852, 40.433041 ], [ -112.008672, 40.433186 ], [ -112.008447, 40.433273 ], [ -112.008237, 40.433379 ], [ -112.00806, 40.433437 ], [ -112.007858, 40.433483 ], [ -112.007614, 40.43353 ], [ -112.007435, 40.433552 ], [ -112.007279, 40.433572 ], [ -112.007103, 40.433601 ], [ -112.006915, 40.433652 ], [ -112.006885, 40.433673 ], [ -112.00681, 40.433758 ], [ -112.006761, 40.43383 ], [ -112.006727, 40.433883 ], [ -112.006601, 40.434189 ], [ -112.006612, 40.434378 ], [ -112.006618, 40.434493 ], [ -112.006637, 40.434795 ], [ -112.006622, 40.434839 ], [ -112.006588, 40.43495 ], [ -112.006563, 40.43503 ], [ -112.006624, 40.435215 ], [ -112.006795, 40.435265 ], [ -112.006807, 40.435267 ], [ -112.006984, 40.435305 ], [ -112.007096, 40.43534 ], [ -112.00736, 40.435369 ], [ -112.007523, 40.435438 ], [ -112.007782, 40.435482 ], [ -112.008042, 40.435564 ], [ -112.008222, 40.435667 ], [ -112.008387, 40.43569 ], [ -112.008439, 40.435697 ], [ -112.008611, 40.435744 ], [ -112.008772, 40.435784 ], [ -112.00898, 40.435792 ], [ -112.009179, 40.435795 ], [ -112.009269, 40.435798 ], [ -112.009457, 40.435792 ], [ -112.009711, 40.435888 ], [ -112.009817, 40.435959 ], [ -112.009944, 40.436073 ], [ -112.010099, 40.436212 ], [ -112.010268, 40.43643 ], [ -112.010443, 40.436678 ], [ -112.01047, 40.436813 ], [ -112.010495, 40.436912 ], [ -112.010531, 40.43705 ], [ -112.010572, 40.437095 ], [ -112.010592, 40.437128 ], [ -112.010634, 40.4372 ], [ -112.010704, 40.437226 ], [ -112.010752, 40.43722 ], [ -112.010864, 40.437204 ], [ -112.011005, 40.43713 ], [ -112.011157, 40.43706 ], [ -112.01128, 40.43701 ], [ -112.011513, 40.43692 ], [ -112.011554, 40.436907 ], [ -112.011688, 40.436864 ], [ -112.012097, 40.436773 ], [ -112.012301, 40.436735 ], [ -112.012472, 40.436717 ], [ -112.012728, 40.436682 ], [ -112.012866, 40.436664 ], [ -112.012963, 40.436621 ], [ -112.013114, 40.436553 ], [ -112.013177, 40.436503 ], [ -112.013352, 40.436398 ], [ -112.013531, 40.436275 ], [ -112.013697, 40.43611 ], [ -112.013876, 40.435897 ], [ -112.014002, 40.435703 ], [ -112.014188, 40.435523 ], [ -112.014263, 40.435444 ], [ -112.014433, 40.435334 ], [ -112.014514, 40.435284 ], [ -112.014883, 40.43519 ], [ -112.015164, 40.435135 ], [ -112.015518, 40.435158 ], [ -112.015779, 40.435137 ], [ -112.015879, 40.435124 ], [ -112.015997, 40.43509 ], [ -112.016148, 40.435019 ], [ -112.016208, 40.434985 ], [ -112.016353, 40.435011 ], [ -112.016486, 40.435086 ], [ -112.016691, 40.435195 ], [ -112.016864, 40.435365 ], [ -112.017109, 40.435508 ], [ -112.017237, 40.435663 ], [ -112.017385, 40.435855 ], [ -112.017413, 40.435928 ], [ -112.017479, 40.435965 ], [ -112.017559, 40.436008 ], [ -112.01776, 40.43607 ], [ -112.017914, 40.436095 ], [ -112.018092, 40.436144 ], [ -112.018318, 40.436249 ], [ -112.018543, 40.436355 ], [ -112.018674, 40.436487 ], [ -112.018751, 40.436564 ], [ -112.018931, 40.436715 ], [ -112.019075, 40.43685 ], [ -112.019213, 40.436987 ], [ -112.019308, 40.437116 ], [ -112.01937, 40.4372 ], [ -112.01946, 40.43731 ], [ -112.01956, 40.437382 ], [ -112.019668, 40.437507 ], [ -112.019879, 40.437668 ], [ -112.020036, 40.437767 ], [ -112.020216, 40.437897 ], [ -112.020406, 40.438019 ], [ -112.020503, 40.438121 ], [ -112.020664, 40.438232 ], [ -112.020885, 40.438401 ], [ -112.02101, 40.438495 ], [ -112.021028, 40.438507 ], [ -112.021134, 40.438606 ], [ -112.021339, 40.438793 ], [ -112.021532, 40.439031 ], [ -112.021623, 40.439165 ], [ -112.021637, 40.439291 ], [ -112.021634, 40.439426 ], [ -112.021595, 40.439593 ], [ -112.021574, 40.439783 ], [ -112.021559, 40.439968 ], [ -112.021575, 40.440215 ], [ -112.021629, 40.440381 ], [ -112.021691, 40.440574 ], [ -112.021776, 40.440736 ], [ -112.021894, 40.440888 ], [ -112.021914, 40.440914 ], [ -112.022071, 40.441161 ], [ -112.022199, 40.441363 ], [ -112.022345, 40.441497 ], [ -112.022423, 40.44155 ], [ -112.022549, 40.441634 ], [ -112.022716, 40.441772 ], [ -112.022949, 40.441978 ], [ -112.023081, 40.442097 ], [ -112.023127, 40.442134 ], [ -112.023307, 40.442272 ], [ -112.023463, 40.442428 ], [ -112.023553, 40.442526 ], [ -112.023772, 40.442655 ], [ -112.023874, 40.442705 ], [ -112.024046, 40.442789 ], [ -112.024195, 40.44289 ], [ -112.024415, 40.442997 ], [ -112.024565, 40.443162 ], [ -112.024627, 40.443305 ], [ -112.024666, 40.443472 ], [ -112.024721, 40.443674 ], [ -112.024749, 40.443858 ], [ -112.024775, 40.444043 ], [ -112.024775, 40.444096 ], [ -112.024772, 40.444231 ], [ -112.024798, 40.444394 ], [ -112.024734, 40.444609 ], [ -112.024687, 40.444759 ], [ -112.024676, 40.444859 ], [ -112.02466, 40.44491 ], [ -112.024638, 40.444999 ], [ -112.024534, 40.445092 ], [ -112.024324, 40.445207 ], [ -112.023957, 40.445275 ], [ -112.023858, 40.445306 ], [ -112.023633, 40.445362 ], [ -112.023517, 40.445373 ], [ -112.023363, 40.445395 ], [ -112.023234, 40.445434 ], [ -112.023099, 40.44548 ], [ -112.022937, 40.445531 ], [ -112.022747, 40.445621 ], [ -112.02257, 40.445722 ], [ -112.022188, 40.445938 ], [ -112.021495, 40.446418 ], [ -112.021469, 40.446455 ], [ -112.021443, 40.446477 ], [ -112.021214, 40.446662 ], [ -112.021072, 40.4468 ], [ -112.021023, 40.446848 ], [ -112.020894, 40.446962 ], [ -112.020784, 40.447048 ], [ -112.020753, 40.447061 ], [ -112.0206, 40.447116 ], [ -112.020405, 40.447173 ], [ -112.02036, 40.447201 ], [ -112.020355, 40.447216 ], [ -112.020338, 40.447271 ], [ -112.0204, 40.447315 ], [ -112.020572, 40.447378 ], [ -112.020626, 40.447404 ], [ -112.020679, 40.44743 ], [ -112.020954, 40.447453 ], [ -112.021078, 40.447487 ], [ -112.021223, 40.447526 ], [ -112.021466, 40.447574 ], [ -112.021706, 40.44765 ], [ -112.021809, 40.44769 ], [ -112.021923, 40.44777 ], [ -112.022249, 40.447922 ], [ -112.022339, 40.447997 ], [ -112.022523, 40.448138 ], [ -112.022768, 40.448322 ], [ -112.022896, 40.448492 ], [ -112.022911, 40.448516 ], [ -112.022989, 40.448605 ], [ -112.02301, 40.448621 ], [ -112.023218, 40.448808 ], [ -112.023464, 40.449081 ], [ -112.023604, 40.449216 ], [ -112.023639, 40.449248 ], [ -112.023652, 40.449264 ], [ -112.023789, 40.44944 ], [ -112.024015, 40.449666 ], [ -112.024083, 40.449792 ], [ -112.024144, 40.44994 ], [ -112.024245, 40.450065 ], [ -112.024401, 40.450208 ], [ -112.0245, 40.450286 ], [ -112.024644, 40.450399 ], [ -112.024977, 40.45048 ], [ -112.025396, 40.450524 ], [ -112.025668, 40.450508 ], [ -112.025709, 40.450505 ], [ -112.026162, 40.450438 ], [ -112.026457, 40.450363 ], [ -112.02671, 40.450297 ], [ -112.027156, 40.450203 ], [ -112.027491, 40.450115 ], [ -112.027743, 40.450099 ], [ -112.028009, 40.450097 ], [ -112.028075, 40.45009 ], [ -112.028398, 40.450071 ], [ -112.028596, 40.450082 ], [ -112.028857, 40.450071 ], [ -112.0293, 40.450108 ], [ -112.029394, 40.450132 ], [ -112.030156, 40.450324 ], [ -112.030683, 40.450379 ], [ -112.031161, 40.45042 ], [ -112.031475, 40.450547 ], [ -112.031508, 40.450601 ], [ -112.031566, 40.450742 ], [ -112.031578, 40.450914 ], [ -112.031556, 40.450977 ], [ -112.031541, 40.451013 ], [ -112.031522, 40.451145 ], [ -112.031455, 40.451281 ], [ -112.031339, 40.451598 ], [ -112.031169, 40.451896 ], [ -112.031045, 40.452293 ], [ -112.030944, 40.452545 ], [ -112.030789, 40.452823 ], [ -112.030624, 40.453261 ], [ -112.030506, 40.453599 ], [ -112.030415, 40.453891 ], [ -112.030418, 40.453909 ], [ -112.030431, 40.453979 ], [ -112.03044, 40.454032 ], [ -112.030448, 40.454074 ], [ -112.030532, 40.454263 ], [ -112.030568, 40.454359 ], [ -112.030746, 40.454748 ], [ -112.030854, 40.45497 ], [ -112.030898, 40.455041 ], [ -112.030954, 40.455131 ], [ -112.031121, 40.455402 ], [ -112.031409, 40.455956 ], [ -112.03152, 40.456171 ], [ -112.031528, 40.456185 ], [ -112.0319, 40.456565 ], [ -112.032026, 40.456694 ], [ -112.032132, 40.456802 ], [ -112.032149, 40.456819 ], [ -112.032329, 40.457016 ], [ -112.032527, 40.457248 ], [ -112.032705, 40.457588 ], [ -112.032796, 40.457858 ], [ -112.032808, 40.458078 ], [ -112.03288, 40.458254 ], [ -112.032839, 40.458578 ], [ -112.032684, 40.458788 ], [ -112.032604, 40.458959 ], [ -112.032588, 40.459143 ], [ -112.032658, 40.459444 ], [ -112.032627, 40.459719 ], [ -112.032553, 40.460017 ], [ -112.032546, 40.460074 ], [ -112.032543, 40.460127 ], [ -112.032525, 40.460419 ], [ -112.032535, 40.460491 ], [ -112.032571, 40.460714 ], [ -112.032595, 40.460819 ], [ -112.032634, 40.460993 ], [ -112.032869, 40.461293 ], [ -112.033081, 40.461665 ], [ -112.033171, 40.462141 ], [ -112.033145, 40.462412 ], [ -112.033145, 40.462466 ], [ -112.033148, 40.462552 ], [ -112.033231, 40.462709 ], [ -112.033406, 40.462815 ], [ -112.033818, 40.462874 ], [ -112.034028, 40.462929 ], [ -112.03431, 40.463001 ], [ -112.034686, 40.463162 ], [ -112.034798, 40.46321 ], [ -112.035113, 40.463428 ], [ -112.03542, 40.46385 ], [ -112.035463, 40.463908 ], [ -112.035553, 40.464039 ], [ -112.035595, 40.464093 ], [ -112.035762, 40.464212 ], [ -112.036022, 40.464269 ], [ -112.036524, 40.464334 ], [ -112.037198, 40.464374 ], [ -112.037613, 40.464425 ], [ -112.037961, 40.464568 ], [ -112.038032, 40.464585 ], [ -112.03817, 40.464623 ], [ -112.038217, 40.464605 ], [ -112.038362, 40.464545 ], [ -112.038664, 40.464362 ], [ -112.038678, 40.464353 ], [ -112.038794, 40.464253 ], [ -112.03908, 40.463989 ], [ -112.03931, 40.463758 ], [ -112.039398, 40.463671 ], [ -112.039775, 40.463217 ], [ -112.039996, 40.462987 ], [ -112.040158, 40.462818 ], [ -112.040441, 40.462457 ], [ -112.040539, 40.462329 ], [ -112.040856, 40.46182 ], [ -112.04114, 40.46148 ], [ -112.041433, 40.461009 ], [ -112.041635, 40.460696 ], [ -112.041913, 40.460392 ], [ -112.042339, 40.460059 ], [ -112.042895, 40.459824 ], [ -112.043453, 40.459653 ], [ -112.043562, 40.45961 ], [ -112.043768, 40.459528 ], [ -112.044095, 40.459391 ], [ -112.044589, 40.459168 ], [ -112.045084, 40.458964 ], [ -112.045136, 40.458917 ], [ -112.045242, 40.458837 ], [ -112.045362, 40.458746 ], [ -112.045475, 40.458506 ], [ -112.045523, 40.458172 ], [ -112.045556, 40.457977 ], [ -112.045588, 40.457713 ], [ -112.04577, 40.457437 ], [ -112.046213, 40.457118 ], [ -112.046365, 40.457031 ], [ -112.046498, 40.456933 ], [ -112.046668, 40.456808 ], [ -112.047086, 40.456637 ], [ -112.047661, 40.456497 ], [ -112.048394, 40.456278 ], [ -112.049329, 40.456036 ], [ -112.049833, 40.455927 ], [ -112.050408, 40.455806 ], [ -112.0506, 40.455767 ], [ -112.051157, 40.455654 ], [ -112.051965, 40.455464 ], [ -112.052207, 40.455398 ], [ -112.052619, 40.455281 ], [ -112.053201, 40.455158 ], [ -112.053818, 40.455022 ], [ -112.054242, 40.454923 ], [ -112.054644, 40.45479 ], [ -112.055049, 40.454551 ], [ -112.055447, 40.454408 ], [ -112.055923, 40.454268 ], [ -112.057069, 40.45406 ], [ -112.057392, 40.45395 ], [ -112.057463, 40.453926 ], [ -112.057491, 40.453912 ], [ -112.05771, 40.45381 ], [ -112.057882, 40.453629 ], [ -112.058027, 40.453523 ], [ -112.058336, 40.453346 ], [ -112.058622, 40.453186 ], [ -112.058881, 40.453075 ], [ -112.059141, 40.453005 ], [ -112.059379, 40.452994 ], [ -112.059471, 40.452942 ], [ -112.059527, 40.452819 ], [ -112.059594, 40.452584 ], [ -112.059635, 40.452433 ], [ -112.059672, 40.452297 ], [ -112.059729, 40.452061 ], [ -112.059832, 40.451773 ], [ -112.05997, 40.451528 ], [ -112.059987, 40.451502 ], [ -112.060075, 40.451377 ], [ -112.060228, 40.451206 ], [ -112.060471, 40.450924 ], [ -112.060666, 40.450691 ], [ -112.060701, 40.450652 ], [ -112.061038, 40.450384 ], [ -112.061307, 40.450232 ], [ -112.061605, 40.450063 ], [ -112.061832, 40.449982 ], [ -112.062058, 40.449902 ], [ -112.062367, 40.449833 ], [ -112.062716, 40.449747 ], [ -112.062827, 40.449721 ], [ -112.062883, 40.449708 ], [ -112.063047, 40.449669 ], [ -112.063499, 40.449568 ], [ -112.063867, 40.449443 ], [ -112.064148, 40.449328 ], [ -112.064558, 40.449162 ], [ -112.06481, 40.449039 ], [ -112.064896, 40.448997 ], [ -112.065173, 40.448804 ], [ -112.065201, 40.448769 ], [ -112.065381, 40.448546 ], [ -112.065571, 40.448246 ], [ -112.065706, 40.447988 ], [ -112.065669, 40.447771 ], [ -112.065701, 40.447664 ], [ -112.065712, 40.447646 ], [ -112.065744, 40.447621 ], [ -112.065848, 40.447537 ], [ -112.066039, 40.447309 ], [ -112.06626, 40.447077 ], [ -112.066322, 40.446901 ], [ -112.066437, 40.446702 ], [ -112.066561, 40.446509 ], [ -112.066789, 40.44639 ], [ -112.067172, 40.446291 ], [ -112.067617, 40.446248 ], [ -112.067931, 40.446208 ], [ -112.067995, 40.446199 ], [ -112.0683, 40.4462 ], [ -112.068636, 40.446188 ], [ -112.068736, 40.446205 ], [ -112.068842, 40.446222 ], [ -112.068889, 40.446234 ], [ -112.068967, 40.446225 ], [ -112.069127, 40.446202 ], [ -112.069294, 40.446146 ], [ -112.069527, 40.446067 ], [ -112.069838, 40.445974 ], [ -112.070118, 40.445878 ], [ -112.070399, 40.445769 ], [ -112.070453, 40.445748 ], [ -112.070643, 40.445709 ], [ -112.070712, 40.445696 ], [ -112.070943, 40.445687 ], [ -112.071134, 40.445807 ], [ -112.071261, 40.445932 ], [ -112.071384, 40.446142 ], [ -112.071499, 40.446326 ], [ -112.071774, 40.446612 ], [ -112.071803, 40.446643 ], [ -112.071864, 40.44676 ], [ -112.0721, 40.446837 ], [ -112.072198, 40.446862 ], [ -112.072597, 40.446991 ], [ -112.072712, 40.447027 ], [ -112.073095, 40.447025 ], [ -112.073432, 40.447067 ], [ -112.073719, 40.447042 ], [ -112.074021, 40.446985 ], [ -112.074368, 40.446927 ], [ -112.074822, 40.446887 ], [ -112.074876, 40.446888 ], [ -112.074948, 40.446903 ], [ -112.07531, 40.447009 ], [ -112.0756, 40.447069 ], [ -112.075861, 40.447134 ], [ -112.075909, 40.447137 ], [ -112.07634, 40.447157 ], [ -112.076468, 40.447151 ], [ -112.076604, 40.447151 ], [ -112.076666, 40.447127 ], [ -112.076725, 40.447106 ], [ -112.076912, 40.447034 ], [ -112.077177, 40.446928 ], [ -112.077479, 40.446712 ], [ -112.07752, 40.446695 ], [ -112.077564, 40.446678 ], [ -112.077605, 40.446677 ], [ -112.077807, 40.446715 ], [ -112.077842, 40.446719 ], [ -112.077989, 40.44674 ], [ -112.078145, 40.446738 ], [ -112.078347, 40.446736 ], [ -112.078447, 40.446708 ], [ -112.078644, 40.446653 ], [ -112.078709, 40.446635 ], [ -112.078786, 40.446615 ], [ -112.07902, 40.446632 ], [ -112.07908, 40.446653 ], [ -112.079244, 40.44671 ], [ -112.079606, 40.446766 ], [ -112.079889, 40.446858 ], [ -112.079939, 40.446868 ], [ -112.08038, 40.44697 ], [ -112.080752, 40.447302 ], [ -112.080783, 40.447336 ], [ -112.08095, 40.447517 ], [ -112.081025, 40.447705 ], [ -112.081047, 40.447746 ], [ -112.081097, 40.447871 ], [ -112.08113, 40.448013 ], [ -112.081215, 40.448127 ], [ -112.081268, 40.448183 ], [ -112.08128, 40.448194 ], [ -112.081427, 40.448248 ], [ -112.081532, 40.448212 ], [ -112.081647, 40.448179 ], [ -112.08194, 40.448068 ], [ -112.082202, 40.447931 ], [ -112.082441, 40.447849 ], [ -112.082808, 40.447763 ], [ -112.083107, 40.447659 ], [ -112.083211, 40.447623 ], [ -112.083724, 40.447581 ], [ -112.084, 40.447558 ], [ -112.084619, 40.447579 ], [ -112.085042, 40.447598 ], [ -112.085369, 40.447667 ], [ -112.085797, 40.447783 ], [ -112.086245, 40.447919 ], [ -112.08682, 40.448162 ], [ -112.08751, 40.448368 ], [ -112.087599, 40.44837 ], [ -112.087713, 40.448386 ], [ -112.087791, 40.448395 ], [ -112.087901, 40.44835 ], [ -112.088058, 40.448205 ], [ -112.088186, 40.448082 ], [ -112.088288, 40.447994 ], [ -112.08854, 40.447885 ], [ -112.088666, 40.447836 ], [ -112.089277, 40.447763 ], [ -112.089534, 40.447732 ], [ -112.089957, 40.447781 ], [ -112.090218, 40.447815 ], [ -112.090501, 40.447839 ], [ -112.090598, 40.447854 ], [ -112.090779, 40.447882 ], [ -112.091027, 40.447897 ], [ -112.09138, 40.447859 ], [ -112.091581, 40.447816 ], [ -112.091756, 40.447775 ], [ -112.09198, 40.447717 ], [ -112.092298, 40.447679 ], [ -112.092554, 40.447733 ], [ -112.092605, 40.447743 ], [ -112.092777, 40.447752 ], [ -112.092829, 40.447754 ], [ -112.093071, 40.447797 ], [ -112.093295, 40.447845 ], [ -112.093417, 40.447856 ], [ -112.093511, 40.447837 ], [ -112.093551, 40.44783 ], [ -112.093707, 40.447757 ], [ -112.094045, 40.447617 ], [ -112.094105, 40.447575 ], [ -112.094257, 40.447483 ], [ -112.094619, 40.447328 ], [ -112.094928, 40.44723 ], [ -112.095038, 40.447175 ], [ -112.095404, 40.447067 ], [ -112.095467, 40.447048 ], [ -112.095798, 40.447022 ], [ -112.095841, 40.447024 ], [ -112.095912, 40.447035 ], [ -112.095988, 40.447046 ], [ -112.096114, 40.447039 ], [ -112.096219, 40.447033 ], [ -112.096473, 40.44703 ], [ -112.096661, 40.447028 ], [ -112.096785, 40.447033 ], [ -112.096845, 40.447036 ], [ -112.097038, 40.447007 ], [ -112.097409, 40.446882 ], [ -112.097549, 40.446848 ], [ -112.097671, 40.4468 ], [ -112.097995, 40.44663 ], [ -112.098152, 40.446586 ], [ -112.098407, 40.446543 ], [ -112.098558, 40.446515 ], [ -112.098896, 40.446413 ], [ -112.099141, 40.446311 ], [ -112.099368, 40.446201 ], [ -112.099711, 40.446017 ], [ -112.099976, 40.445911 ], [ -112.100162, 40.445857 ], [ -112.100346, 40.445804 ], [ -112.100673, 40.445715 ], [ -112.1009, 40.445643 ], [ -112.101169, 40.445545 ], [ -112.101402, 40.445415 ], [ -112.101506, 40.445333 ], [ -112.101629, 40.445225 ], [ -112.101747, 40.445124 ], [ -112.101867, 40.444983 ], [ -112.101901, 40.444942 ], [ -112.101988, 40.444837 ], [ -112.10208, 40.444736 ], [ -112.10215, 40.44466 ], [ -112.102359, 40.444391 ], [ -112.10256, 40.444147 ], [ -112.102815, 40.443947 ], [ -112.103033, 40.443864 ], [ -112.103319, 40.44365 ], [ -112.103569, 40.443454 ], [ -112.103903, 40.443104 ], [ -112.104103, 40.442939 ], [ -112.104326, 40.442749 ], [ -112.104581, 40.442591 ], [ -112.10506, 40.44248 ], [ -112.105273, 40.442455 ], [ -112.105373, 40.442436 ], [ -112.105669, 40.442391 ], [ -112.105908, 40.442321 ], [ -112.106375, 40.442166 ], [ -112.106701, 40.441979 ], [ -112.107027, 40.441783 ], [ -112.107111, 40.441731 ], [ -112.107392, 40.441575 ], [ -112.107672, 40.441423 ], [ -112.108024, 40.44128 ], [ -112.10855, 40.441055 ], [ -112.108936, 40.440916 ], [ -112.108987, 40.440906 ], [ -112.109323, 40.440801 ], [ -112.109385, 40.440768 ], [ -112.109605, 40.44065 ], [ -112.11003, 40.44041 ], [ -112.11025, 40.440201 ], [ -112.110701, 40.439863 ], [ -112.111022, 40.439594 ], [ -112.111429, 40.439288 ], [ -112.111691, 40.439084 ], [ -112.1119, 40.438951 ], [ -112.111988, 40.438916 ], [ -112.112036, 40.438916 ], [ -112.112093, 40.438918 ], [ -112.112261, 40.439072 ], [ -112.112445, 40.439249 ], [ -112.112655, 40.439459 ], [ -112.113001, 40.439715 ], [ -112.113385, 40.440196 ], [ -112.11352, 40.440343 ], [ -112.11366, 40.440567 ], [ -112.113952, 40.440817 ], [ -112.114166, 40.44099 ], [ -112.114424, 40.441289 ], [ -112.114508, 40.441554 ], [ -112.114531, 40.44187 ], [ -112.114555, 40.442249 ], [ -112.114559, 40.442574 ], [ -112.11457, 40.44272 ], [ -112.114578, 40.442912 ], [ -112.114581, 40.443035 ], [ -112.114619, 40.443292 ], [ -112.114575, 40.443978 ], [ -112.114568, 40.444085 ], [ -112.114451, 40.444411 ], [ -112.114401, 40.444569 ], [ -112.114327, 40.444759 ], [ -112.114299, 40.444831 ], [ -112.114239, 40.445107 ], [ -112.114234, 40.445262 ], [ -112.114236, 40.445449 ], [ -112.114148, 40.445738 ], [ -112.113952, 40.445971 ], [ -112.113895, 40.446079 ], [ -112.113803, 40.446247 ], [ -112.113625, 40.446537 ], [ -112.113584, 40.446717 ], [ -112.113516, 40.446953 ], [ -112.11346, 40.44724 ], [ -112.113417, 40.447461 ], [ -112.11354, 40.447915 ], [ -112.113697, 40.44814 ], [ -112.113815, 40.4483 ], [ -112.113927, 40.44851 ], [ -112.114023, 40.448685 ], [ -112.114106, 40.449021 ], [ -112.114087, 40.449229 ], [ -112.114022, 40.449514 ], [ -112.114251, 40.450016 ], [ -112.11439, 40.450212 ], [ -112.114557, 40.450347 ], [ -112.114638, 40.450473 ], [ -112.114685, 40.450544 ], [ -112.114781, 40.450696 ], [ -112.115299, 40.451041 ], [ -112.115503, 40.451153 ], [ -112.115573, 40.451191 ], [ -112.115602, 40.451207 ], [ -112.115982, 40.451303 ], [ -112.116282, 40.45131 ], [ -112.116406, 40.451313 ], [ -112.116517, 40.451354 ], [ -112.116698, 40.451424 ], [ -112.117024, 40.451608 ], [ -112.117181, 40.451763 ], [ -112.117464, 40.451957 ], [ -112.117605, 40.452034 ], [ -112.117722, 40.452101 ], [ -112.11792, 40.452234 ], [ -112.118186, 40.452362 ], [ -112.118824, 40.452526 ], [ -112.118927, 40.45255 ], [ -112.119311, 40.452689 ], [ -112.11934, 40.452713 ], [ -112.119557, 40.452893 ], [ -112.119825, 40.453017 ], [ -112.120072, 40.453154 ], [ -112.12023, 40.453242 ], [ -112.120623, 40.453521 ], [ -112.120636, 40.453536 ], [ -112.121285, 40.454236 ], [ -112.121521, 40.454608 ], [ -112.121939, 40.455245 ], [ -112.122062, 40.455503 ], [ -112.122256, 40.455898 ], [ -112.122318, 40.456033 ], [ -112.122425, 40.456154 ], [ -112.12245, 40.456175 ], [ -112.122584, 40.456323 ], [ -112.122939, 40.456767 ], [ -112.122983, 40.456818 ], [ -112.122994, 40.456835 ], [ -112.123033, 40.456873 ], [ -112.123352, 40.45728 ], [ -112.12341, 40.457503 ], [ -112.123597, 40.457827 ], [ -112.123643, 40.457942 ], [ -112.123691, 40.458065 ], [ -112.123834, 40.458221 ], [ -112.123923, 40.458337 ], [ -112.124252, 40.458555 ], [ -112.124606, 40.458643 ], [ -112.124872, 40.458739 ], [ -112.125069, 40.458818 ], [ -112.125414, 40.458896 ], [ -112.125648, 40.458962 ], [ -112.1257, 40.458993 ], [ -112.125763, 40.459032 ], [ -112.125804, 40.459127 ], [ -112.125823, 40.459171 ], [ -112.125844, 40.459217 ], [ -112.125943, 40.459264 ], [ -112.126084, 40.45931 ], [ -112.126102, 40.45932 ], [ -112.126521, 40.459618 ], [ -112.126802, 40.459867 ], [ -112.126971, 40.460001 ], [ -112.127173, 40.460283 ], [ -112.127244, 40.460378 ], [ -112.127412, 40.460548 ], [ -112.127741, 40.460881 ], [ -112.127938, 40.461037 ], [ -112.128258, 40.461183 ], [ -112.128277, 40.461195 ], [ -112.128453, 40.461303 ], [ -112.128757, 40.461403 ], [ -112.129075, 40.461528 ], [ -112.129181, 40.461587 ], [ -112.129257, 40.461637 ], [ -112.129534, 40.461795 ], [ -112.129722, 40.461907 ], [ -112.130012, 40.462264 ], [ -112.130214, 40.462411 ], [ -112.13057, 40.462606 ], [ -112.130855, 40.462811 ], [ -112.130914, 40.46294 ], [ -112.131075, 40.463127 ], [ -112.131288, 40.463508 ], [ -112.131303, 40.463542 ], [ -112.131465, 40.463848 ], [ -112.131594, 40.464158 ], [ -112.131606, 40.464187 ], [ -112.131649, 40.464293 ], [ -112.131721, 40.464373 ], [ -112.131821, 40.464441 ], [ -112.132112, 40.464489 ], [ -112.132335, 40.464517 ], [ -112.132545, 40.46455 ], [ -112.132828, 40.464617 ], [ -112.1331, 40.464682 ], [ -112.133438, 40.464866 ], [ -112.133756, 40.465106 ], [ -112.133996, 40.465324 ], [ -112.134142, 40.465579 ], [ -112.134268, 40.465745 ], [ -112.134541, 40.465969 ], [ -112.134646, 40.466106 ], [ -112.134925, 40.466224 ], [ -112.135012, 40.466261 ], [ -112.135542, 40.466424 ], [ -112.135585, 40.466436 ], [ -112.13568, 40.466463 ], [ -112.135697, 40.466468 ], [ -112.135813, 40.466499 ], [ -112.136176, 40.466597 ], [ -112.136388, 40.466618 ], [ -112.136678, 40.466678 ], [ -112.137009, 40.466791 ], [ -112.137189, 40.466936 ], [ -112.137718, 40.467216 ], [ -112.137767, 40.467253 ], [ -112.138084, 40.4675 ], [ -112.13846, 40.467758 ], [ -112.138575, 40.467923 ], [ -112.138679, 40.468134 ], [ -112.138706, 40.468326 ], [ -112.138724, 40.468381 ], [ -112.138795, 40.46847 ], [ -112.139042, 40.468526 ], [ -112.139164, 40.468554 ], [ -112.139644, 40.468619 ], [ -112.139663, 40.468622 ], [ -112.14013, 40.468631 ], [ -112.140329, 40.468642 ], [ -112.140429, 40.468623 ], [ -112.140667, 40.468529 ], [ -112.140841, 40.468488 ], [ -112.14093, 40.468471 ], [ -112.140989, 40.468491 ], [ -112.141091, 40.468538 ], [ -112.141124, 40.46859 ], [ -112.141227, 40.468766 ], [ -112.141353, 40.468999 ], [ -112.141439, 40.469164 ], [ -112.141529, 40.469272 ], [ -112.14179, 40.469419 ], [ -112.142047, 40.469578 ], [ -112.142357, 40.469773 ], [ -112.142585, 40.469987 ], [ -112.142783, 40.470165 ], [ -112.142955, 40.470281 ], [ -112.143098, 40.470382 ], [ -112.143217, 40.470437 ], [ -112.143306, 40.470434 ], [ -112.143389, 40.470433 ], [ -112.143512, 40.4704 ], [ -112.143678, 40.470352 ], [ -112.143884, 40.470328 ], [ -112.14412, 40.470285 ], [ -112.144436, 40.470272 ], [ -112.14485, 40.470389 ], [ -112.145216, 40.470404 ], [ -112.145602, 40.470426 ], [ -112.145624, 40.470427 ], [ -112.145791, 40.470447 ], [ -112.14592, 40.470456 ], [ -112.146037, 40.470422 ], [ -112.146067, 40.470414 ], [ -112.146296, 40.470308 ], [ -112.146736, 40.470092 ], [ -112.14705, 40.469895 ], [ -112.147203, 40.469808 ], [ -112.147343, 40.469754 ], [ -112.147484, 40.469696 ], [ -112.147612, 40.469624 ], [ -112.147917, 40.469571 ], [ -112.148222, 40.469559 ], [ -112.148523, 40.469583 ], [ -112.148718, 40.469604 ], [ -112.148756, 40.469594 ], [ -112.148851, 40.469566 ], [ -112.148962, 40.469479 ], [ -112.149067, 40.469343 ], [ -112.149111, 40.469262 ], [ -112.149213, 40.469157 ], [ -112.149314, 40.469084 ], [ -112.14953, 40.468915 ], [ -112.149681, 40.468792 ], [ -112.149776, 40.468686 ], [ -112.149817, 40.468658 ], [ -112.149913, 40.468571 ], [ -112.149949, 40.468544 ], [ -112.150112, 40.468392 ], [ -112.150143, 40.468354 ], [ -112.150321, 40.468241 ], [ -112.150407, 40.468166 ], [ -112.150575, 40.468049 ], [ -112.150781, 40.468034 ], [ -112.150968, 40.468027 ], [ -112.151322, 40.468123 ], [ -112.151519, 40.468175 ], [ -112.151833, 40.468239 ], [ -112.15208, 40.468291 ], [ -112.152229, 40.468298 ], [ -112.152429, 40.468333 ], [ -112.15263, 40.468389 ], [ -112.15275, 40.468463 ], [ -112.152917, 40.468499 ], [ -112.152971, 40.468495 ], [ -112.153071, 40.468488 ], [ -112.153135, 40.468484 ], [ -112.153272, 40.468455 ], [ -112.153489, 40.468399 ], [ -112.153642, 40.468357 ], [ -112.153923, 40.46821 ], [ -112.154104, 40.468127 ], [ -112.154151, 40.468099 ], [ -112.154348, 40.467985 ], [ -112.154653, 40.46781 ], [ -112.154673, 40.467797 ], [ -112.154856, 40.467673 ], [ -112.155115, 40.467527 ], [ -112.155312, 40.467421 ], [ -112.155452, 40.46736 ], [ -112.155662, 40.467309 ], [ -112.155835, 40.467267 ], [ -112.156016, 40.467229 ], [ -112.156135, 40.467151 ], [ -112.156167, 40.4671 ], [ -112.156166, 40.467071 ], [ -112.156158, 40.466992 ], [ -112.156113, 40.466912 ], [ -112.155983, 40.466813 ], [ -112.155804, 40.466644 ], [ -112.155713, 40.466469 ], [ -112.155677, 40.466357 ], [ -112.155618, 40.466169 ], [ -112.155661, 40.466002 ], [ -112.155765, 40.465846 ], [ -112.155809, 40.465752 ], [ -112.155888, 40.465504 ], [ -112.155957, 40.465343 ], [ -112.156083, 40.465063 ], [ -112.156177, 40.46486 ], [ -112.156219, 40.464637 ], [ -112.156232, 40.464568 ], [ -112.156243, 40.464501 ], [ -112.15627, 40.464339 ], [ -112.156397, 40.464126 ], [ -112.156418, 40.464104 ], [ -112.156625, 40.463885 ], [ -112.156743, 40.463808 ], [ -112.156957, 40.463679 ], [ -112.157175, 40.463569 ], [ -112.157379, 40.463394 ], [ -112.157533, 40.463244 ], [ -112.157694, 40.462995 ], [ -112.15788, 40.462796 ], [ -112.158139, 40.462578 ], [ -112.158347, 40.462382 ], [ -112.158362, 40.462371 ], [ -112.158434, 40.462331 ], [ -112.158669, 40.462174 ], [ -112.158831, 40.461984 ], [ -112.158993, 40.461826 ], [ -112.159192, 40.461669 ], [ -112.159412, 40.461479 ], [ -112.159618, 40.461339 ], [ -112.159882, 40.461117 ], [ -112.159967, 40.461041 ], [ -112.160056, 40.461009 ], [ -112.160166, 40.461065 ], [ -112.160308, 40.461096 ], [ -112.160497, 40.461139 ], [ -112.160735, 40.46124 ], [ -112.160996, 40.461315 ], [ -112.161327, 40.461401 ], [ -112.161629, 40.461479 ], [ -112.161941, 40.461722 ], [ -112.16222, 40.461851 ], [ -112.162434, 40.461922 ], [ -112.162665, 40.462 ], [ -112.162943, 40.462034 ], [ -112.163049, 40.462048 ], [ -112.163185, 40.462094 ], [ -112.163399, 40.462155 ], [ -112.16364, 40.462233 ], [ -112.163796, 40.462286 ], [ -112.164052, 40.462405 ], [ -112.164212, 40.462435 ], [ -112.164502, 40.46246 ], [ -112.16469, 40.46245 ], [ -112.16495, 40.462375 ], [ -112.165139, 40.462309 ], [ -112.165234, 40.462289 ], [ -112.165407, 40.462284 ], [ -112.165507, 40.462323 ], [ -112.16556, 40.462344 ], [ -112.165727, 40.462415 ], [ -112.165863, 40.462446 ], [ -112.166036, 40.46256 ], [ -112.166221, 40.462679 ], [ -112.166429, 40.462802 ], [ -112.166756, 40.46293 ], [ -112.170337, 40.464691 ], [ -112.171941, 40.465479 ], [ -112.172059, 40.465616 ], [ -112.172225, 40.465921 ], [ -112.172614, 40.46656 ], [ -112.172647, 40.466703 ], [ -112.172716, 40.466819 ], [ -112.172729, 40.466832 ], [ -112.172754, 40.466888 ], [ -112.172778, 40.466928 ], [ -112.172849, 40.467044 ], [ -112.172862, 40.467065 ], [ -112.172819, 40.467199 ], [ -112.17282, 40.467307 ], [ -112.172767, 40.467332 ], [ -112.172425, 40.467905 ], [ -112.172391, 40.468002 ], [ -112.172176, 40.468546 ], [ -112.171968, 40.469133 ], [ -112.171751, 40.469888 ], [ -112.171632, 40.470493 ], [ -112.171567, 40.471182 ], [ -112.171812, 40.472057 ], [ -112.171858, 40.47215 ], [ -112.171846, 40.472252 ], [ -112.171992, 40.472408 ], [ -112.172158, 40.472731 ], [ -112.172546, 40.473263 ], [ -112.172937, 40.473765 ], [ -112.173017, 40.473908 ], [ -112.173265, 40.474348 ], [ -112.173274, 40.47439 ], [ -112.173393, 40.474601 ], [ -112.173422, 40.474794 ], [ -112.173396, 40.474939 ], [ -112.173415, 40.475037 ], [ -112.173415, 40.475053 ], [ -112.173419, 40.475194 ], [ -112.17342, 40.475239 ], [ -112.173357, 40.475306 ], [ -112.173345, 40.475381 ], [ -112.173364, 40.475492 ], [ -112.173461, 40.475722 ], [ -112.173531, 40.475802 ], [ -112.173602, 40.475955 ], [ -112.173707, 40.476056 ], [ -112.173973, 40.476116 ], [ -112.174158, 40.476123 ], [ -112.174275, 40.476126 ], [ -112.174368, 40.476129 ], [ -112.174528, 40.476123 ], [ -112.174771, 40.476111 ], [ -112.17516, 40.47622 ], [ -112.175316, 40.47621 ], [ -112.175469, 40.476305 ], [ -112.17567, 40.476363 ], [ -112.176219, 40.476654 ], [ -112.176274, 40.476764 ], [ -112.176313, 40.476933 ], [ -112.176271, 40.477002 ], [ -112.176195, 40.47711 ], [ -112.176186, 40.477262 ], [ -112.17618, 40.477369 ], [ -112.176038, 40.477943 ], [ -112.176018, 40.4782 ], [ -112.175951, 40.478275 ], [ -112.175993, 40.478471 ], [ -112.175986, 40.47859 ], [ -112.17598, 40.47862 ], [ -112.176035, 40.478859 ], [ -112.176027, 40.47891 ], [ -112.17601, 40.479024 ], [ -112.176171, 40.479281 ], [ -112.176228, 40.479419 ], [ -112.176472, 40.479848 ], [ -112.17661, 40.480094 ], [ -112.176738, 40.480271 ], [ -112.177088, 40.480757 ], [ -112.177517, 40.48134 ], [ -112.177943, 40.481834 ], [ -112.177995, 40.481954 ], [ -112.178141, 40.482066 ], [ -112.178194, 40.482199 ], [ -112.178214, 40.482335 ], [ -112.178206, 40.482538 ], [ -112.178011, 40.483098 ], [ -112.177959, 40.483243 ], [ -112.177522, 40.484203 ], [ -112.177484, 40.484269 ], [ -112.177357, 40.484517 ], [ -112.177325, 40.484579 ], [ -112.177317, 40.484595 ], [ -112.177157, 40.484905 ], [ -112.177072, 40.485096 ], [ -112.177038, 40.485155 ], [ -112.177008, 40.485208 ], [ -112.176988, 40.485244 ], [ -112.176992, 40.485282 ], [ -112.177016, 40.485383 ], [ -112.177095, 40.485483 ], [ -112.177491, 40.485964 ], [ -112.177883, 40.486439 ], [ -112.178163, 40.48693 ], [ -112.1782, 40.486997 ], [ -112.17855, 40.487782 ], [ -112.178631, 40.487997 ], [ -112.178785, 40.488428 ], [ -112.179239, 40.489095 ], [ -112.179464, 40.489536 ], [ -112.179563, 40.489729 ], [ -112.179757, 40.489957 ], [ -112.179991, 40.49024 ], [ -112.18008, 40.49045 ], [ -112.18022, 40.490779 ], [ -112.180611, 40.491252 ], [ -112.181019, 40.491829 ], [ -112.181328, 40.492651 ], [ -112.181403, 40.493302 ], [ -112.18141, 40.493361 ], [ -112.181419, 40.493583 ], [ -112.181427, 40.493783 ], [ -112.181433, 40.493918 ], [ -112.181349, 40.494514 ], [ -112.181268, 40.495295 ], [ -112.181201, 40.495534 ], [ -112.181072, 40.495914 ], [ -112.180757, 40.496427 ], [ -112.180537, 40.496952 ], [ -112.180592, 40.497512 ], [ -112.180582, 40.497567 ], [ -112.18038, 40.497719 ], [ -112.180016, 40.49799 ], [ -112.179869, 40.498014 ], [ -112.17955, 40.4981 ], [ -112.179455, 40.49811 ], [ -112.179286, 40.49811 ], [ -112.179133, 40.498133 ], [ -112.179045, 40.498168 ], [ -112.178857, 40.498186 ], [ -112.178767, 40.49821 ], [ -112.178479, 40.498383 ], [ -112.178341, 40.498435 ], [ -112.177998, 40.498687 ], [ -112.177638, 40.498933 ], [ -112.177006, 40.499278 ], [ -112.17681, 40.499352 ], [ -112.176612, 40.499367 ], [ -112.176489, 40.499407 ], [ -112.176381, 40.499513 ], [ -112.176302, 40.499542 ], [ -112.176158, 40.499746 ], [ -112.176074, 40.499866 ], [ -112.175873, 40.499978 ], [ -112.17586, 40.500057 ], [ -112.175845, 40.500142 ], [ -112.176465, 40.500499 ], [ -112.177188, 40.501047 ], [ -112.177369, 40.501235 ], [ -112.1776, 40.501377 ], [ -112.177879, 40.501391 ], [ -112.178108, 40.501402 ], [ -112.178973, 40.501891 ], [ -112.179722, 40.502221 ], [ -112.180371, 40.502722 ], [ -112.180985, 40.503448 ], [ -112.181473, 40.504118 ], [ -112.18199, 40.504845 ], [ -112.182428, 40.505405 ], [ -112.182543, 40.50557 ], [ -112.182601, 40.505763 ], [ -112.18276, 40.505883 ], [ -112.182822, 40.505972 ], [ -112.183404, 40.506579 ], [ -112.183565, 40.507194 ], [ -112.183604, 40.507252 ], [ -112.183641, 40.507476 ], [ -112.183754, 40.507638 ], [ -112.183829, 40.507688 ], [ -112.183962, 40.507775 ], [ -112.184262, 40.508036 ], [ -112.184586, 40.508318 ], [ -112.184997, 40.50887 ], [ -112.185232, 40.50942 ], [ -112.185272, 40.509997 ], [ -112.18531, 40.510196 ], [ -112.185378, 40.510341 ], [ -112.185579, 40.510484 ], [ -112.18574, 40.510557 ], [ -112.185801, 40.510627 ], [ -112.186135, 40.511127 ], [ -112.186287, 40.511661 ], [ -112.186496, 40.512136 ], [ -112.18657, 40.512303 ], [ -112.186625, 40.512389 ], [ -112.186934, 40.51287 ], [ -112.187118, 40.513063 ], [ -112.187146, 40.513079 ], [ -112.187244, 40.513133 ], [ -112.18729, 40.513158 ], [ -112.187373, 40.513317 ], [ -112.18746, 40.513405 ], [ -112.187478, 40.513563 ], [ -112.187612, 40.513729 ], [ -112.187647, 40.513795 ], [ -112.18765, 40.513899 ], [ -112.187541, 40.514098 ], [ -112.187138, 40.514632 ], [ -112.187048, 40.514951 ], [ -112.186905, 40.515112 ], [ -112.186795, 40.515323 ], [ -112.186242, 40.516092 ], [ -112.185945, 40.516612 ], [ -112.18566, 40.517199 ], [ -112.185211, 40.517778 ], [ -112.184529, 40.518065 ], [ -112.183822, 40.518468 ], [ -112.183125, 40.519034 ], [ -112.183013, 40.519117 ], [ -112.182482, 40.519486 ], [ -112.181856, 40.520016 ], [ -112.181322, 40.52039 ], [ -112.180739, 40.520739 ], [ -112.180077, 40.521029 ], [ -112.179763, 40.52116 ], [ -112.179515, 40.521263 ], [ -112.179058, 40.521454 ], [ -112.178895, 40.52161 ], [ -112.178764, 40.52177 ], [ -112.178742, 40.52191 ], [ -112.178761, 40.522017 ], [ -112.178798, 40.522124 ], [ -112.178994, 40.522551 ], [ -112.179006, 40.522616 ], [ -112.179093, 40.5231 ], [ -112.179061, 40.523372 ], [ -112.179027, 40.523664 ], [ -112.178983, 40.523871 ], [ -112.178902, 40.524273 ], [ -112.17883, 40.524945 ], [ -112.178943, 40.525669 ], [ -112.178967, 40.526361 ], [ -112.178843, 40.526971 ], [ -112.178856, 40.527106 ], [ -112.1788, 40.527176 ], [ -112.178882, 40.527395 ], [ -112.178905, 40.527624 ], [ -112.179205, 40.528175 ], [ -112.179222, 40.528206 ], [ -112.179424, 40.528732 ], [ -112.179462, 40.52883 ], [ -112.179402, 40.529143 ], [ -112.179346, 40.529425 ], [ -112.179333, 40.529747 ], [ -112.179321, 40.530042 ], [ -112.17924, 40.53081 ], [ -112.17922, 40.531377 ], [ -112.179195, 40.531612 ], [ -112.179226, 40.531696 ], [ -112.179291, 40.531782 ], [ -112.179327, 40.531828 ], [ -112.179398, 40.531912 ], [ -112.179526, 40.532046 ], [ -112.180059, 40.532585 ], [ -112.180097, 40.532635 ], [ -112.180377, 40.533203 ], [ -112.180562, 40.533894 ], [ -112.180896, 40.534423 ], [ -112.181318, 40.534996 ], [ -112.181407, 40.535589 ], [ -112.181491, 40.536341 ], [ -112.181639, 40.537019 ], [ -112.181687, 40.537176 ], [ -112.18184, 40.537678 ], [ -112.182092, 40.537924 ], [ -112.182366, 40.538192 ], [ -112.182404, 40.538254 ], [ -112.182481, 40.538297 ], [ -112.182615, 40.53837 ], [ -112.18267, 40.53845 ], [ -112.182738, 40.538558 ], [ -112.182806, 40.538939 ], [ -112.182626, 40.539631 ], [ -112.182719, 40.540317 ], [ -112.182789, 40.54098 ], [ -112.182541, 40.54151 ], [ -112.182523, 40.541617 ], [ -112.182428, 40.541782 ], [ -112.182348, 40.541971 ], [ -112.182354, 40.542057 ], [ -112.18243, 40.542182 ], [ -112.182418, 40.542276 ], [ -112.182384, 40.54311 ], [ -112.182153, 40.543662 ], [ -112.181648, 40.544159 ], [ -112.181191, 40.544642 ], [ -112.181046, 40.544784 ], [ -112.180893, 40.544848 ], [ -112.180796, 40.545014 ], [ -112.180575, 40.545225 ], [ -112.180129, 40.545741 ], [ -112.180036, 40.54586 ], [ -112.179741, 40.546036 ], [ -112.179681, 40.546049 ], [ -112.179571, 40.546074 ], [ -112.179401, 40.546144 ], [ -112.17925, 40.546217 ], [ -112.179195, 40.546306 ], [ -112.179214, 40.546321 ], [ -112.179274, 40.546385 ], [ -112.179782, 40.54701 ], [ -112.179813, 40.547445 ], [ -112.179815, 40.547469 ], [ -112.179822, 40.547605 ], [ -112.179824, 40.547659 ], [ -112.179844, 40.548126 ], [ -112.179845, 40.548186 ], [ -112.179914, 40.548726 ], [ -112.179798, 40.549038 ], [ -112.179809, 40.549155 ], [ -112.179733, 40.549203 ], [ -112.179689, 40.549318 ], [ -112.179431, 40.549673 ], [ -112.179287, 40.549869 ], [ -112.179275, 40.549939 ], [ -112.179184, 40.550036 ], [ -112.179167, 40.550178 ], [ -112.179239, 40.550368 ], [ -112.179226, 40.550533 ], [ -112.179209, 40.55089 ], [ -112.179279, 40.551016 ], [ -112.179264, 40.551074 ], [ -112.179211, 40.551181 ], [ -112.179201, 40.55121 ], [ -112.179201, 40.551272 ], [ -112.179198, 40.551331 ], [ -112.179149, 40.551481 ], [ -112.179074, 40.551677 ], [ -112.178957, 40.551983 ], [ -112.178672, 40.552571 ], [ -112.178671, 40.552621 ], [ -112.178606, 40.552788 ], [ -112.178675, 40.552909 ], [ -112.178686, 40.553133 ], [ -112.178822, 40.55379 ], [ -112.178923, 40.554533 ], [ -112.178773, 40.554885 ], [ -112.17859, 40.555308 ], [ -112.178293, 40.555922 ], [ -112.178266, 40.556052 ], [ -112.17825, 40.556161 ], [ -112.178234, 40.556251 ], [ -112.178258, 40.55634 ], [ -112.178312, 40.556415 ], [ -112.178429, 40.556489 ], [ -112.178591, 40.556591 ], [ -112.178715, 40.556661 ], [ -112.179237, 40.557034 ], [ -112.1797, 40.557511 ], [ -112.180244, 40.558187 ], [ -112.180635, 40.558884 ], [ -112.180929, 40.559435 ], [ -112.181017, 40.559562 ], [ -112.181022, 40.559595 ], [ -112.18103, 40.559624 ], [ -112.181147, 40.559791 ], [ -112.181174, 40.559812 ], [ -112.181235, 40.559869 ], [ -112.181365, 40.560047 ], [ -112.18186, 40.560448 ], [ -112.182267, 40.560992 ], [ -112.182669, 40.561665 ], [ -112.182907, 40.56219 ], [ -112.183025, 40.562742 ], [ -112.183026, 40.562806 ], [ -112.183001, 40.563062 ], [ -112.182961, 40.563446 ], [ -112.182983, 40.563541 ], [ -112.182936, 40.563666 ], [ -112.182966, 40.563748 ], [ -112.183003, 40.563858 ], [ -112.183083, 40.563913 ], [ -112.183175, 40.564264 ], [ -112.183293, 40.564393 ], [ -112.183345, 40.564523 ], [ -112.183377, 40.564648 ], [ -112.183276, 40.564871 ], [ -112.183096, 40.565133 ], [ -112.182957, 40.565336 ], [ -112.182874, 40.565457 ], [ -112.182253, 40.566081 ], [ -112.182134, 40.566218 ], [ -112.182116, 40.566274 ], [ -112.181953, 40.566493 ], [ -112.181933, 40.566767 ], [ -112.181877, 40.566894 ], [ -112.181816, 40.567493 ], [ -112.181972, 40.568064 ], [ -112.182139, 40.568274 ], [ -112.182173, 40.568376 ], [ -112.182192, 40.56844 ], [ -112.182166, 40.568531 ], [ -112.182188, 40.568592 ], [ -112.18218, 40.568625 ], [ -112.182002, 40.569298 ], [ -112.182055, 40.569799 ], [ -112.182024, 40.570585 ], [ -112.181992, 40.570708 ], [ -112.182046, 40.570879 ], [ -112.182182, 40.571016 ], [ -112.182252, 40.57121 ], [ -112.18292, 40.571937 ], [ -112.183379, 40.572531 ], [ -112.18343, 40.572702 ], [ -112.183524, 40.572796 ], [ -112.183613, 40.573036 ], [ -112.183571, 40.573192 ], [ -112.183625, 40.573394 ], [ -112.183588, 40.573467 ], [ -112.183577, 40.573592 ], [ -112.183539, 40.573678 ], [ -112.183413, 40.573768 ], [ -112.183352, 40.573874 ], [ -112.1833, 40.573924 ], [ -112.182876, 40.574357 ], [ -112.18275, 40.574535 ], [ -112.182613, 40.574605 ], [ -112.182604, 40.574736 ], [ -112.182262, 40.575295 ], [ -112.182197, 40.575397 ], [ -112.181784, 40.576076 ], [ -112.181386, 40.576604 ], [ -112.181224, 40.576708 ], [ -112.180813, 40.576962 ], [ -112.180526, 40.577166 ], [ -112.180405, 40.577293 ], [ -112.180377, 40.577346 ], [ -112.180441, 40.577474 ], [ -112.18041, 40.577523 ], [ -112.180573, 40.578158 ], [ -112.180868, 40.578841 ], [ -112.181061, 40.579388 ], [ -112.181168, 40.57977 ], [ -112.181231, 40.580004 ], [ -112.181434, 40.580221 ], [ -112.181449, 40.580308 ], [ -112.181469, 40.580383 ], [ -112.181407, 40.580454 ], [ -112.181309, 40.58056 ], [ -112.180471, 40.581086 ], [ -112.180413, 40.581114 ], [ -112.179856, 40.581412 ], [ -112.179686, 40.581508 ], [ -112.179235, 40.58177 ], [ -112.178962, 40.581998 ], [ -112.178838, 40.582167 ], [ -112.178621, 40.582576 ], [ -112.178294, 40.583371 ], [ -112.178157, 40.583752 ], [ -112.178087, 40.583941 ], [ -112.178032, 40.584037 ], [ -112.178001, 40.584051 ], [ -112.177906, 40.584099 ], [ -112.1776, 40.584123 ], [ -112.177441, 40.584184 ], [ -112.176435, 40.584405 ], [ -112.176364, 40.584425 ], [ -112.176245, 40.584489 ], [ -112.176183, 40.584525 ], [ -112.17594, 40.584635 ], [ -112.175554, 40.584789 ], [ -112.175228, 40.58498 ], [ -112.175161, 40.585084 ], [ -112.17503, 40.585154 ], [ -112.174957, 40.58532 ], [ -112.174936, 40.585401 ], [ -112.174959, 40.585477 ], [ -112.175079, 40.585656 ], [ -112.175141, 40.585682 ], [ -112.175178, 40.585697 ], [ -112.175206, 40.585776 ], [ -112.175267, 40.585861 ], [ -112.175413, 40.58596 ], [ -112.175401, 40.586049 ], [ -112.175714, 40.586492 ], [ -112.17607, 40.587236 ], [ -112.176138, 40.587743 ], [ -112.176166, 40.587929 ], [ -112.17638, 40.588248 ], [ -112.176512, 40.588431 ], [ -112.176497, 40.588599 ], [ -112.176475, 40.588745 ], [ -112.176409, 40.588895 ], [ -112.176279, 40.588989 ], [ -112.176171, 40.589194 ], [ -112.176131, 40.589285 ], [ -112.175841, 40.589909 ], [ -112.175841, 40.589972 ], [ -112.175722, 40.590105 ], [ -112.175684, 40.590294 ], [ -112.175787, 40.590465 ], [ -112.175812, 40.590675 ], [ -112.175975, 40.591575 ], [ -112.176124, 40.592298 ], [ -112.176131, 40.592348 ], [ -112.176304, 40.593178 ], [ -112.176513, 40.593865 ], [ -112.17655, 40.593989 ], [ -112.176682, 40.594218 ], [ -112.176894, 40.59457 ], [ -112.177314, 40.595153 ], [ -112.177354, 40.59521 ], [ -112.177426, 40.595498 ], [ -112.177528, 40.595892 ], [ -112.177538, 40.59609 ], [ -112.177524, 40.596265 ], [ -112.177456, 40.596334 ], [ -112.177322, 40.59646 ], [ -112.17672, 40.596929 ], [ -112.176641, 40.597042 ], [ -112.176467, 40.597108 ], [ -112.176369, 40.597196 ], [ -112.176312, 40.597248 ], [ -112.176249, 40.597326 ], [ -112.176192, 40.597445 ], [ -112.176188, 40.597649 ], [ -112.176229, 40.598 ], [ -112.176259, 40.598105 ], [ -112.176283, 40.598188 ], [ -112.176347, 40.59872 ], [ -112.176327, 40.599108 ], [ -112.176329, 40.599568 ], [ -112.176339, 40.599771 ], [ -112.176398, 40.600173 ], [ -112.1764, 40.600263 ], [ -112.176345, 40.600341 ], [ -112.17632, 40.600365 ], [ -112.176242, 40.600421 ], [ -112.176125, 40.600421 ], [ -112.175893, 40.600631 ], [ -112.175773, 40.60088 ], [ -112.17569, 40.601056 ], [ -112.175469, 40.601958 ], [ -112.175438, 40.602099 ], [ -112.175373, 40.602706 ], [ -112.175361, 40.60336 ], [ -112.175352, 40.603563 ], [ -112.175337, 40.603981 ], [ -112.175418, 40.604067 ], [ -112.175864, 40.60457 ], [ -112.176496, 40.604888 ], [ -112.176507, 40.604893 ], [ -112.176547, 40.604901 ], [ -112.177301, 40.605041 ], [ -112.177634, 40.605091 ], [ -112.177772, 40.605187 ], [ -112.177783, 40.605194 ], [ -112.178324, 40.605376 ], [ -112.17855, 40.605473 ], [ -112.178696, 40.605663 ], [ -112.178737, 40.605811 ], [ -112.178745, 40.605929 ], [ -112.178752, 40.605994 ], [ -112.178707, 40.606088 ], [ -112.178674, 40.6062 ], [ -112.178448, 40.606784 ], [ -112.178505, 40.6069 ], [ -112.178488, 40.606976 ], [ -112.17848, 40.607018 ], [ -112.178511, 40.607056 ], [ -112.17862, 40.607244 ], [ -112.178755, 40.607383 ], [ -112.179345, 40.607927 ], [ -112.179371, 40.607996 ], [ -112.179383, 40.608058 ], [ -112.17944, 40.608178 ], [ -112.179589, 40.608572 ], [ -112.179916, 40.609061 ], [ -112.18047, 40.609753 ], [ -112.180503, 40.609801 ], [ -112.180878, 40.610349 ], [ -112.18115, 40.610967 ], [ -112.181349, 40.611491 ], [ -112.181611, 40.611967 ], [ -112.181709, 40.612055 ], [ -112.1818, 40.612098 ], [ -112.181823, 40.612109 ], [ -112.181922, 40.612123 ], [ -112.181973, 40.612169 ], [ -112.182478, 40.612385 ], [ -112.182597, 40.612435 ], [ -112.183212, 40.61273 ], [ -112.183272, 40.612757 ], [ -112.183839, 40.613155 ], [ -112.184482, 40.613679 ], [ -112.185262, 40.61401 ], [ -112.185309, 40.614049 ], [ -112.185476, 40.614082 ], [ -112.185522, 40.61408 ], [ -112.185566, 40.614078 ], [ -112.185626, 40.614077 ], [ -112.185796, 40.613988 ], [ -112.186125, 40.613878 ], [ -112.186985, 40.61372 ], [ -112.187147, 40.613741 ], [ -112.187433, 40.613725 ], [ -112.187586, 40.613789 ], [ -112.187901, 40.613827 ], [ -112.18799, 40.613883 ], [ -112.188157, 40.613928 ], [ -112.188344, 40.614105 ], [ -112.18845, 40.614181 ], [ -112.188642, 40.614296 ], [ -112.189148, 40.614767 ], [ -112.189303, 40.614994 ], [ -112.189314, 40.615009 ], [ -112.189299, 40.615104 ], [ -112.189433, 40.615441 ], [ -112.189501, 40.615617 ], [ -112.1895, 40.615823 ], [ -112.189518, 40.615891 ], [ -112.189521, 40.615906 ], [ -112.18955, 40.615939 ], [ -112.189656, 40.616063 ], [ -112.189737, 40.616266 ], [ -112.190327, 40.616719 ], [ -112.190861, 40.6171 ], [ -112.191379, 40.617668 ], [ -112.19152, 40.617868 ], [ -112.191768, 40.617937 ], [ -112.192162, 40.618197 ], [ -112.192246, 40.618266 ], [ -112.192376, 40.618304 ], [ -112.192526, 40.618498 ], [ -112.192739, 40.618681 ], [ -112.193223, 40.619311 ], [ -112.193424, 40.619968 ], [ -112.193539, 40.6201 ], [ -112.193634, 40.62015 ], [ -112.1938, 40.620203 ], [ -112.194015, 40.620256 ], [ -112.194259, 40.620378 ], [ -112.194616, 40.620553 ], [ -112.195045, 40.620779 ], [ -112.195581, 40.620982 ], [ -112.195899, 40.621233 ], [ -112.195943, 40.621388 ], [ -112.196079, 40.621875 ], [ -112.196102, 40.622448 ], [ -112.196162, 40.62288 ], [ -112.196183, 40.62304 ], [ -112.196196, 40.623136 ], [ -112.196129, 40.623224 ], [ -112.196107, 40.62338 ], [ -112.196149, 40.623473 ], [ -112.196252, 40.623617 ], [ -112.196773, 40.624066 ], [ -112.196938, 40.624284 ], [ -112.196969, 40.62432 ], [ -112.197033, 40.624395 ], [ -112.197179, 40.624567 ], [ -112.197473, 40.624941 ], [ -112.197548, 40.62509 ], [ -112.197674, 40.625462 ], [ -112.197617, 40.626206 ], [ -112.197309, 40.626805 ], [ -112.196998, 40.627203 ], [ -112.196786, 40.627475 ], [ -112.196434, 40.628125 ], [ -112.196338, 40.628773 ], [ -112.196358, 40.628908 ], [ -112.19632, 40.629088 ], [ -112.196353, 40.629242 ], [ -112.196393, 40.62934 ], [ -112.196476, 40.629538 ], [ -112.196515, 40.629752 ], [ -112.196498, 40.63009 ], [ -112.196483, 40.630282 ], [ -112.196468, 40.630678 ], [ -112.196462, 40.630723 ], [ -112.196343, 40.631215 ], [ -112.196318, 40.631285 ], [ -112.196291, 40.631377 ], [ -112.196206, 40.63167 ], [ -112.196164, 40.631811 ], [ -112.195951, 40.632515 ], [ -112.195795, 40.633053 ], [ -112.195556, 40.633592 ], [ -112.194913, 40.63429 ], [ -112.194467, 40.634791 ], [ -112.194391, 40.634876 ], [ -112.194264, 40.635005 ], [ -112.194284, 40.635045 ], [ -112.194295, 40.635091 ], [ -112.19417, 40.635399 ], [ -112.19415, 40.635607 ], [ -112.194174, 40.635742 ], [ -112.194194, 40.635844 ], [ -112.194283, 40.635931 ], [ -112.194452, 40.636224 ], [ -112.194787, 40.636644 ], [ -112.195137, 40.637133 ], [ -112.195222, 40.637559 ], [ -112.195276, 40.637816 ], [ -112.195288, 40.638525 ], [ -112.195192, 40.638886 ], [ -112.195176, 40.638944 ], [ -112.195095, 40.639245 ], [ -112.195061, 40.639427 ], [ -112.195047, 40.639512 ], [ -112.195164, 40.639816 ], [ -112.195439, 40.640314 ], [ -112.195557, 40.640394 ], [ -112.196078, 40.640754 ], [ -112.196633, 40.641152 ], [ -112.196983, 40.641317 ], [ -112.197172, 40.641503 ], [ -112.197356, 40.641838 ], [ -112.197467, 40.642634 ], [ -112.197626, 40.643259 ], [ -112.198021, 40.643926 ], [ -112.198049, 40.644745 ], [ -112.198003, 40.645089 ], [ -112.198076, 40.6453 ], [ -112.198086, 40.645514 ], [ -112.198112, 40.646326 ], [ -112.197957, 40.647148 ], [ -112.197862, 40.647814 ], [ -112.197852, 40.647842 ], [ -112.197978, 40.648402 ], [ -112.198632, 40.64905 ], [ -112.199281, 40.649386 ], [ -112.199714, 40.649526 ], [ -112.200003, 40.649743 ], [ -112.200805, 40.65055 ], [ -112.201155, 40.65092 ], [ -112.201698, 40.65154 ], [ -112.202118, 40.652136 ], [ -112.202486, 40.652875 ], [ -112.202926, 40.653981 ], [ -112.202891, 40.65419 ], [ -112.203131, 40.65576 ], [ -112.203046, 40.658301 ], [ -112.20288, 40.658622 ], [ -112.202613, 40.659139 ], [ -112.202366, 40.659912 ], [ -112.202231, 40.660236 ], [ -112.201998, 40.660794 ], [ -112.20161, 40.661596 ], [ -112.201433, 40.662231 ], [ -112.20136, 40.66249 ], [ -112.201236, 40.663216 ], [ -112.201312, 40.664146 ], [ -112.201395, 40.665142 ], [ -112.201559, 40.66605 ], [ -112.201678, 40.666724 ], [ -112.201704, 40.666897 ], [ -112.201687, 40.66758 ], [ -112.201781, 40.668215 ], [ -112.201763, 40.668458 ], [ -112.201813, 40.668647 ], [ -112.201809, 40.668723 ], [ -112.201735, 40.668927 ], [ -112.20169, 40.669044 ], [ -112.201646, 40.669162 ], [ -112.20149, 40.66935 ], [ -112.201402, 40.669776 ], [ -112.20143, 40.670398 ], [ -112.201503, 40.670961 ], [ -112.201506, 40.671008 ], [ -112.201476, 40.671184 ], [ -112.201378, 40.67175 ], [ -112.201415, 40.671857 ], [ -112.201366, 40.671998 ], [ -112.201412, 40.672127 ], [ -112.201538, 40.672258 ], [ -112.201659, 40.672612 ], [ -112.201696, 40.672723 ], [ -112.201894, 40.673164 ], [ -112.201939, 40.67337 ], [ -112.202058, 40.673852 ], [ -112.202218, 40.674425 ], [ -112.202255, 40.674528 ], [ -112.202334, 40.674682 ], [ -112.202468, 40.67486 ], [ -112.202728, 40.674989 ], [ -112.202807, 40.675064 ], [ -112.202861, 40.675122 ], [ -112.203041, 40.675229 ], [ -112.20319, 40.675356 ], [ -112.203219, 40.675496 ], [ -112.203282, 40.675567 ], [ -112.203299, 40.675717 ], [ -112.203361, 40.676139 ], [ -112.203777, 40.676946 ], [ -112.204031, 40.677363 ], [ -112.20421, 40.677861 ], [ -112.204265, 40.678044 ], [ -112.204365, 40.678646 ], [ -112.204186, 40.679202 ], [ -112.204093, 40.679416 ], [ -112.204077, 40.679451 ], [ -112.203959, 40.679727 ], [ -112.203872, 40.680072 ], [ -112.203788, 40.680399 ], [ -112.203515, 40.681006 ], [ -112.203446, 40.681138 ], [ -112.203379, 40.681257 ], [ -112.203098, 40.681759 ], [ -112.203578, 40.682388 ], [ -112.203917, 40.682809 ], [ -112.204182, 40.683395 ], [ -112.204066, 40.683626 ], [ -112.203963, 40.683671 ], [ -112.203856, 40.683806 ], [ -112.203623, 40.684097 ], [ -112.203537, 40.684202 ], [ -112.203102, 40.684684 ], [ -112.201475, 40.686342 ], [ -112.201257, 40.687009 ], [ -112.20112, 40.687648 ], [ -112.200863, 40.68851 ], [ -112.200527, 40.689002 ], [ -112.200432, 40.68961 ], [ -112.200055, 40.690253 ], [ -112.199659, 40.690925 ], [ -112.199591, 40.691182 ], [ -112.19963, 40.69141 ], [ -112.199716, 40.691491 ], [ -112.199734, 40.691594 ], [ -112.199714, 40.69182 ], [ -112.199641, 40.691965 ], [ -112.199531, 40.692085 ], [ -112.199508, 40.692138 ], [ -112.198969, 40.692767 ], [ -112.1989, 40.692896 ], [ -112.19864, 40.693193 ], [ -112.198657, 40.693321 ], [ -112.19861, 40.693423 ], [ -112.198878, 40.694126 ], [ -112.198936, 40.694327 ], [ -112.199043, 40.69444 ], [ -112.199107, 40.694617 ], [ -112.199053, 40.694746 ], [ -112.1991, 40.694916 ], [ -112.198923, 40.69549 ], [ -112.198735, 40.696258 ], [ -112.198693, 40.696871 ], [ -112.198707, 40.696975 ], [ -112.198777, 40.697515 ], [ -112.198897, 40.697796 ], [ -112.198885, 40.697887 ], [ -112.198868, 40.698013 ], [ -112.198893, 40.69818 ], [ -112.199157, 40.699114 ], [ -112.199377, 40.699582 ], [ -112.199388, 40.699614 ], [ -112.199586, 40.700181 ], [ -112.199826, 40.701048 ], [ -112.199962, 40.701686 ], [ -112.200162, 40.702288 ], [ -112.200191, 40.702375 ], [ -112.200405, 40.702979 ], [ -112.200729, 40.703409 ], [ -112.200818, 40.703538 ], [ -112.200855, 40.703638 ], [ -112.200889, 40.703896 ], [ -112.200912, 40.703933 ], [ -112.200983, 40.704053 ], [ -112.200939, 40.704279 ], [ -112.201039, 40.704678 ], [ -112.201132, 40.704919 ], [ -112.201247, 40.705155 ], [ -112.201389, 40.705427 ], [ -112.201816, 40.706404 ], [ -112.202079, 40.706921 ], [ -112.202444, 40.707467 ], [ -112.202891, 40.708024 ], [ -112.203027, 40.708569 ], [ -112.20331, 40.709137 ], [ -112.203897, 40.709743 ], [ -112.204287, 40.710141 ], [ -112.204398, 40.71024 ], [ -112.204565, 40.710348 ], [ -112.204644, 40.710412 ], [ -112.204749, 40.710559 ], [ -112.204825, 40.710761 ], [ -112.204817, 40.710933 ], [ -112.204887, 40.71105 ], [ -112.204941, 40.711265 ], [ -112.20503, 40.711619 ], [ -112.20507, 40.711739 ], [ -112.205091, 40.711996 ], [ -112.205211, 40.712157 ], [ -112.205483, 40.712378 ], [ -112.205755, 40.712603 ], [ -112.206383, 40.713267 ], [ -112.206739, 40.713823 ], [ -112.207118, 40.714593 ], [ -112.207235, 40.714878 ], [ -112.207355, 40.715189 ], [ -112.207676, 40.715721 ], [ -112.208004, 40.715891 ], [ -112.208055, 40.715969 ], [ -112.208172, 40.715981 ], [ -112.208309, 40.716049 ], [ -112.208572, 40.716073 ], [ -112.208819, 40.716087 ], [ -112.209276, 40.716073 ], [ -112.209822, 40.716085 ], [ -112.210395, 40.716093 ], [ -112.21082, 40.716093 ], [ -112.211153, 40.716197 ], [ -112.211474, 40.716239 ], [ -112.212164, 40.716452 ], [ -112.21223, 40.716464 ], [ -112.212275, 40.716525 ], [ -112.212299, 40.71656 ], [ -112.212475, 40.716602 ], [ -112.212582, 40.716601 ], [ -112.212675, 40.716577 ], [ -112.212797, 40.716576 ], [ -112.21296, 40.71661 ], [ -112.213145, 40.716631 ], [ -112.213245, 40.716651 ], [ -112.213411, 40.716713 ], [ -112.213613, 40.716806 ], [ -112.213709, 40.716925 ], [ -112.213765, 40.716953 ], [ -112.213949, 40.717132 ], [ -112.214266, 40.71744 ], [ -112.214427, 40.717693 ], [ -112.214487, 40.717799 ], [ -112.214542, 40.717892 ], [ -112.214708, 40.717981 ], [ -112.21489, 40.718022 ], [ -112.215236, 40.718019 ], [ -112.215669, 40.717983 ], [ -112.216533, 40.717906 ], [ -112.216655, 40.71797 ], [ -112.216811, 40.717985 ], [ -112.217047, 40.718097 ], [ -112.217271, 40.718279 ], [ -112.220283, 40.720304 ], [ -112.220951, 40.720747 ], [ -112.222063, 40.72151 ], [ -112.222749, 40.721995 ], [ -112.222805, 40.722026 ], [ -112.223026, 40.722182 ], [ -112.224043, 40.722886 ], [ -112.224077, 40.722909 ], [ -112.224787, 40.723407 ], [ -112.224979, 40.723541 ], [ -112.225794, 40.724116 ], [ -112.225919, 40.724204 ], [ -112.226787, 40.724828 ], [ -112.226806, 40.72484 ], [ -112.227452, 40.725306 ], [ -112.227585, 40.725491 ], [ -112.228445, 40.726685 ], [ -112.230414, 40.729315 ], [ -112.232633, 40.73228 ], [ -112.236173, 40.737012 ], [ -112.238819, 40.740545 ], [ -112.241103, 40.743593 ], [ -112.242938, 40.74609 ], [ -112.245884, 40.749944 ], [ -112.246527, 40.750807 ], [ -112.248212, 40.753068 ], [ -112.251534, 40.757527 ], [ -112.25293, 40.7594 ], [ -112.254234, 40.76115 ], [ -112.255592, 40.762973 ], [ -112.255919, 40.763406 ], [ -112.257061, 40.764917 ], [ -112.257264, 40.765186 ], [ -112.258292, 40.766546 ], [ -112.260216, 40.769093 ], [ -112.259743, 40.769419 ], [ -112.253335, 40.773835 ], [ -112.250777, 40.775552 ], [ -112.250155, 40.775975 ], [ -112.240247, 40.782812 ], [ -112.238462, 40.784043 ], [ -112.217033, 40.79886 ], [ -112.195979, 40.813321 ], [ -112.187077, 40.819436 ], [ -112.176155, 40.82696 ], [ -112.173393, 40.828863 ], [ -112.16542, 40.834353 ], [ -112.153481, 40.842544 ], [ -112.150219, 40.844818 ], [ -112.14932, 40.845397 ], [ -112.148816, 40.845758 ], [ -112.148652, 40.845868 ], [ -112.148435, 40.846019 ], [ -112.148271, 40.846133 ], [ -112.147659, 40.846454 ], [ -112.146302, 40.847179 ], [ -112.142181, 40.849387 ], [ -112.141647, 40.849698 ], [ -112.125764, 40.858178 ], [ -112.100586, 40.871693 ], [ -112.092245, 40.876131 ], [ -112.075979, 40.884796 ], [ -112.065542, 40.890375 ], [ -112.065095, 40.890614 ], [ -112.027117, 40.910909 ], [ -112.011846, 40.919053 ], [ -112.008134, 40.921016 ], [ -112.006566, 40.921846 ], [ -112.006458, 40.921848 ], [ -112.005919, 40.921848 ], [ -112.00075, 40.921847 ], [ -111.991431, 40.921842 ], [ -111.978623, 40.921832 ], [ -111.97845, 40.921834 ], [ -111.978242, 40.921837 ], [ -111.972263, 40.921828 ], [ -111.958672, 40.921822 ], [ -111.95866, 40.918064 ], [ -111.958657, 40.917117 ], [ -111.958656, 40.916789 ], [ -111.958656, 40.9166 ], [ -111.958645, 40.913391 ], [ -111.958643, 40.912697 ], [ -111.958634, 40.909976 ], [ -111.958631, 40.909753 ], [ -111.958608, 40.903453 ], [ -111.958609, 40.902291 ], [ -111.958608, 40.901847 ], [ -111.958607, 40.901631 ], [ -111.958604, 40.900981 ], [ -111.958603, 40.900368 ], [ -111.958602, 40.900167 ], [ -111.958677, 40.899979 ], [ -111.95879, 40.899701 ], [ -111.958978, 40.899232 ], [ -111.959548, 40.897813 ], [ -111.959476, 40.897451 ], [ -111.959357, 40.89681 ], [ -111.959339, 40.896711 ], [ -111.959307, 40.896545 ], [ -111.959276, 40.896379 ], [ -111.959266, 40.896327 ], [ -111.960273, 40.895911 ], [ -111.961152, 40.895547 ], [ -111.961528, 40.895282 ], [ -111.961744, 40.89336 ], [ -111.962508, 40.893201 ], [ -111.963374, 40.89302 ], [ -111.964044, 40.89269 ], [ -111.966147, 40.891653 ], [ -111.966183, 40.891056 ], [ -111.966243, 40.889933 ], [ -111.966281, 40.889094 ], [ -111.966287, 40.888953 ], [ -111.966294, 40.888802 ], [ -111.966687, 40.888495 ], [ -111.966708, 40.888479 ], [ -111.966818, 40.888394 ], [ -111.968734, 40.886904 ], [ -111.969101, 40.885841 ], [ -111.969154, 40.885686 ], [ -111.969187, 40.885589 ], [ -111.96923, 40.885465 ], [ -111.969247, 40.885415 ], [ -111.968799, 40.885102 ], [ -111.968646, 40.884995 ], [ -111.968534, 40.884917 ], [ -111.968332, 40.884775 ], [ -111.968032, 40.884565 ], [ -111.968038, 40.884491 ], [ -111.968046, 40.884387 ], [ -111.968913, 40.883573 ], [ -111.968998, 40.883507 ], [ -111.969037, 40.883471 ], [ -111.968829, 40.883283 ], [ -111.968399, 40.882891 ], [ -111.96824, 40.882747 ], [ -111.968119, 40.882637 ], [ -111.968072, 40.882594 ], [ -111.96804, 40.882565 ], [ -111.967844, 40.882387 ], [ -111.968069, 40.8811 ], [ -111.967556, 40.880059 ], [ -111.968117, 40.879468 ], [ -111.968817, 40.878932 ], [ -111.969501, 40.878568 ], [ -111.971069, 40.876645 ], [ -111.971024, 40.876439 ], [ -111.970726, 40.875094 ], [ -111.970582, 40.874957 ], [ -111.970428, 40.87481 ], [ -111.970389, 40.874773 ], [ -111.969983, 40.874591 ], [ -111.969812, 40.874514 ], [ -111.969695, 40.874461 ], [ -111.968907, 40.874107 ], [ -111.96954, 40.872316 ], [ -111.969354, 40.872138 ], [ -111.96877, 40.871997 ], [ -111.96863, 40.871963 ], [ -111.968531, 40.871939 ], [ -111.968354, 40.871896 ], [ -111.967974, 40.871804 ], [ -111.966824, 40.872228 ], [ -111.966575, 40.87232 ], [ -111.966065, 40.872221 ], [ -111.965821, 40.872139 ], [ -111.964769, 40.871866 ], [ -111.964539, 40.871807 ], [ -111.964244, 40.871731 ], [ -111.964128, 40.871701 ], [ -111.964018, 40.871672 ], [ -111.963574, 40.871557 ], [ -111.963592, 40.871424 ], [ -111.963602, 40.871351 ], [ -111.963706, 40.871312 ], [ -111.964495, 40.871017 ], [ -111.9644, 40.870903 ], [ -111.964201, 40.870664 ], [ -111.964095, 40.870537 ], [ -111.96387, 40.870268 ], [ -111.963749, 40.870235 ], [ -111.963649, 40.870208 ], [ -111.963532, 40.870176 ], [ -111.962892, 40.870004 ], [ -111.962558, 40.868729 ], [ -111.963899, 40.8675 ], [ -111.963889, 40.867288 ], [ -111.962833, 40.866967 ], [ -111.962834, 40.866623 ], [ -111.963964, 40.866313 ], [ -111.963836, 40.864532 ], [ -111.962652, 40.863599 ], [ -111.962766, 40.863233 ], [ -111.964335, 40.86254 ], [ -111.964648, 40.862021 ], [ -111.964654, 40.861992 ], [ -111.964715, 40.86172 ], [ -111.964769, 40.861476 ], [ -111.964775, 40.86145 ], [ -111.964778, 40.861042 ], [ -111.964075, 40.859973 ], [ -111.966357, 40.858034 ], [ -111.96645, 40.857867 ], [ -111.96624, 40.857351 ], [ -111.966052, 40.856889 ], [ -111.965887, 40.856482 ], [ -111.966043, 40.854956 ], [ -111.965876, 40.854626 ], [ -111.965617, 40.854713 ], [ -111.96423, 40.855175 ], [ -111.96415, 40.855202 ], [ -111.963782, 40.855325 ], [ -111.963114, 40.855231 ], [ -111.962724, 40.854974 ], [ -111.96268, 40.854945 ], [ -111.962611, 40.8549 ], [ -111.961839, 40.854391 ], [ -111.961744, 40.854329 ], [ -111.961599, 40.854233 ], [ -111.961747, 40.853883 ], [ -111.963718, 40.853802 ], [ -111.963883, 40.853795 ], [ -111.96407, 40.853788 ], [ -111.964259, 40.85378 ], [ -111.964426, 40.853542 ], [ -111.964494, 40.853445 ], [ -111.964457, 40.853423 ], [ -111.964403, 40.853392 ], [ -111.964355, 40.853364 ], [ -111.964289, 40.853326 ], [ -111.964242, 40.853299 ], [ -111.963345, 40.852778 ], [ -111.963132, 40.852654 ], [ -111.963003, 40.852579 ], [ -111.962722, 40.852416 ], [ -111.962432, 40.852248 ], [ -111.962233, 40.852132 ], [ -111.962193, 40.852109 ], [ -111.961794, 40.851877 ], [ -111.960726, 40.852144 ], [ -111.960502, 40.852199 ], [ -111.960057, 40.85231 ], [ -111.9597, 40.852166 ], [ -111.959663, 40.852151 ], [ -111.959689, 40.852061 ], [ -111.959815, 40.851614 ], [ -111.959967, 40.851075 ], [ -111.958898, 40.849245 ], [ -111.959064, 40.849158 ], [ -111.959143, 40.849116 ], [ -111.959297, 40.849111 ], [ -111.960259, 40.849079 ], [ -111.960429, 40.849073 ], [ -111.960685, 40.849065 ], [ -111.961683, 40.849032 ], [ -111.962687, 40.848687 ], [ -111.962805, 40.848646 ], [ -111.962884, 40.848619 ], [ -111.962985, 40.848584 ], [ -111.963215, 40.848505 ], [ -111.963003, 40.84817 ], [ -111.962932, 40.848161 ], [ -111.962905, 40.848158 ], [ -111.962792, 40.848145 ], [ -111.962728, 40.848137 ], [ -111.962643, 40.848127 ], [ -111.96251, 40.848111 ], [ -111.96063, 40.847889 ], [ -111.959654, 40.848602 ], [ -111.957998, 40.848531 ], [ -111.9564, 40.849067 ], [ -111.955972, 40.849211 ], [ -111.95592, 40.84916 ], [ -111.955872, 40.849112 ], [ -111.955803, 40.849044 ], [ -111.954935, 40.848184 ], [ -111.954899, 40.848165 ], [ -111.954839, 40.848133 ], [ -111.954813, 40.848121 ], [ -111.954745, 40.84809 ], [ -111.954714, 40.848073 ], [ -111.954691, 40.848061 ], [ -111.953918, 40.847641 ], [ -111.953912, 40.847321 ], [ -111.953693, 40.846734 ], [ -111.953455, 40.846092 ], [ -111.953052, 40.845005 ], [ -111.953005, 40.844881 ], [ -111.95299, 40.844839 ], [ -111.952948, 40.844728 ], [ -111.952931, 40.844681 ], [ -111.952921, 40.844648 ], [ -111.952318, 40.844378 ], [ -111.949783, 40.843125 ], [ -111.949772, 40.842929 ], [ -111.949762, 40.842756 ], [ -111.949886, 40.842741 ], [ -111.949956, 40.842732 ], [ -111.951122, 40.842586 ], [ -111.951248, 40.841963 ], [ -111.951257, 40.841917 ], [ -111.951622, 40.841572 ], [ -111.951116, 40.841067 ], [ -111.950355, 40.840808 ], [ -111.949049, 40.840145 ], [ -111.948743, 40.839857 ], [ -111.948483, 40.839612 ], [ -111.948459, 40.839589 ], [ -111.948328, 40.83885 ], [ -111.948295, 40.838669 ], [ -111.948277, 40.838569 ], [ -111.94826, 40.838471 ], [ -111.94791, 40.838353 ], [ -111.947034, 40.83806 ], [ -111.947008, 40.838051 ], [ -111.9469, 40.838015 ], [ -111.946733, 40.837959 ], [ -111.946662, 40.837608 ], [ -111.946354, 40.837081 ], [ -111.945696, 40.836062 ], [ -111.94539, 40.835589 ], [ -111.945345, 40.83552 ], [ -111.944839, 40.834866 ], [ -111.944287, 40.834154 ], [ -111.944324, 40.834069 ], [ -111.944376, 40.833949 ], [ -111.944758, 40.833077 ], [ -111.944845, 40.832878 ], [ -111.944923, 40.8327 ], [ -111.944737, 40.832334 ], [ -111.944656, 40.832175 ], [ -111.944468, 40.831804 ], [ -111.944425, 40.831718 ], [ -111.944394, 40.831658 ], [ -111.944335, 40.831644 ], [ -111.944256, 40.831626 ], [ -111.944185, 40.831609 ], [ -111.943985, 40.831562 ], [ -111.94305, 40.831344 ], [ -111.942873, 40.830494 ], [ -111.943286, 40.830005 ], [ -111.943824, 40.829096 ], [ -111.943983, 40.828336 ], [ -111.943587, 40.827394 ], [ -111.944084, 40.826535 ], [ -111.944929, 40.825763 ], [ -111.945566, 40.825105 ], [ -111.946158, 40.824493 ], [ -111.946686, 40.823845 ], [ -111.946408, 40.822046 ], [ -111.946289, 40.82179 ], [ -111.945863, 40.821791 ], [ -111.941454, 40.821791 ], [ -111.941362, 40.821792 ], [ -111.941187, 40.821798 ], [ -111.940975, 40.821796 ], [ -111.940575, 40.821797 ], [ -111.940042, 40.821798 ], [ -111.939212, 40.8218 ], [ -111.938739, 40.821801 ], [ -111.937785, 40.821801 ], [ -111.936658, 40.821804 ], [ -111.933104, 40.821806 ], [ -111.929344, 40.821809 ], [ -111.926726, 40.821811 ], [ -111.923761, 40.821813 ], [ -111.923289, 40.821813 ], [ -111.921597, 40.821821 ], [ -111.91981, 40.821816 ], [ -111.919735, 40.821816 ], [ -111.919703, 40.821816 ], [ -111.919646, 40.821816 ], [ -111.919461, 40.821816 ], [ -111.919207, 40.821822 ], [ -111.919025, 40.821822 ], [ -111.918527, 40.821813 ], [ -111.918344, 40.821816 ], [ -111.917865, 40.821817 ], [ -111.916836, 40.821829 ], [ -111.916474, 40.821826 ], [ -111.916184, 40.821823 ], [ -111.915846, 40.821814 ], [ -111.915555, 40.821816 ], [ -111.913422, 40.821819 ], [ -111.91129, 40.82182 ], [ -111.909726, 40.821821 ], [ -111.9077, 40.821822 ], [ -111.905665, 40.821823 ], [ -111.905669, 40.819878 ], [ -111.903422, 40.819895 ], [ -111.900907, 40.819882 ], [ -111.900906, 40.821827 ], [ -111.899992, 40.821826 ], [ -111.891548, 40.821826 ], [ -111.89138, 40.821826 ], [ -111.891259, 40.821826 ], [ -111.891154, 40.821826 ], [ -111.880918, 40.821823 ], [ -111.879071, 40.821823 ], [ -111.877656, 40.821823 ], [ -111.875829, 40.821822 ], [ -111.87558, 40.821785 ], [ -111.875284, 40.821809 ], [ -111.874773, 40.821785 ], [ -111.87465, 40.8218 ], [ -111.874448, 40.821824 ], [ -111.873747, 40.821771 ], [ -111.872829, 40.821796 ], [ -111.872105, 40.821779 ], [ -111.870895, 40.821702 ], [ -111.870503, 40.821741 ], [ -111.870262, 40.821847 ], [ -111.87003, 40.821992 ], [ -111.869969, 40.822045 ], [ -111.869868, 40.822198 ], [ -111.869771, 40.822422 ], [ -111.869701, 40.822794 ], [ -111.869244, 40.823836 ], [ -111.869027, 40.824 ], [ -111.868685, 40.824133 ], [ -111.868224, 40.824172 ], [ -111.868007, 40.824198 ], [ -111.867695, 40.82418 ], [ -111.867423, 40.824165 ], [ -111.866776, 40.824147 ], [ -111.866492, 40.824177 ], [ -111.866102, 40.82431 ], [ -111.865831, 40.824425 ], [ -111.865577, 40.824485 ], [ -111.865394, 40.824535 ], [ -111.865323, 40.824555 ], [ -111.86515, 40.824493 ], [ -111.864989, 40.824436 ], [ -111.864655, 40.824312 ], [ -111.864292, 40.824184 ], [ -111.8639, 40.824101 ], [ -111.863632, 40.824022 ], [ -111.863323, 40.82398 ], [ -111.862945, 40.824064 ], [ -111.86262, 40.824206 ], [ -111.862197, 40.824524 ], [ -111.861714, 40.82473 ], [ -111.861642, 40.824756 ], [ -111.861314, 40.824818 ], [ -111.861002, 40.824799 ], [ -111.860307, 40.824543 ], [ -111.858488, 40.824231 ], [ -111.858257, 40.824279 ], [ -111.858127, 40.824338 ], [ -111.85807, 40.824456 ], [ -111.858048, 40.824641 ], [ -111.857986, 40.824853 ], [ -111.857888, 40.825106 ], [ -111.857796, 40.825264 ], [ -111.857685, 40.825463 ], [ -111.85754, 40.825685 ], [ -111.85743, 40.825888 ], [ -111.857372, 40.826015 ], [ -111.85728, 40.826182 ], [ -111.857104, 40.826391 ], [ -111.856906, 40.826613 ], [ -111.856612, 40.826845 ], [ -111.856443, 40.82695 ], [ -111.856229, 40.826991 ], [ -111.855934, 40.826986 ], [ -111.855558, 40.827298 ], [ -111.855447, 40.827389 ], [ -111.855386, 40.827417 ], [ -111.855133, 40.827554 ], [ -111.854844, 40.827691 ], [ -111.854596, 40.827783 ], [ -111.854265, 40.827966 ], [ -111.854002, 40.828166 ], [ -111.853822, 40.828308 ], [ -111.853698, 40.82847 ], [ -111.853647, 40.828632 ], [ -111.853677, 40.8287 ], [ -111.853727, 40.82881 ], [ -111.853746, 40.829222 ], [ -111.853655, 40.82928 ], [ -111.853607, 40.829277 ], [ -111.853485, 40.829273 ], [ -111.853415, 40.829264 ], [ -111.853334, 40.829252 ], [ -111.853286, 40.829237 ], [ -111.853107, 40.829181 ], [ -111.852841, 40.82917 ], [ -111.852646, 40.829189 ], [ -111.852457, 40.829254 ], [ -111.852285, 40.829305 ], [ -111.852269, 40.829312 ], [ -111.851971, 40.829324 ], [ -111.851444, 40.829443 ], [ -111.851119, 40.829448 ], [ -111.850871, 40.829504 ], [ -111.85055, 40.829502 ], [ -111.85036, 40.829408 ], [ -111.849838, 40.829454 ], [ -111.849665, 40.829529 ], [ -111.84958, 40.829649 ], [ -111.849427, 40.829767 ], [ -111.849199, 40.829989 ], [ -111.849087, 40.830089 ], [ -111.848932, 40.830288 ], [ -111.848871, 40.830337 ], [ -111.848628, 40.830335 ], [ -111.847815, 40.829941 ], [ -111.846799, 40.829705 ], [ -111.846314, 40.829603 ], [ -111.845905, 40.829714 ], [ -111.845364, 40.830225 ], [ -111.845089, 40.830425 ], [ -111.84486, 40.830643 ], [ -111.844678, 40.830784 ], [ -111.84458, 40.830956 ], [ -111.844488, 40.831218 ], [ -111.844484, 40.831235 ], [ -111.844333, 40.831424 ], [ -111.844373, 40.831831 ], [ -111.844361, 40.831941 ], [ -111.844238, 40.832117 ], [ -111.844074, 40.832236 ], [ -111.844039, 40.832235 ], [ -111.84386, 40.832145 ], [ -111.843311, 40.832144 ], [ -111.84313, 40.83211 ], [ -111.84294, 40.832103 ], [ -111.842614, 40.832114 ], [ -111.842423, 40.832184 ], [ -111.841998, 40.832246 ], [ -111.841496, 40.832399 ], [ -111.840733, 40.832047 ], [ -111.840158, 40.831721 ], [ -111.840107, 40.831683 ], [ -111.83961, 40.831016 ], [ -111.839184, 40.830997 ], [ -111.8391, 40.830955 ], [ -111.83885, 40.830862 ], [ -111.838571, 40.830778 ], [ -111.838395, 40.830764 ], [ -111.838014, 40.830736 ], [ -111.837846, 40.830681 ], [ -111.837584, 40.830682 ], [ -111.837141, 40.830722 ], [ -111.836755, 40.83072 ], [ -111.836251, 40.830747 ], [ -111.835694, 40.830763 ], [ -111.83544, 40.830793 ], [ -111.835203, 40.830844 ], [ -111.835044, 40.830926 ], [ -111.834821, 40.831081 ], [ -111.834751, 40.831142 ], [ -111.834351, 40.831368 ], [ -111.833973, 40.831592 ], [ -111.833479, 40.831714 ], [ -111.832915, 40.831801 ], [ -111.832714, 40.831886 ], [ -111.832505, 40.831908 ], [ -111.83221, 40.831946 ], [ -111.831949, 40.831939 ], [ -111.831238, 40.831922 ], [ -111.830845, 40.831853 ], [ -111.830555, 40.831859 ], [ -111.830393, 40.831825 ], [ -111.829249, 40.832243 ], [ -111.829167, 40.832297 ], [ -111.828831, 40.832537 ], [ -111.828704, 40.832817 ], [ -111.828784, 40.833068 ], [ -111.828504, 40.833513 ], [ -111.828418, 40.8336 ], [ -111.828142, 40.833772 ], [ -111.827839, 40.833816 ], [ -111.827549, 40.833813 ], [ -111.82724, 40.833801 ], [ -111.826694, 40.833774 ], [ -111.826327, 40.833768 ], [ -111.82587, 40.833726 ], [ -111.825341, 40.833698 ], [ -111.825015, 40.833683 ], [ -111.824688, 40.83364 ], [ -111.824304, 40.833755 ], [ -111.824021, 40.833901 ], [ -111.823661, 40.833994 ], [ -111.82321, 40.834006 ], [ -111.822827, 40.834118 ], [ -111.822525, 40.834196 ], [ -111.822128, 40.834235 ], [ -111.821767, 40.834332 ], [ -111.821438, 40.834523 ], [ -111.821203, 40.834764 ], [ -111.82058, 40.835205 ], [ -111.820354, 40.835368 ], [ -111.820339, 40.835379 ], [ -111.820052, 40.835525 ], [ -111.819871, 40.835668 ], [ -111.819789, 40.835835 ], [ -111.819469, 40.836019 ], [ -111.819152, 40.836256 ], [ -111.818852, 40.836474 ], [ -111.818765, 40.83665 ], [ -111.818735, 40.836673 ], [ -111.818629, 40.836835 ], [ -111.818484, 40.837425 ], [ -111.817967, 40.837916 ], [ -111.817857, 40.837995 ], [ -111.817196, 40.83839 ], [ -111.817098, 40.838401 ], [ -111.816963, 40.838473 ], [ -111.816914, 40.838474 ], [ -111.816564, 40.838513 ], [ -111.816299, 40.838623 ], [ -111.816028, 40.838764 ], [ -111.815761, 40.838923 ], [ -111.815651, 40.838982 ], [ -111.814731, 40.839021 ], [ -111.813519, 40.839464 ], [ -111.813351, 40.839456 ], [ -111.813031, 40.839757 ], [ -111.812006, 40.839985 ], [ -111.811559, 40.839953 ], [ -111.811166, 40.839848 ], [ -111.8106, 40.839667 ], [ -111.81007, 40.839419 ], [ -111.809819, 40.839313 ], [ -111.809504, 40.839261 ], [ -111.80913, 40.839182 ], [ -111.808785, 40.839166 ], [ -111.80848, 40.839224 ], [ -111.807758, 40.839162 ], [ -111.807653, 40.839221 ], [ -111.807386, 40.839194 ], [ -111.80697, 40.839076 ], [ -111.806642, 40.838983 ], [ -111.806401, 40.83892 ], [ -111.805671, 40.838346 ], [ -111.804888, 40.837882 ], [ -111.804658, 40.837855 ], [ -111.804453, 40.838098 ], [ -111.804154, 40.838298 ], [ -111.803732, 40.838643 ], [ -111.803616, 40.83883 ], [ -111.803304, 40.839011 ], [ -111.80302, 40.839108 ], [ -111.802541, 40.839251 ], [ -111.802187, 40.839402 ], [ -111.801929, 40.839606 ], [ -111.801729, 40.839793 ], [ -111.801471, 40.839964 ], [ -111.80111, 40.840103 ], [ -111.800721, 40.840232 ], [ -111.800443, 40.840324 ], [ -111.800259, 40.840326 ], [ -111.800022, 40.840331 ], [ -111.799719, 40.840261 ], [ -111.799286, 40.840278 ], [ -111.799044, 40.840415 ], [ -111.798927, 40.840537 ], [ -111.798757, 40.840682 ], [ -111.798644, 40.840823 ], [ -111.798096, 40.841266 ], [ -111.797802, 40.841679 ], [ -111.797502, 40.841862 ], [ -111.797223, 40.841963 ], [ -111.796853, 40.84215 ], [ -111.796683, 40.842287 ], [ -111.796507, 40.842415 ], [ -111.796353, 40.842528 ], [ -111.796206, 40.842632 ], [ -111.795936, 40.842824 ], [ -111.795473, 40.842926 ], [ -111.795149, 40.842964 ], [ -111.794741, 40.843079 ], [ -111.794492, 40.843234 ], [ -111.794153, 40.843547 ], [ -111.794108, 40.843593 ], [ -111.79279, 40.844445 ], [ -111.792703, 40.844542 ], [ -111.792629, 40.844562 ], [ -111.792233, 40.844677 ], [ -111.79189, 40.844756 ], [ -111.791606, 40.844844 ], [ -111.791157, 40.844968 ], [ -111.791143, 40.844976 ], [ -111.790895, 40.84503 ], [ -111.789669, 40.845419 ], [ -111.789655, 40.845426 ], [ -111.789225, 40.845554 ], [ -111.788857, 40.845592 ], [ -111.788531, 40.845595 ], [ -111.78814, 40.845615 ], [ -111.787772, 40.845564 ], [ -111.78748, 40.845512 ], [ -111.787006, 40.845501 ], [ -111.78659, 40.845473 ], [ -111.786109, 40.84544 ], [ -111.785758, 40.845348 ], [ -111.785119, 40.844938 ], [ -111.784861, 40.844746 ], [ -111.784606, 40.844734 ], [ -111.784363, 40.844712 ], [ -111.784041, 40.844636 ], [ -111.783647, 40.844501 ], [ -111.783495, 40.844472 ], [ -111.783077, 40.844317 ], [ -111.782673, 40.844166 ], [ -111.782285, 40.844047 ], [ -111.781987, 40.843959 ], [ -111.781744, 40.843902 ], [ -111.781518, 40.84389 ], [ -111.781263, 40.843901 ], [ -111.780969, 40.84407 ], [ -111.780786, 40.844179 ], [ -111.780395, 40.844254 ], [ -111.780088, 40.844314 ], [ -111.77974, 40.844375 ], [ -111.779342, 40.844391 ], [ -111.77885, 40.844516 ], [ -111.778531, 40.844577 ], [ -111.778016, 40.844724 ], [ -111.777506, 40.845115 ], [ -111.777027, 40.845787 ], [ -111.777003, 40.845817 ], [ -111.77682, 40.846019 ], [ -111.776624, 40.84618 ], [ -111.776293, 40.846488 ], [ -111.776088, 40.846651 ], [ -111.775812, 40.846791 ], [ -111.775554, 40.847017 ], [ -111.774976, 40.847521 ], [ -111.774821, 40.847568 ], [ -111.774607, 40.847632 ], [ -111.774254, 40.847801 ], [ -111.77363, 40.848014 ], [ -111.772861, 40.848178 ], [ -111.772696, 40.848393 ], [ -111.772602, 40.848476 ], [ -111.772251, 40.848555 ], [ -111.772269, 40.848731 ], [ -111.77227, 40.848741 ], [ -111.772056, 40.848828 ], [ -111.771887, 40.84884 ], [ -111.771355, 40.84887 ], [ -111.770847, 40.848914 ], [ -111.770443, 40.848871 ], [ -111.770122, 40.848829 ], [ -111.769878, 40.848758 ], [ -111.769598, 40.848629 ], [ -111.769151, 40.848475 ], [ -111.768812, 40.848364 ], [ -111.768515, 40.84833 ], [ -111.768255, 40.848431 ], [ -111.767866, 40.848641 ], [ -111.767577, 40.848823 ], [ -111.767288, 40.84896 ], [ -111.766999, 40.849129 ], [ -111.766711, 40.849324 ], [ -111.766244, 40.84949 ], [ -111.765701, 40.8497 ], [ -111.765294, 40.849874 ], [ -111.765111, 40.84997 ], [ -111.76491, 40.850069 ], [ -111.764716, 40.850184 ], [ -111.764275, 40.850439 ], [ -111.76408, 40.850558 ], [ -111.763873, 40.85064 ], [ -111.763584, 40.850741 ], [ -111.763199, 40.850847 ], [ -111.762809, 40.850964 ], [ -111.762567, 40.851054 ], [ -111.762328, 40.851144 ], [ -111.762101, 40.851292 ], [ -111.761924, 40.851401 ], [ -111.761688, 40.851524 ], [ -111.761394, 40.851706 ], [ -111.7612, 40.851865 ], [ -111.760988, 40.852029 ], [ -111.760866, 40.852098 ], [ -111.760787, 40.852143 ], [ -111.760559, 40.852333 ], [ -111.760478, 40.852496 ], [ -111.76038, 40.852695 ], [ -111.760345, 40.852862 ], [ -111.760262, 40.852961 ], [ -111.760252, 40.852967 ], [ -111.760157, 40.853025 ], [ -111.759997, 40.853004 ], [ -111.759783, 40.852937 ], [ -111.759617, 40.852818 ], [ -111.759311, 40.852671 ], [ -111.758726, 40.852408 ], [ -111.758679, 40.852398 ], [ -111.758437, 40.852445 ], [ -111.758205, 40.852505 ], [ -111.758015, 40.852537 ], [ -111.757907, 40.852579 ], [ -111.757863, 40.852608 ], [ -111.75765, 40.852703 ], [ -111.757526, 40.852763 ], [ -111.757337, 40.852845 ], [ -111.757137, 40.852936 ], [ -111.756906, 40.853046 ], [ -111.756641, 40.853187 ], [ -111.756626, 40.853197 ], [ -111.756582, 40.853227 ], [ -111.756441, 40.853324 ], [ -111.756282, 40.853419 ], [ -111.756034, 40.85357 ], [ -111.755793, 40.85372 ], [ -111.755598, 40.853802 ], [ -111.755356, 40.853903 ], [ -111.75519, 40.853944 ], [ -111.754971, 40.853946 ], [ -111.754763, 40.853907 ], [ -111.754269, 40.85377 ], [ -111.753786, 40.853553 ], [ -111.753637, 40.85345 ], [ -111.753463, 40.853312 ], [ -111.753382, 40.853257 ], [ -111.753351, 40.853236 ], [ -111.753272, 40.853182 ], [ -111.753075, 40.853084 ], [ -111.752866, 40.853018 ], [ -111.752659, 40.853006 ], [ -111.752521, 40.85303 ], [ -111.752304, 40.853081 ], [ -111.752115, 40.853181 ], [ -111.752015, 40.853249 ], [ -111.75199, 40.85327 ], [ -111.751762, 40.853458 ], [ -111.751574, 40.853639 ], [ -111.751457, 40.85373 ], [ -111.751279, 40.853905 ], [ -111.751128, 40.854031 ], [ -111.750937, 40.854126 ], [ -111.750804, 40.854208 ], [ -111.750498, 40.854426 ], [ -111.750351, 40.854596 ], [ -111.75015, 40.854733 ], [ -111.750099, 40.854767 ], [ -111.749662, 40.85523 ], [ -111.749585, 40.85534 ], [ -111.749451, 40.855532 ], [ -111.749294, 40.855758 ], [ -111.749233, 40.855822 ], [ -111.74894, 40.856161 ], [ -111.748694, 40.856429 ], [ -111.748565, 40.856694 ], [ -111.748479, 40.856871 ], [ -111.7484, 40.85725 ], [ -111.748344, 40.857503 ], [ -111.748237, 40.858049 ], [ -111.748215, 40.858747 ], [ -111.748189, 40.85904 ], [ -111.74812, 40.859252 ], [ -111.748052, 40.859383 ], [ -111.747742, 40.859693 ], [ -111.747274, 40.859996 ], [ -111.746843, 40.860193 ], [ -111.746181, 40.860354 ], [ -111.74595, 40.86041 ], [ -111.745661, 40.860452 ], [ -111.745062, 40.860537 ], [ -111.744801, 40.860584 ], [ -111.744547, 40.860631 ], [ -111.743692, 40.860609 ], [ -111.743265, 40.860588 ], [ -111.742629, 40.860521 ], [ -111.742498, 40.860507 ], [ -111.742447, 40.860502 ], [ -111.742387, 40.860501 ], [ -111.742219, 40.860484 ], [ -111.741965, 40.860461 ], [ -111.741913, 40.860456 ], [ -111.741786, 40.860441 ], [ -111.74156, 40.86049 ], [ -111.740995, 40.86059 ], [ -111.740211, 40.860699 ], [ -111.739495, 40.860929 ], [ -111.738912, 40.861174 ], [ -111.738892, 40.861142 ], [ -111.738843, 40.861086 ], [ -111.738744, 40.860998 ], [ -111.738381, 40.860764 ], [ -111.738333, 40.860748 ], [ -111.738122, 40.86068 ], [ -111.737799, 40.860608 ], [ -111.737737, 40.860594 ], [ -111.736932, 40.860392 ], [ -111.736106, 40.860281 ], [ -111.734926, 40.859957 ], [ -111.734464, 40.859814 ], [ -111.733311, 40.859399 ], [ -111.732686, 40.859059 ], [ -111.732276, 40.858811 ], [ -111.732131, 40.85866 ], [ -111.731988, 40.858419 ], [ -111.731844, 40.858222 ], [ -111.731657, 40.858086 ], [ -111.731199, 40.857768 ], [ -111.730168, 40.857004 ], [ -111.729666, 40.856743 ], [ -111.729427, 40.856523 ], [ -111.72903, 40.856329 ], [ -111.727522, 40.855898 ], [ -111.727331, 40.855838 ], [ -111.726841, 40.855595 ], [ -111.725721, 40.855077 ], [ -111.725304, 40.854783 ], [ -111.724928, 40.854688 ], [ -111.724618, 40.854688 ], [ -111.724405, 40.854739 ], [ -111.724043, 40.854864 ], [ -111.723357, 40.855065 ], [ -111.721783, 40.855426 ], [ -111.721462, 40.855519 ], [ -111.721057, 40.855704 ], [ -111.720842, 40.855763 ], [ -111.72066, 40.855683 ], [ -111.720495, 40.855525 ], [ -111.720163, 40.855118 ], [ -111.72004, 40.854903 ], [ -111.719129, 40.853987 ], [ -111.718388, 40.853472 ], [ -111.718054, 40.853315 ], [ -111.717634, 40.853149 ], [ -111.71721, 40.853167 ], [ -111.716963, 40.853248 ], [ -111.716609, 40.853443 ], [ -111.716468, 40.853543 ], [ -111.716391, 40.853571 ], [ -111.716303, 40.853601 ], [ -111.716218, 40.853601 ], [ -111.716125, 40.853602 ], [ -111.715899, 40.853559 ], [ -111.715554, 40.853445 ], [ -111.715268, 40.853333 ], [ -111.714825, 40.853085 ], [ -111.714205, 40.852763 ], [ -111.713749, 40.852582 ], [ -111.712848, 40.852096 ], [ -111.712601, 40.851953 ], [ -111.712361, 40.85168 ], [ -111.71216, 40.851682 ], [ -111.71203, 40.85175 ], [ -111.711578, 40.852074 ], [ -111.711282, 40.852225 ], [ -111.711134, 40.8523 ], [ -111.710729, 40.852425 ], [ -111.710513, 40.852485 ], [ -111.710454, 40.85248 ], [ -111.710362, 40.85248 ], [ -111.710194, 40.852476 ], [ -111.709869, 40.852565 ], [ -111.709761, 40.852616 ], [ -111.709614, 40.852698 ], [ -111.709235, 40.852831 ], [ -111.709063, 40.852837 ], [ -111.708838, 40.852843 ], [ -111.708814, 40.852843 ], [ -111.708399, 40.852806 ], [ -111.708133, 40.852738 ], [ -111.707262, 40.852559 ], [ -111.706969, 40.852583 ], [ -111.706861, 40.852642 ], [ -111.706732, 40.852773 ], [ -111.705899, 40.854107 ], [ -111.705521, 40.85446 ], [ -111.704574, 40.855133 ], [ -111.704415, 40.855319 ], [ -111.704246, 40.855526 ], [ -111.703851, 40.855826 ], [ -111.703746, 40.85594 ], [ -111.703648, 40.856127 ], [ -111.70336, 40.856768 ], [ -111.702949, 40.858012 ], [ -111.702795, 40.858361 ], [ -111.702437, 40.85903 ], [ -111.7016, 40.860601 ], [ -111.701295, 40.861235 ], [ -111.700975, 40.861564 ], [ -111.700513, 40.861608 ], [ -111.699657, 40.861589 ], [ -111.698893, 40.861543 ], [ -111.697727, 40.86153 ], [ -111.697346, 40.861527 ], [ -111.697075, 40.861525 ], [ -111.696834, 40.861565 ], [ -111.696781, 40.861579 ], [ -111.695911, 40.861784 ], [ -111.695562, 40.861795 ], [ -111.695192, 40.861689 ], [ -111.694565, 40.861375 ], [ -111.69412, 40.860876 ], [ -111.693941, 40.860718 ], [ -111.692713, 40.859884 ], [ -111.691797, 40.859396 ], [ -111.6915, 40.859225 ], [ -111.69088, 40.858825 ], [ -111.69038, 40.858622 ], [ -111.690005, 40.858598 ], [ -111.689537, 40.858672 ], [ -111.689347, 40.858732 ], [ -111.688358, 40.858774 ], [ -111.688024, 40.858763 ], [ -111.687207, 40.858809 ], [ -111.686668, 40.858755 ], [ -111.686321, 40.858653 ], [ -111.686124, 40.85855 ], [ -111.686016, 40.858434 ], [ -111.685866, 40.858233 ], [ -111.685831, 40.858162 ], [ -111.685676, 40.857953 ], [ -111.685625, 40.857887 ], [ -111.685133, 40.857562 ], [ -111.684544, 40.857224 ], [ -111.68379, 40.856695 ], [ -111.683499, 40.856407 ], [ -111.683323, 40.856304 ], [ -111.682898, 40.856206 ], [ -111.682671, 40.856197 ], [ -111.68236, 40.856199 ], [ -111.680715, 40.856244 ], [ -111.679264, 40.856182 ], [ -111.679092, 40.856163 ], [ -111.678455, 40.856035 ], [ -111.678267, 40.855997 ], [ -111.677729, 40.855769 ], [ -111.677131, 40.855504 ], [ -111.676743, 40.855349 ], [ -111.676208, 40.855239 ], [ -111.675687, 40.855231 ], [ -111.675004, 40.855282 ], [ -111.674651, 40.855366 ], [ -111.67435, 40.855368 ], [ -111.674114, 40.855279 ], [ -111.673916, 40.8551 ], [ -111.673849, 40.855 ], [ -111.673301, 40.854433 ], [ -111.672966, 40.854091 ], [ -111.672645, 40.853815 ], [ -111.67253, 40.853756 ], [ -111.672371, 40.853674 ], [ -111.672133, 40.853594 ], [ -111.671818, 40.853542 ], [ -111.671521, 40.853521 ], [ -111.671222, 40.853523 ], [ -111.670999, 40.853524 ], [ -111.670866, 40.853532 ], [ -111.670493, 40.853549 ], [ -111.670157, 40.853589 ], [ -111.669932, 40.853591 ], [ -111.669799, 40.853528 ], [ -111.66957, 40.853264 ], [ -111.669333, 40.852925 ], [ -111.66918, 40.85267 ], [ -111.668866, 40.852365 ], [ -111.668058, 40.851889 ], [ -111.667094, 40.851454 ], [ -111.666978, 40.851425 ], [ -111.666611, 40.851278 ], [ -111.666177, 40.851073 ], [ -111.665889, 40.850881 ], [ -111.665411, 40.850397 ], [ -111.665183, 40.850291 ], [ -111.664868, 40.85022 ], [ -111.664622, 40.850205 ], [ -111.663996, 40.850194 ], [ -111.663549, 40.849943 ], [ -111.663316, 40.849691 ], [ -111.663114, 40.849229 ], [ -111.66278, 40.848892 ], [ -111.662032, 40.848377 ], [ -111.661888, 40.848068 ], [ -111.661815, 40.847385 ], [ -111.661673, 40.847132 ], [ -111.661398, 40.846869 ], [ -111.66112, 40.846635 ], [ -111.660801, 40.846337 ], [ -111.660698, 40.846177 ], [ -111.660509, 40.845583 ], [ -111.660457, 40.845288 ], [ -111.660483, 40.845079 ], [ -111.660692, 40.844885 ], [ -111.660973, 40.844758 ], [ -111.660984, 40.844748 ], [ -111.660999, 40.84474 ], [ -111.661117, 40.844672 ], [ -111.661381, 40.844468 ], [ -111.661623, 40.844228 ], [ -111.661902, 40.843977 ], [ -111.662481, 40.843443 ], [ -111.662542, 40.843391 ], [ -111.66271, 40.843248 ], [ -111.662769, 40.843194 ], [ -111.662969, 40.843013 ], [ -111.663157, 40.842786 ], [ -111.663302, 40.842497 ], [ -111.663359, 40.84229 ], [ -111.663492, 40.841929 ], [ -111.663778, 40.841495 ], [ -111.663923, 40.841138 ], [ -111.663992, 40.84089 ], [ -111.66403, 40.840574 ], [ -111.664057, 40.840286 ], [ -111.664063, 40.840071 ], [ -111.664074, 40.839642 ], [ -111.664178, 40.839308 ], [ -111.664314, 40.838793 ], [ -111.664332, 40.838726 ], [ -111.664342, 40.838701 ], [ -111.664356, 40.838634 ], [ -111.664489, 40.838324 ], [ -111.664661, 40.837917 ], [ -111.664885, 40.83727 ], [ -111.664968, 40.836947 ], [ -111.665015, 40.83645 ], [ -111.664999, 40.836137 ], [ -111.665093, 40.835627 ], [ -111.665332, 40.83548 ], [ -111.665739, 40.835333 ], [ -111.66588, 40.835187 ], [ -111.66599, 40.83498 ], [ -111.666028, 40.834682 ], [ -111.666019, 40.834395 ], [ -111.666069, 40.834022 ], [ -111.66605, 40.833721 ], [ -111.666153, 40.832961 ], [ -111.666128, 40.832108 ], [ -111.665907, 40.831386 ], [ -111.665691, 40.830658 ], [ -111.665521, 40.830428 ], [ -111.66525, 40.830233 ], [ -111.664857, 40.830036 ], [ -111.664501, 40.829899 ], [ -111.664313, 40.829905 ], [ -111.66357, 40.829936 ], [ -111.662651, 40.83017 ], [ -111.660942, 40.830309 ], [ -111.660069, 40.830501 ], [ -111.658636, 40.830627 ], [ -111.657526, 40.830556 ], [ -111.657093, 40.830581 ], [ -111.656858, 40.830546 ], [ -111.656734, 40.830496 ], [ -111.656221, 40.830204 ], [ -111.65607, 40.830151 ], [ -111.655067, 40.829524 ], [ -111.654965, 40.829367 ], [ -111.654667, 40.828907 ], [ -111.654658, 40.828897 ], [ -111.654536, 40.828756 ], [ -111.654409, 40.828609 ], [ -111.654346, 40.828473 ], [ -111.654292, 40.828405 ], [ -111.654179, 40.828315 ], [ -111.654093, 40.828247 ], [ -111.654003, 40.828178 ], [ -111.653777, 40.828005 ], [ -111.653615, 40.827911 ], [ -111.65246, 40.827347 ], [ -111.652379, 40.827254 ], [ -111.652261, 40.826974 ], [ -111.652276, 40.826675 ], [ -111.652268, 40.826321 ], [ -111.652144, 40.825832 ], [ -111.652117, 40.825008 ], [ -111.651948, 40.82426 ], [ -111.651758, 40.82404 ], [ -111.651395, 40.823925 ], [ -111.651133, 40.823979 ], [ -111.649861, 40.824532 ], [ -111.649581, 40.824588 ], [ -111.648866, 40.824554 ], [ -111.648293, 40.824478 ], [ -111.647723, 40.824374 ], [ -111.646811, 40.82428 ], [ -111.646076, 40.824144 ], [ -111.64565, 40.824061 ], [ -111.645546, 40.823996 ], [ -111.64553, 40.823854 ], [ -111.645687, 40.823446 ], [ -111.645707, 40.82316 ], [ -111.645709, 40.822949 ], [ -111.645697, 40.822744 ], [ -111.645604, 40.822455 ], [ -111.645573, 40.822183 ], [ -111.645718, 40.821321 ], [ -111.645733, 40.82093 ], [ -111.645676, 40.820737 ], [ -111.645594, 40.820539 ], [ -111.644464, 40.819738 ], [ -111.644065, 40.819543 ], [ -111.6438, 40.819453 ], [ -111.643434, 40.819312 ], [ -111.643292, 40.81919 ], [ -111.64227, 40.818454 ], [ -111.641994, 40.818136 ], [ -111.641964, 40.817939 ], [ -111.641972, 40.817718 ], [ -111.642025, 40.817565 ], [ -111.642017, 40.81742 ], [ -111.641952, 40.817152 ], [ -111.641701, 40.816607 ], [ -111.641379, 40.816379 ], [ -111.640858, 40.815899 ], [ -111.640617, 40.815513 ], [ -111.640379, 40.814794 ], [ -111.640398, 40.814494 ], [ -111.640715, 40.812996 ], [ -111.640681, 40.812886 ], [ -111.640497, 40.812759 ], [ -111.640197, 40.81263 ], [ -111.640018, 40.8125 ], [ -111.639995, 40.81231 ], [ -111.639983, 40.811958 ], [ -111.639902, 40.81178 ], [ -111.639838, 40.811588 ], [ -111.639687, 40.811137 ], [ -111.639469, 40.81083 ], [ -111.639219, 40.810434 ], [ -111.639101, 40.810156 ], [ -111.638965, 40.809663 ], [ -111.638964, 40.809441 ], [ -111.639046, 40.809286 ], [ -111.639272, 40.809069 ], [ -111.640337, 40.808048 ], [ -111.640509, 40.807915 ], [ -111.64081, 40.807814 ], [ -111.641369, 40.807647 ], [ -111.641588, 40.80749 ], [ -111.642364, 40.806038 ], [ -111.642469, 40.805873 ], [ -111.642479, 40.805742 ], [ -111.642398, 40.805638 ], [ -111.642246, 40.805549 ], [ -111.640819, 40.805062 ], [ -111.640782, 40.804941 ], [ -111.641118, 40.80425 ], [ -111.641286, 40.803616 ], [ -111.641225, 40.802758 ], [ -111.641141, 40.80237 ], [ -111.641097, 40.801911 ], [ -111.641146, 40.801421 ], [ -111.64123, 40.800974 ], [ -111.641256, 40.80065 ], [ -111.641118, 40.800039 ], [ -111.641024, 40.799754 ], [ -111.640984, 40.799383 ], [ -111.641052, 40.798925 ], [ -111.6416, 40.798764 ], [ -111.642002, 40.798654 ], [ -111.642255, 40.798657 ], [ -111.642327, 40.798661 ], [ -111.642461, 40.798679 ], [ -111.642528, 40.798682 ], [ -111.642925, 40.798694 ], [ -111.643365, 40.798615 ], [ -111.643743, 40.798505 ], [ -111.644162, 40.798327 ], [ -111.645067, 40.798078 ], [ -111.645508, 40.797987 ], [ -111.645966, 40.797893 ], [ -111.646279, 40.797765 ], [ -111.646484, 40.79757 ], [ -111.646589, 40.797347 ], [ -111.64664, 40.797159 ], [ -111.646784, 40.796735 ], [ -111.646915, 40.7965 ], [ -111.646988, 40.796369 ], [ -111.647181, 40.796033 ], [ -111.647384, 40.795649 ], [ -111.64747, 40.795398 ], [ -111.647482, 40.795361 ], [ -111.647534, 40.795216 ], [ -111.647607, 40.794797 ], [ -111.647991, 40.794084 ], [ -111.648292, 40.793294 ], [ -111.648653, 40.792513 ], [ -111.648743, 40.792245 ], [ -111.648691, 40.791958 ], [ -111.648591, 40.791827 ], [ -111.648411, 40.791612 ], [ -111.648356, 40.791455 ], [ -111.648283, 40.791302 ], [ -111.648191, 40.791105 ], [ -111.648023, 40.790886 ], [ -111.647846, 40.790734 ], [ -111.647641, 40.790446 ], [ -111.647496, 40.790226 ], [ -111.647362, 40.789785 ], [ -111.647283, 40.789615 ], [ -111.647174, 40.789462 ], [ -111.647012, 40.789315 ], [ -111.646744, 40.789168 ], [ -111.646506, 40.789052 ], [ -111.646335, 40.788936 ], [ -111.646118, 40.788788 ], [ -111.645969, 40.788663 ], [ -111.645814, 40.788529 ], [ -111.645569, 40.788332 ], [ -111.645111, 40.787996 ], [ -111.644716, 40.787838 ], [ -111.644443, 40.787776 ], [ -111.644247, 40.78774 ], [ -111.64401, 40.787595 ], [ -111.64394, 40.787472 ], [ -111.643797, 40.787065 ], [ -111.643536, 40.786594 ], [ -111.643245, 40.786236 ], [ -111.643099, 40.786084 ], [ -111.643041, 40.785943 ], [ -111.643253, 40.785769 ], [ -111.643406, 40.785647 ], [ -111.643512, 40.785559 ], [ -111.64385, 40.785045 ], [ -111.644137, 40.784711 ], [ -111.644378, 40.784471 ], [ -111.644565, 40.784285 ], [ -111.645378, 40.78365 ], [ -111.645813, 40.78329 ], [ -111.645994, 40.783037 ], [ -111.64614, 40.78282 ], [ -111.646326, 40.782494 ], [ -111.646386, 40.782102 ], [ -111.646204, 40.781603 ], [ -111.64599, 40.780978 ], [ -111.645729, 40.780268 ], [ -111.645475, 40.779647 ], [ -111.645377, 40.779278 ], [ -111.645339, 40.779036 ], [ -111.64539, 40.778793 ], [ -111.645541, 40.778487 ], [ -111.645992, 40.777993 ], [ -111.646415, 40.777622 ], [ -111.646503, 40.777545 ], [ -111.647332, 40.776833 ], [ -111.647979, 40.7763 ], [ -111.648535, 40.775667 ], [ -111.648768, 40.775256 ], [ -111.648791, 40.775179 ], [ -111.648906, 40.774795 ], [ -111.648914, 40.774399 ], [ -111.648953, 40.774049 ], [ -111.649063, 40.773688 ], [ -111.649082, 40.773637 ], [ -111.649129, 40.773443 ], [ -111.649061, 40.773275 ], [ -111.648905, 40.773119 ], [ -111.648672, 40.772924 ], [ -111.647826, 40.772391 ], [ -111.64732, 40.772184 ], [ -111.646888, 40.772101 ], [ -111.646758, 40.772093 ], [ -111.646465, 40.772111 ], [ -111.646415, 40.772127 ], [ -111.646178, 40.77221 ], [ -111.645968, 40.77221 ], [ -111.6458, 40.772163 ], [ -111.645446, 40.771969 ], [ -111.645196, 40.771714 ], [ -111.645088, 40.771565 ], [ -111.644858, 40.771233 ], [ -111.64456, 40.771078 ], [ -111.644331, 40.771061 ], [ -111.643785, 40.771119 ], [ -111.643313, 40.771157 ], [ -111.642441, 40.771223 ], [ -111.641826, 40.771255 ], [ -111.641456, 40.771271 ], [ -111.641274, 40.771235 ], [ -111.641084, 40.7712 ], [ -111.640797, 40.771085 ], [ -111.640566, 40.770946 ], [ -111.639928, 40.77053 ], [ -111.63984, 40.770437 ], [ -111.639647, 40.770234 ], [ -111.639423, 40.769993 ], [ -111.639353, 40.769917 ], [ -111.638882, 40.769587 ], [ -111.6384, 40.769167 ], [ -111.637886, 40.768772 ], [ -111.637365, 40.76819 ], [ -111.637141, 40.767736 ], [ -111.636995, 40.767284 ], [ -111.636854, 40.766901 ], [ -111.636788, 40.766728 ], [ -111.636758, 40.766548 ], [ -111.636797, 40.766296 ], [ -111.636884, 40.766107 ], [ -111.636978, 40.765809 ], [ -111.637031, 40.765591 ], [ -111.637106, 40.765097 ], [ -111.637225, 40.764596 ], [ -111.637358, 40.764262 ], [ -111.63738, 40.764167 ], [ -111.63741, 40.763897 ], [ -111.637394, 40.763824 ], [ -111.637339, 40.763688 ], [ -111.637165, 40.763491 ], [ -111.637045, 40.763362 ], [ -111.636841, 40.763188 ], [ -111.636014, 40.762748 ], [ -111.635206, 40.762405 ], [ -111.635093, 40.762382 ], [ -111.63476, 40.762312 ], [ -111.634247, 40.762269 ], [ -111.633568, 40.762147 ], [ -111.632581, 40.761784 ], [ -111.632046, 40.761535 ], [ -111.631373, 40.761179 ], [ -111.630826, 40.760968 ], [ -111.630357, 40.760801 ], [ -111.629916, 40.760698 ], [ -111.629561, 40.760617 ], [ -111.628453, 40.760456 ], [ -111.627753, 40.760469 ], [ -111.62728, 40.760477 ], [ -111.627179, 40.760489 ], [ -111.627009, 40.760509 ], [ -111.626714, 40.760596 ], [ -111.626448, 40.76071 ], [ -111.626029, 40.760884 ], [ -111.625765, 40.760997 ], [ -111.625692, 40.761007 ], [ -111.625615, 40.761016 ], [ -111.625556, 40.761021 ], [ -111.625514, 40.761021 ], [ -111.625387, 40.761018 ], [ -111.625206, 40.760964 ], [ -111.62459, 40.7607 ], [ -111.624013, 40.760414 ], [ -111.623734, 40.760195 ], [ -111.623577, 40.760026 ], [ -111.623477, 40.759873 ], [ -111.623327, 40.759704 ], [ -111.623034, 40.759453 ], [ -111.62265, 40.759173 ], [ -111.622502, 40.759064 ], [ -111.621793, 40.758509 ], [ -111.621366, 40.758239 ], [ -111.621334, 40.758219 ], [ -111.62114, 40.758061 ], [ -111.621038, 40.75795 ], [ -111.621102, 40.75782 ], [ -111.621199, 40.757737 ], [ -111.621378, 40.757611 ], [ -111.621507, 40.757525 ], [ -111.621961, 40.75732 ], [ -111.622051, 40.757279 ], [ -111.622176, 40.757221 ], [ -111.62244, 40.757101 ], [ -111.62264, 40.75696 ], [ -111.622757, 40.75681 ], [ -111.622775, 40.756765 ], [ -111.62281, 40.756685 ], [ -111.622948, 40.75635 ], [ -111.623023, 40.756114 ], [ -111.623139, 40.755222 ], [ -111.623212, 40.754759 ], [ -111.623269, 40.754583 ], [ -111.623373, 40.754289 ], [ -111.623389, 40.754248 ], [ -111.623426, 40.754154 ], [ -111.623524, 40.753909 ], [ -111.623529, 40.753723 ], [ -111.623537, 40.753594 ], [ -111.623483, 40.75347 ], [ -111.623453, 40.753406 ], [ -111.623321, 40.753266 ], [ -111.623187, 40.753141 ], [ -111.622992, 40.75297 ], [ -111.622715, 40.752469 ], [ -111.62271, 40.752439 ], [ -111.622594, 40.751851 ], [ -111.622446, 40.751088 ], [ -111.622411, 40.751053 ], [ -111.622159, 40.750803 ], [ -111.621896, 40.750541 ], [ -111.621788, 40.750434 ], [ -111.621762, 40.750407 ], [ -111.621437, 40.750116 ], [ -111.621156, 40.750039 ], [ -111.620784, 40.749938 ], [ -111.620617, 40.749892 ], [ -111.620505, 40.749862 ], [ -111.620025, 40.749731 ], [ -111.619819, 40.749622 ], [ -111.61971, 40.749564 ], [ -111.619345, 40.749371 ], [ -111.61903, 40.749204 ], [ -111.618689, 40.749023 ], [ -111.618543, 40.748946 ], [ -111.618498, 40.748843 ], [ -111.61841, 40.74864 ], [ -111.618319, 40.748432 ], [ -111.618229, 40.748223 ], [ -111.618138, 40.748015 ], [ -111.618047, 40.747806 ], [ -111.617956, 40.747598 ], [ -111.617775, 40.747181 ], [ -111.617644, 40.746881 ], [ -111.617527, 40.746593 ], [ -111.61745, 40.746418 ], [ -111.6175, 40.746345 ], [ -111.617743, 40.745992 ], [ -111.617953, 40.745689 ], [ -111.618163, 40.745385 ], [ -111.618378, 40.745073 ], [ -111.618963, 40.744224 ], [ -111.619147, 40.743957 ], [ -111.619332, 40.74369 ], [ -111.619732, 40.743374 ], [ -111.620693, 40.742566 ], [ -111.620735, 40.742529 ], [ -111.620911, 40.742412 ], [ -111.621135, 40.742394 ], [ -111.621348, 40.742392 ], [ -111.621478, 40.742391 ], [ -111.621838, 40.742395 ], [ -111.621895, 40.742381 ], [ -111.622006, 40.742357 ], [ -111.622244, 40.742297 ], [ -111.622496, 40.742205 ], [ -111.622839, 40.742145 ], [ -111.623021, 40.742021 ], [ -111.623122, 40.741977 ], [ -111.623405, 40.741849 ], [ -111.623611, 40.741826 ], [ -111.623831, 40.741765 ], [ -111.624008, 40.741711 ], [ -111.624184, 40.741604 ], [ -111.62426, 40.741456 ], [ -111.624393, 40.741149 ], [ -111.624475, 40.741017 ], [ -111.624544, 40.740796 ], [ -111.624531, 40.74064 ], [ -111.624571, 40.740482 ], [ -111.624675, 40.740183 ], [ -111.624691, 40.740015 ], [ -111.624658, 40.739814 ], [ -111.624621, 40.739611 ], [ -111.624541, 40.73945 ], [ -111.624356, 40.739313 ], [ -111.624036, 40.739274 ], [ -111.623675, 40.739252 ], [ -111.623401, 40.739186 ], [ -111.623068, 40.739012 ], [ -111.622789, 40.738869 ], [ -111.622656, 40.738752 ], [ -111.622526, 40.738619 ], [ -111.622227, 40.738359 ], [ -111.622019, 40.738252 ], [ -111.621848, 40.738082 ], [ -111.621745, 40.737942 ], [ -111.621655, 40.737727 ], [ -111.621747, 40.737452 ], [ -111.621823, 40.737302 ], [ -111.621862, 40.737151 ], [ -111.621989, 40.736716 ], [ -111.621968, 40.736482 ], [ -111.621947, 40.736369 ], [ -111.621918, 40.736189 ], [ -111.621876, 40.736014 ], [ -111.621904, 40.735839 ], [ -111.622038, 40.735604 ], [ -111.622254, 40.735265 ], [ -111.622341, 40.735053 ], [ -111.622376, 40.734917 ], [ -111.622382, 40.734895 ], [ -111.622462, 40.734598 ], [ -111.6226, 40.734317 ], [ -111.622741, 40.734118 ], [ -111.622934, 40.733878 ], [ -111.622986, 40.733725 ], [ -111.623131, 40.733476 ], [ -111.62323, 40.733268 ], [ -111.623312, 40.73311 ], [ -111.623335, 40.733061 ], [ -111.623404, 40.732911 ], [ -111.62342, 40.732686 ], [ -111.623453, 40.732411 ], [ -111.62348, 40.732154 ], [ -111.623469, 40.731739 ], [ -111.623396, 40.731482 ], [ -111.623299, 40.731245 ], [ -111.623196, 40.731047 ], [ -111.623164, 40.731011 ], [ -111.623004, 40.730837 ], [ -111.62285, 40.730684 ], [ -111.622767, 40.730545 ], [ -111.622765, 40.730399 ], [ -111.622745, 40.730261 ], [ -111.622635, 40.73007 ], [ -111.622286, 40.729914 ], [ -111.621889, 40.72988 ], [ -111.621639, 40.729859 ], [ -111.621366, 40.72982 ], [ -111.621035, 40.729819 ], [ -111.620727, 40.729818 ], [ -111.620501, 40.729802 ], [ -111.620187, 40.729768 ], [ -111.619909, 40.72972 ], [ -111.619714, 40.729683 ], [ -111.619225, 40.72957 ], [ -111.618788, 40.729443 ], [ -111.618391, 40.729444 ], [ -111.618094, 40.729437 ], [ -111.618016, 40.729419 ], [ -111.617756, 40.729348 ], [ -111.617548, 40.72925 ], [ -111.617405, 40.729184 ], [ -111.616741, 40.729029 ], [ -111.616224, 40.728942 ], [ -111.615637, 40.728774 ], [ -111.61525, 40.728569 ], [ -111.61503, 40.728503 ], [ -111.614687, 40.728469 ], [ -111.614242, 40.728376 ], [ -111.613838, 40.728274 ], [ -111.613636, 40.728167 ], [ -111.613465, 40.728065 ], [ -111.61334, 40.727939 ], [ -111.613409, 40.727746 ], [ -111.61348, 40.727677 ], [ -111.613649, 40.727515 ], [ -111.613815, 40.727418 ], [ -111.613955, 40.727237 ], [ -111.614061, 40.727102 ], [ -111.614136, 40.726966 ], [ -111.614206, 40.726844 ], [ -111.614254, 40.726763 ], [ -111.614375, 40.726571 ], [ -111.614433, 40.726342 ], [ -111.614448, 40.726076 ], [ -111.614428, 40.725896 ], [ -111.614444, 40.725703 ], [ -111.614601, 40.725267 ], [ -111.614647, 40.725148 ], [ -111.614787, 40.724927 ], [ -111.614932, 40.724641 ], [ -111.615041, 40.724484 ], [ -111.615272, 40.724325 ], [ -111.615418, 40.724222 ], [ -111.615677, 40.723982 ], [ -111.615878, 40.723841 ], [ -111.615968, 40.723742 ], [ -111.616013, 40.723695 ], [ -111.616112, 40.723559 ], [ -111.616247, 40.723383 ], [ -111.616357, 40.723161 ], [ -111.61638, 40.723057 ], [ -111.616395, 40.72294 ], [ -111.616322, 40.72278 ], [ -111.61592, 40.722642 ], [ -111.615679, 40.722521 ], [ -111.615442, 40.722405 ], [ -111.615246, 40.722311 ], [ -111.615156, 40.722208 ], [ -111.615096, 40.722149 ], [ -111.61499, 40.722043 ], [ -111.614804, 40.721753 ], [ -111.614759, 40.721416 ], [ -111.61467, 40.721265 ], [ -111.614668, 40.721088 ], [ -111.614702, 40.72089 ], [ -111.614742, 40.720737 ], [ -111.614753, 40.720674 ], [ -111.61477, 40.720524 ], [ -111.614744, 40.720297 ], [ -111.614801, 40.72008 ], [ -111.6149, 40.719926 ], [ -111.614969, 40.719792 ], [ -111.614798, 40.719507 ], [ -111.614638, 40.719384 ], [ -111.614424, 40.719361 ], [ -111.614177, 40.719275 ], [ -111.613909, 40.719275 ], [ -111.613597, 40.719172 ], [ -111.613332, 40.719138 ], [ -111.613267, 40.719134 ], [ -111.613046, 40.719122 ], [ -111.612847, 40.719193 ], [ -111.61265, 40.719223 ], [ -111.61259, 40.719223 ], [ -111.612475, 40.719229 ], [ -111.612352, 40.719228 ], [ -111.612073, 40.719131 ], [ -111.611913, 40.719023 ], [ -111.611789, 40.718879 ], [ -111.61179, 40.718646 ], [ -111.611577, 40.718349 ], [ -111.611591, 40.718075 ], [ -111.611774, 40.717934 ], [ -111.611869, 40.717744 ], [ -111.611787, 40.717619 ], [ -111.611524, 40.717431 ], [ -111.611173, 40.717236 ], [ -111.610661, 40.717067 ], [ -111.6104, 40.716982 ], [ -111.610088, 40.716771 ], [ -111.610079, 40.716746 ], [ -111.609978, 40.716561 ], [ -111.609738, 40.716251 ], [ -111.609511, 40.716072 ], [ -111.609254, 40.715889 ], [ -111.608908, 40.715639 ], [ -111.608647, 40.715446 ], [ -111.608354, 40.715227 ], [ -111.608109, 40.715047 ], [ -111.607931, 40.714865 ], [ -111.607604, 40.714671 ], [ -111.60751, 40.714586 ], [ -111.607241, 40.71434 ], [ -111.607181, 40.714238 ], [ -111.607138, 40.714157 ], [ -111.606899, 40.713815 ], [ -111.606785, 40.713569 ], [ -111.606765, 40.713548 ], [ -111.606571, 40.713337 ], [ -111.606515, 40.71325 ], [ -111.606418, 40.713097 ], [ -111.606257, 40.712918 ], [ -111.606221, 40.712856 ], [ -111.606148, 40.712716 ], [ -111.605945, 40.712581 ], [ -111.605678, 40.712438 ], [ -111.605535, 40.712335 ], [ -111.605338, 40.712148 ], [ -111.605105, 40.711996 ], [ -111.604867, 40.711873 ], [ -111.604673, 40.71186 ], [ -111.604447, 40.711869 ], [ -111.604127, 40.711779 ], [ -111.603973, 40.711664 ], [ -111.603883, 40.711529 ], [ -111.603805, 40.711412 ], [ -111.603714, 40.71122 ], [ -111.603474, 40.710875 ], [ -111.603341, 40.71068 ], [ -111.603014, 40.710353 ], [ -111.602929, 40.71025 ], [ -111.602714, 40.709989 ], [ -111.602517, 40.709812 ], [ -111.602106, 40.709557 ], [ -111.601844, 40.709383 ], [ -111.601557, 40.709222 ], [ -111.601291, 40.709125 ], [ -111.601054, 40.709053 ], [ -111.600832, 40.708942 ], [ -111.600637, 40.708848 ], [ -111.600489, 40.708672 ], [ -111.60039, 40.708475 ], [ -111.600261, 40.708282 ], [ -111.599931, 40.70787 ], [ -111.599792, 40.707654 ], [ -111.599487, 40.707327 ], [ -111.599314, 40.70713 ], [ -111.599052, 40.706879 ], [ -111.598885, 40.706686 ], [ -111.598615, 40.706387 ], [ -111.59849, 40.706322 ], [ -111.598329, 40.706238 ], [ -111.598133, 40.706023 ], [ -111.598096, 40.70594 ], [ -111.598049, 40.705829 ], [ -111.597898, 40.705656 ], [ -111.597548, 40.705481 ], [ -111.597284, 40.70533 ], [ -111.597126, 40.705203 ], [ -111.597071, 40.705101 ], [ -111.597052, 40.70507 ], [ -111.596831, 40.704924 ], [ -111.596668, 40.704892 ], [ -111.59656, 40.704871 ], [ -111.596482, 40.704857 ], [ -111.596273, 40.704767 ], [ -111.595786, 40.704469 ], [ -111.595512, 40.704227 ], [ -111.595259, 40.704047 ], [ -111.594988, 40.703905 ], [ -111.594745, 40.703685 ], [ -111.594699, 40.703633 ], [ -111.594246, 40.703119 ], [ -111.593961, 40.702778 ], [ -111.593863, 40.702568 ], [ -111.593828, 40.702494 ], [ -111.593665, 40.702067 ], [ -111.593496, 40.701547 ], [ -111.593424, 40.701286 ], [ -111.593337, 40.701025 ], [ -111.593299, 40.700854 ], [ -111.593287, 40.700792 ], [ -111.593154, 40.700473 ], [ -111.593069, 40.700194 ], [ -111.592904, 40.699749 ], [ -111.592879, 40.699605 ], [ -111.592797, 40.699414 ], [ -111.592711, 40.699179 ], [ -111.592726, 40.69912 ], [ -111.592767, 40.698986 ], [ -111.592834, 40.698958 ], [ -111.592975, 40.698899 ], [ -111.593281, 40.698681 ], [ -111.593476, 40.698526 ], [ -111.593611, 40.698359 ], [ -111.59365, 40.698301 ], [ -111.593761, 40.698146 ], [ -111.593801, 40.697984 ], [ -111.593883, 40.697817 ], [ -111.593963, 40.697663 ], [ -111.594039, 40.697454 ], [ -111.594074, 40.697187 ], [ -111.594089, 40.697072 ], [ -111.594182, 40.69682 ], [ -111.594292, 40.69663 ], [ -111.594462, 40.696369 ], [ -111.594673, 40.696147 ], [ -111.594714, 40.696111 ], [ -111.595038, 40.695907 ], [ -111.59542, 40.695693 ], [ -111.595516, 40.695623 ], [ -111.59562, 40.695544 ], [ -111.595931, 40.69527 ], [ -111.596087, 40.69506 ], [ -111.596131, 40.694998 ], [ -111.596276, 40.694791 ], [ -111.596417, 40.694616 ], [ -111.596633, 40.694407 ], [ -111.596834, 40.694244 ], [ -111.597062, 40.694022 ], [ -111.597215, 40.693867 ], [ -111.597249, 40.69382 ], [ -111.597482, 40.693631 ], [ -111.597608, 40.693504 ], [ -111.597725, 40.693368 ], [ -111.597907, 40.693193 ], [ -111.598095, 40.693002 ], [ -111.598277, 40.692821 ], [ -111.598412, 40.692713 ], [ -111.598518, 40.692626 ], [ -111.598741, 40.69245 ], [ -111.598964, 40.69225 ], [ -111.599169, 40.692055 ], [ -111.599415, 40.69188 ], [ -111.599588, 40.691756 ], [ -111.599673, 40.69161 ], [ -111.599644, 40.691427 ], [ -111.599629, 40.691367 ], [ -111.599563, 40.691228 ], [ -111.599443, 40.69099 ], [ -111.599328, 40.69078 ], [ -111.599209, 40.690581 ], [ -111.599234, 40.690287 ], [ -111.599243, 40.690232 ], [ -111.599427, 40.690051 ], [ -111.5996, 40.689978 ], [ -111.599784, 40.689882 ], [ -111.599864, 40.689835 ], [ -111.599966, 40.689777 ], [ -111.600114, 40.689745 ], [ -111.600254, 40.689641 ], [ -111.600303, 40.689568 ], [ -111.600411, 40.689345 ], [ -111.600475, 40.689206 ], [ -111.600598, 40.689035 ], [ -111.600762, 40.688812 ], [ -111.600819, 40.688641 ], [ -111.600888, 40.68842 ], [ -111.600974, 40.68819 ], [ -111.60108, 40.688023 ], [ -111.601145, 40.687895 ], [ -111.601182, 40.687697 ], [ -111.601117, 40.687421 ], [ -111.601107, 40.687283 ], [ -111.601096, 40.687117 ], [ -111.601176, 40.686801 ], [ -111.601215, 40.686603 ], [ -111.601296, 40.686409 ], [ -111.601372, 40.686219 ], [ -111.601429, 40.686083 ], [ -111.601494, 40.685931 ], [ -111.601575, 40.68578 ], [ -111.601644, 40.685578 ], [ -111.601678, 40.685434 ], [ -111.601723, 40.685249 ], [ -111.601766, 40.684951 ], [ -111.60182, 40.684716 ], [ -111.601823, 40.684482 ], [ -111.601796, 40.684235 ], [ -111.601724, 40.684006 ], [ -111.60171, 40.683947 ], [ -111.601656, 40.683754 ], [ -111.601551, 40.683448 ], [ -111.601427, 40.683156 ], [ -111.60143, 40.683073 ], [ -111.601437, 40.682927 ], [ -111.601541, 40.682733 ], [ -111.601754, 40.682515 ], [ -111.601846, 40.682384 ], [ -111.602031, 40.682085 ], [ -111.602112, 40.681823 ], [ -111.60211, 40.681589 ], [ -111.602037, 40.681373 ], [ -111.601986, 40.68109 ], [ -111.601907, 40.680906 ], [ -111.601811, 40.680654 ], [ -111.601774, 40.680465 ], [ -111.601689, 40.680236 ], [ -111.601634, 40.680015 ], [ -111.601628, 40.679899 ], [ -111.601682, 40.679257 ], [ -111.601749, 40.679145 ], [ -111.601822, 40.679037 ], [ -111.601939, 40.678906 ], [ -111.602038, 40.678761 ], [ -111.602136, 40.678591 ], [ -111.602407, 40.678346 ], [ -111.6026, 40.678245 ], [ -111.602859, 40.677965 ], [ -111.602947, 40.677796 ], [ -111.602986, 40.677616 ], [ -111.603019, 40.677458 ], [ -111.603027, 40.677251 ], [ -111.602974, 40.677125 ], [ -111.602852, 40.676887 ], [ -111.602705, 40.676717 ], [ -111.602602, 40.676497 ], [ -111.602493, 40.676295 ], [ -111.60239, 40.676197 ], [ -111.602326, 40.676159 ], [ -111.602047, 40.675959 ], [ -111.601991, 40.67582 ], [ -111.601982, 40.675773 ], [ -111.602068, 40.675602 ], [ -111.602269, 40.675462 ], [ -111.602309, 40.675314 ], [ -111.602337, 40.67512 ], [ -111.602389, 40.674894 ], [ -111.602445, 40.67466 ], [ -111.602513, 40.674421 ], [ -111.602498, 40.67411 ], [ -111.602455, 40.673919 ], [ -111.602442, 40.673858 ], [ -111.602424, 40.673727 ], [ -111.602392, 40.673534 ], [ -111.602425, 40.673339 ], [ -111.602441, 40.673137 ], [ -111.602392, 40.672957 ], [ -111.602327, 40.672823 ], [ -111.602285, 40.672638 ], [ -111.602295, 40.672475 ], [ -111.602346, 40.672317 ], [ -111.602378, 40.672112 ], [ -111.602391, 40.67203 ], [ -111.6024, 40.671786 ], [ -111.602356, 40.671584 ], [ -111.602307, 40.671524 ], [ -111.602173, 40.671358 ], [ -111.601995, 40.671266 ], [ -111.601938, 40.671202 ], [ -111.601872, 40.671033 ], [ -111.60207, 40.670822 ], [ -111.602584, 40.670487 ], [ -111.602678, 40.670417 ], [ -111.602892, 40.670336 ], [ -111.603119, 40.670105 ], [ -111.603165, 40.670062 ], [ -111.603329, 40.669906 ], [ -111.603495, 40.669798 ], [ -111.603676, 40.669684 ], [ -111.603877, 40.669561 ], [ -111.60411, 40.669443 ], [ -111.604454, 40.669237 ], [ -111.604579, 40.669127 ], [ -111.604748, 40.668908 ], [ -111.604775, 40.66876 ], [ -111.604749, 40.668616 ], [ -111.604647, 40.668495 ], [ -111.604604, 40.668455 ], [ -111.604526, 40.668383 ], [ -111.604368, 40.668009 ], [ -111.604328, 40.667764 ], [ -111.604309, 40.667584 ], [ -111.604343, 40.667391 ], [ -111.604389, 40.667236 ], [ -111.604418, 40.667138 ], [ -111.604475, 40.666893 ], [ -111.604535, 40.666574 ], [ -111.604353, 40.66627 ], [ -111.604158, 40.666153 ], [ -111.604051, 40.666063 ], [ -111.603877, 40.665925 ], [ -111.603605, 40.665778 ], [ -111.60333, 40.665672 ], [ -111.602922, 40.665595 ], [ -111.602501, 40.665486 ], [ -111.602056, 40.66537 ], [ -111.601772, 40.665236 ], [ -111.601522, 40.665042 ], [ -111.60139, 40.664891 ], [ -111.601298, 40.664821 ], [ -111.601259, 40.664792 ], [ -111.601193, 40.664744 ], [ -111.600932, 40.664583 ], [ -111.600468, 40.664302 ], [ -111.600261, 40.664163 ], [ -111.600176, 40.663918 ], [ -111.600125, 40.663765 ], [ -111.600115, 40.663735 ], [ -111.600065, 40.663487 ], [ -111.599931, 40.663236 ], [ -111.599705, 40.662976 ], [ -111.599538, 40.662792 ], [ -111.599363, 40.662495 ], [ -111.599166, 40.662177 ], [ -111.599087, 40.662002 ], [ -111.598853, 40.661693 ], [ -111.598663, 40.661563 ], [ -111.598545, 40.661476 ], [ -111.598442, 40.661403 ], [ -111.598264, 40.661272 ], [ -111.598188, 40.661192 ], [ -111.598115, 40.661116 ], [ -111.598071, 40.661075 ], [ -111.597638, 40.660664 ], [ -111.597501, 40.66052 ], [ -111.597232, 40.660287 ], [ -111.597005, 40.660032 ], [ -111.596736, 40.659767 ], [ -111.596628, 40.659635 ], [ -111.59654, 40.659503 ], [ -111.596414, 40.659341 ], [ -111.596193, 40.659116 ], [ -111.596086, 40.658958 ], [ -111.59596, 40.658703 ], [ -111.595929, 40.658636 ], [ -111.595904, 40.658388 ], [ -111.595897, 40.658152 ], [ -111.595899, 40.657842 ], [ -111.595868, 40.657698 ], [ -111.595831, 40.657574 ], [ -111.595795, 40.657456 ], [ -111.595698, 40.657236 ], [ -111.595608, 40.657038 ], [ -111.595537, 40.65691 ], [ -111.595517, 40.656872 ], [ -111.595483, 40.656812 ], [ -111.595445, 40.656724 ], [ -111.595348, 40.656459 ], [ -111.595281, 40.656223 ], [ -111.595237, 40.656067 ], [ -111.595153, 40.655937 ], [ -111.594984, 40.655694 ], [ -111.594917, 40.655619 ], [ -111.594783, 40.655466 ], [ -111.594693, 40.655267 ], [ -111.594512, 40.654931 ], [ -111.59438, 40.654675 ], [ -111.594314, 40.654507 ], [ -111.594246, 40.654274 ], [ -111.594166, 40.654048 ], [ -111.594053, 40.653758 ], [ -111.59399, 40.653406 ], [ -111.593976, 40.653286 ], [ -111.593944, 40.652869 ], [ -111.593926, 40.652672 ], [ -111.593911, 40.6525 ], [ -111.593881, 40.652322 ], [ -111.59392, 40.652061 ], [ -111.593931, 40.651937 ], [ -111.593936, 40.651911 ], [ -111.593872, 40.651656 ], [ -111.593492, 40.651454 ], [ -111.593218, 40.651263 ], [ -111.593138, 40.651233 ], [ -111.59291, 40.651148 ], [ -111.592542, 40.650997 ], [ -111.592299, 40.650883 ], [ -111.592204, 40.650823 ], [ -111.592049, 40.650711 ], [ -111.591782, 40.650613 ], [ -111.591748, 40.6506 ], [ -111.591591, 40.650537 ], [ -111.591373, 40.650448 ], [ -111.591139, 40.650252 ], [ -111.590801, 40.65006 ], [ -111.590538, 40.649983 ], [ -111.590463, 40.649962 ], [ -111.590067, 40.649901 ], [ -111.58971, 40.649821 ], [ -111.589531, 40.649782 ], [ -111.589344, 40.649743 ], [ -111.589192, 40.649719 ], [ -111.589127, 40.649708 ], [ -111.589048, 40.649696 ], [ -111.588781, 40.649655 ], [ -111.588639, 40.649639 ], [ -111.588516, 40.649623 ], [ -111.588391, 40.64964 ], [ -111.588147, 40.649675 ], [ -111.587998, 40.649693 ], [ -111.58796, 40.649697 ], [ -111.58771, 40.649687 ], [ -111.587634, 40.649643 ], [ -111.587537, 40.649585 ], [ -111.587281, 40.649414 ], [ -111.587075, 40.649271 ], [ -111.587051, 40.649258 ], [ -111.587025, 40.649248 ], [ -111.586867, 40.649183 ], [ -111.586718, 40.649061 ], [ -111.58655, 40.648882 ], [ -111.586509, 40.648837 ], [ -111.586274, 40.648614 ], [ -111.586261, 40.648594 ], [ -111.586103, 40.648385 ], [ -111.585924, 40.648246 ], [ -111.585817, 40.648126 ], [ -111.58568, 40.648022 ], [ -111.585519, 40.647852 ], [ -111.585364, 40.647727 ], [ -111.585131, 40.647604 ], [ -111.584984, 40.647522 ], [ -111.584905, 40.647468 ], [ -111.584727, 40.647353 ], [ -111.584615, 40.647313 ], [ -111.584441, 40.64725 ], [ -111.584301, 40.647202 ], [ -111.583898, 40.647141 ], [ -111.583737, 40.647109 ], [ -111.583552, 40.64707 ], [ -111.583364, 40.647035 ], [ -111.582926, 40.646888 ], [ -111.582799, 40.646795 ], [ -111.582693, 40.64671 ], [ -111.582456, 40.646512 ], [ -111.582301, 40.646414 ], [ -111.582099, 40.646312 ], [ -111.5819, 40.646233 ], [ -111.58147, 40.646027 ], [ -111.581179, 40.645979 ], [ -111.580901, 40.645889 ], [ -111.580785, 40.645821 ], [ -111.580663, 40.645747 ], [ -111.580389, 40.645667 ], [ -111.580141, 40.645552 ], [ -111.580076, 40.645525 ], [ -111.579865, 40.645454 ], [ -111.579743, 40.645412 ], [ -111.579488, 40.645301 ], [ -111.579358, 40.64518 ], [ -111.579202, 40.645018 ], [ -111.579117, 40.644929 ], [ -111.579065, 40.644871 ], [ -111.578879, 40.644705 ], [ -111.57882, 40.644655 ], [ -111.5787, 40.644534 ], [ -111.578662, 40.644495 ], [ -111.578641, 40.644467 ], [ -111.57849, 40.644293 ], [ -111.578445, 40.64425 ], [ -111.578354, 40.644175 ], [ -111.578242, 40.644086 ], [ -111.578146, 40.643977 ], [ -111.578051, 40.64387 ], [ -111.577908, 40.643701 ], [ -111.577815, 40.643579 ], [ -111.57765, 40.643361 ], [ -111.577567, 40.643243 ], [ -111.577495, 40.643124 ], [ -111.577471, 40.643041 ], [ -111.577374, 40.642717 ], [ -111.577349, 40.642576 ], [ -111.577355, 40.642302 ], [ -111.577389, 40.64213 ], [ -111.577414, 40.642021 ], [ -111.577467, 40.641444 ], [ -111.577478, 40.641295 ], [ -111.577534, 40.64059 ], [ -111.577532, 40.640481 ], [ -111.577519, 40.640234 ], [ -111.577541, 40.639937 ], [ -111.577575, 40.639843 ], [ -111.577691, 40.639607 ], [ -111.577778, 40.639422 ], [ -111.577804, 40.639233 ], [ -111.577803, 40.639129 ], [ -111.5778, 40.639068 ], [ -111.577746, 40.638684 ], [ -111.577567, 40.638382 ], [ -111.577447, 40.638181 ], [ -111.577319, 40.637933 ], [ -111.577158, 40.637762 ], [ -111.577039, 40.637656 ], [ -111.57695, 40.637571 ], [ -111.576741, 40.637386 ], [ -111.5766, 40.63724 ], [ -111.576403, 40.637086 ], [ -111.57633, 40.636988 ], [ -111.576306, 40.636952 ], [ -111.576167, 40.636772 ], [ -111.576223, 40.636611 ], [ -111.576349, 40.636365 ], [ -111.576494, 40.636049 ], [ -111.57647, 40.635674 ], [ -111.57655, 40.635432 ], [ -111.576581, 40.635163 ], [ -111.576565, 40.634945 ], [ -111.576607, 40.634663 ], [ -111.576649, 40.634445 ], [ -111.576706, 40.633856 ], [ -111.57671, 40.633724 ], [ -111.5766, 40.633517 ], [ -111.576476, 40.633393 ], [ -111.576297, 40.633115 ], [ -111.576051, 40.632778 ], [ -111.575795, 40.632581 ], [ -111.575551, 40.632416 ], [ -111.575265, 40.632291 ], [ -111.575103, 40.632216 ], [ -111.574565, 40.631948 ], [ -111.574363, 40.631818 ], [ -111.573834, 40.631502 ], [ -111.573549, 40.631352 ], [ -111.573211, 40.631096 ], [ -111.57289, 40.630888 ], [ -111.572621, 40.63071 ], [ -111.572355, 40.630589 ], [ -111.572147, 40.630465 ], [ -111.571945, 40.630385 ], [ -111.571708, 40.630296 ], [ -111.571511, 40.630193 ], [ -111.57121, 40.630091 ], [ -111.570874, 40.629966 ], [ -111.570651, 40.629882 ], [ -111.570457, 40.62978 ], [ -111.570318, 40.629686 ], [ -111.570153, 40.629575 ], [ -111.570052, 40.629507 ], [ -111.569774, 40.629392 ], [ -111.569334, 40.629433 ], [ -111.56897, 40.629402 ], [ -111.568867, 40.629264 ], [ -111.568648, 40.62903 ], [ -111.568468, 40.628725 ], [ -111.568415, 40.628542 ], [ -111.568352, 40.628352 ], [ -111.568298, 40.628172 ], [ -111.568237, 40.628037 ], [ -111.568214, 40.627867 ], [ -111.568168, 40.627523 ], [ -111.568075, 40.627318 ], [ -111.567976, 40.627192 ], [ -111.567898, 40.627044 ], [ -111.56788, 40.626989 ], [ -111.567851, 40.626895 ], [ -111.567835, 40.626651 ], [ -111.567891, 40.626413 ], [ -111.567779, 40.626167 ], [ -111.567742, 40.62608 ], [ -111.567693, 40.625923 ], [ -111.567666, 40.625661 ], [ -111.5676, 40.625397 ], [ -111.567569, 40.625198 ], [ -111.567484, 40.624914 ], [ -111.567447, 40.624713 ], [ -111.56745, 40.624478 ], [ -111.567491, 40.624194 ], [ -111.567525, 40.624003 ], [ -111.567602, 40.623681 ], [ -111.567609, 40.623635 ], [ -111.567577, 40.623458 ], [ -111.567528, 40.623394 ], [ -111.56742, 40.623281 ], [ -111.566951, 40.623044 ], [ -111.566674, 40.622938 ], [ -111.566097, 40.622693 ], [ -111.565819, 40.622573 ], [ -111.565361, 40.62239 ], [ -111.564739, 40.622227 ], [ -111.564656, 40.622201 ], [ -111.564336, 40.622073 ], [ -111.563625, 40.621791 ], [ -111.56313, 40.621678 ], [ -111.562927, 40.621632 ], [ -111.562108, 40.621388 ], [ -111.561125, 40.62103 ], [ -111.5606, 40.620855 ], [ -111.560111, 40.620686 ], [ -111.559746, 40.620585 ], [ -111.559517, 40.620521 ], [ -111.559004, 40.620304 ], [ -111.55806, 40.619867 ], [ -111.55775, 40.619728 ], [ -111.557585, 40.619598 ], [ -111.557505, 40.619323 ], [ -111.557512, 40.61914 ], [ -111.557539, 40.618986 ], [ -111.55762, 40.618787 ], [ -111.55769, 40.618615 ], [ -111.557807, 40.618183 ], [ -111.557841, 40.618056 ], [ -111.557846, 40.618038 ], [ -111.558047, 40.617443 ], [ -111.558079, 40.617363 ], [ -111.558118, 40.617266 ], [ -111.558214, 40.617024 ], [ -111.558359, 40.616663 ], [ -111.558424, 40.616482 ], [ -111.558559, 40.616121 ], [ -111.55877, 40.615751 ], [ -111.558934, 40.615408 ], [ -111.559025, 40.61502 ], [ -111.559058, 40.614731 ], [ -111.559025, 40.614202 ], [ -111.55901, 40.613961 ], [ -111.558936, 40.61366 ], [ -111.558856, 40.613427 ], [ -111.558729, 40.613238 ], [ -111.558534, 40.613109 ], [ -111.558314, 40.613024 ], [ -111.557927, 40.612915 ], [ -111.557752, 40.612865 ], [ -111.557413, 40.612712 ], [ -111.557211, 40.612545 ], [ -111.557104, 40.612407 ], [ -111.556991, 40.612223 ], [ -111.556902, 40.612099 ], [ -111.556839, 40.612012 ], [ -111.556655, 40.611852 ], [ -111.556447, 40.611764 ], [ -111.55626, 40.611729 ], [ -111.556213, 40.61172 ], [ -111.555935, 40.611743 ], [ -111.555749, 40.611786 ], [ -111.555704, 40.611795 ], [ -111.555462, 40.611823 ], [ -111.555241, 40.611789 ], [ -111.554988, 40.611692 ], [ -111.554938, 40.611659 ], [ -111.554821, 40.611577 ], [ -111.554613, 40.611475 ], [ -111.554335, 40.611404 ], [ -111.554186, 40.611368 ], [ -111.553974, 40.611265 ], [ -111.553837, 40.611166 ], [ -111.553612, 40.610968 ], [ -111.553493, 40.610766 ], [ -111.553473, 40.610731 ], [ -111.553275, 40.6102 ], [ -111.553207, 40.609904 ], [ -111.553188, 40.609643 ], [ -111.553235, 40.609467 ], [ -111.553268, 40.609399 ], [ -111.553266, 40.609313 ], [ -111.55337, 40.609255 ], [ -111.553452, 40.609156 ], [ -111.553559, 40.609046 ], [ -111.553638, 40.608979 ], [ -111.553806, 40.608849 ], [ -111.553914, 40.608766 ], [ -111.554213, 40.608489 ], [ -111.554434, 40.608086 ], [ -111.554481, 40.60798 ], [ -111.55458, 40.607767 ], [ -111.554736, 40.607428 ], [ -111.554794, 40.607306 ], [ -111.554853, 40.607184 ], [ -111.554928, 40.607025 ], [ -111.554957, 40.606963 ], [ -111.555102, 40.606664 ], [ -111.555155, 40.606553 ], [ -111.555382, 40.606137 ], [ -111.555639, 40.605775 ], [ -111.55579, 40.605445 ], [ -111.555958, 40.605058 ], [ -111.556033, 40.604969 ], [ -111.556179, 40.604842 ], [ -111.556332, 40.604728 ], [ -111.55658, 40.604565 ], [ -111.556954, 40.604329 ], [ -111.557295, 40.604156 ], [ -111.557433, 40.604093 ], [ -111.557574, 40.604015 ], [ -111.557787, 40.603869 ], [ -111.558168, 40.603487 ], [ -111.558435, 40.603046 ], [ -111.558844, 40.602495 ], [ -111.559112, 40.601947 ], [ -111.55926, 40.601519 ], [ -111.559293, 40.601225 ], [ -111.559262, 40.600941 ], [ -111.559206, 40.600789 ], [ -111.55908, 40.600578 ], [ -111.558961, 40.600471 ], [ -111.558907, 40.600422 ], [ -111.558782, 40.600333 ], [ -111.558645, 40.600261 ], [ -111.55859, 40.600235 ], [ -111.558527, 40.600203 ], [ -111.558486, 40.600172 ], [ -111.558427, 40.600081 ], [ -111.558405, 40.599946 ], [ -111.558478, 40.599731 ], [ -111.558577, 40.599559 ], [ -111.558666, 40.599411 ], [ -111.559013, 40.598645 ], [ -111.559262, 40.597834 ], [ -111.559419, 40.597026 ], [ -111.55965, 40.596206 ], [ -111.560056, 40.595421 ], [ -111.560434, 40.594757 ], [ -111.560713, 40.594183 ], [ -111.560875, 40.59375 ], [ -111.560922, 40.593544 ], [ -111.560926, 40.593523 ], [ -111.560949, 40.593398 ], [ -111.560975, 40.593209 ], [ -111.560981, 40.593166 ], [ -111.560973, 40.593018 ], [ -111.560926, 40.59287 ], [ -111.560898, 40.592799 ], [ -111.560829, 40.592627 ], [ -111.560618, 40.59212 ], [ -111.56049, 40.591755 ], [ -111.560311, 40.591474 ], [ -111.560138, 40.591216 ], [ -111.560041, 40.590996 ], [ -111.560012, 40.590885 ], [ -111.560023, 40.5908 ], [ -111.560117, 40.590601 ], [ -111.56034, 40.590335 ], [ -111.560495, 40.590186 ], [ -111.561003, 40.589818 ], [ -111.561381, 40.589517 ], [ -111.561596, 40.589351 ], [ -111.561689, 40.589224 ], [ -111.561828, 40.588998 ], [ -111.561914, 40.588802 ], [ -111.562146, 40.588226 ], [ -111.562281, 40.587893 ], [ -111.562698, 40.587217 ], [ -111.56316, 40.586501 ], [ -111.563279, 40.586273 ], [ -111.563594, 40.585669 ], [ -111.563648, 40.58557 ], [ -111.563766, 40.585357 ], [ -111.563821, 40.585213 ], [ -111.563879, 40.585104 ], [ -111.563905, 40.585052 ], [ -111.563974, 40.58497 ], [ -111.564014, 40.584917 ], [ -111.564241, 40.584745 ], [ -111.564402, 40.584694 ], [ -111.564842, 40.584705 ], [ -111.565252, 40.584671 ], [ -111.565383, 40.584662 ], [ -111.56606, 40.584596 ], [ -111.566527, 40.584616 ], [ -111.566723, 40.584584 ], [ -111.566877, 40.584556 ], [ -111.567118, 40.58451 ], [ -111.567466, 40.584444 ], [ -111.567767, 40.584407 ], [ -111.567891, 40.584389 ], [ -111.56815, 40.584275 ], [ -111.568387, 40.584124 ], [ -111.568598, 40.583939 ], [ -111.568832, 40.583708 ], [ -111.569061, 40.58349 ], [ -111.569361, 40.583207 ], [ -111.569816, 40.582775 ], [ -111.570098, 40.582634 ], [ -111.570369, 40.58256 ], [ -111.570776, 40.582442 ], [ -111.571601, 40.582186 ], [ -111.571801, 40.582139 ], [ -111.572114, 40.582118 ], [ -111.572231, 40.582129 ], [ -111.572361, 40.582146 ], [ -111.572491, 40.582163 ], [ -111.572681, 40.582211 ], [ -111.572942, 40.582309 ], [ -111.57306, 40.582371 ], [ -111.573218, 40.582445 ], [ -111.573339, 40.582505 ], [ -111.574074, 40.582754 ], [ -111.574659, 40.582891 ], [ -111.57511, 40.582969 ], [ -111.575435, 40.583058 ], [ -111.57572, 40.583174 ], [ -111.575975, 40.583258 ], [ -111.576169, 40.583311 ], [ -111.576419, 40.583351 ], [ -111.576509, 40.583362 ], [ -111.576863, 40.583331 ], [ -111.57724, 40.583379 ], [ -111.5775, 40.583409 ], [ -111.577837, 40.58343 ], [ -111.577981, 40.583393 ], [ -111.578075, 40.583352 ], [ -111.578216, 40.583284 ], [ -111.578508, 40.583052 ], [ -111.578609, 40.582956 ], [ -111.578716, 40.582852 ], [ -111.578866, 40.582661 ], [ -111.578874, 40.582653 ], [ -111.579018, 40.582517 ], [ -111.579164, 40.582419 ], [ -111.579454, 40.582256 ], [ -111.57985, 40.582112 ], [ -111.580436, 40.581917 ], [ -111.580486, 40.5819 ], [ -111.581562, 40.581591 ], [ -111.582664, 40.581278 ], [ -111.582805, 40.581253 ], [ -111.583125, 40.581195 ], [ -111.58346, 40.581185 ], [ -111.583655, 40.581184 ], [ -111.584092, 40.581191 ], [ -111.584518, 40.581225 ], [ -111.585032, 40.581266 ], [ -111.58515, 40.581285 ], [ -111.585813, 40.581398 ], [ -111.586114, 40.581421 ], [ -111.586481, 40.581449 ], [ -111.586706, 40.581466 ], [ -111.587385, 40.581388 ], [ -111.587848, 40.581295 ], [ -111.588258, 40.58117 ], [ -111.588705, 40.580893 ], [ -111.588988, 40.5808 ], [ -111.589211, 40.580728 ], [ -111.589748, 40.580568 ], [ -111.590243, 40.580372 ], [ -111.590451, 40.580289 ], [ -111.590696, 40.580139 ], [ -111.590908, 40.579952 ], [ -111.591076, 40.57974 ], [ -111.591352, 40.579564 ], [ -111.591546, 40.579455 ], [ -111.591935, 40.579141 ], [ -111.59239, 40.578593 ], [ -111.592664, 40.578176 ], [ -111.592902, 40.577815 ], [ -111.593266, 40.577401 ], [ -111.593544, 40.577125 ], [ -111.593707, 40.577082 ], [ -111.593749, 40.577077 ], [ -111.593879, 40.577063 ], [ -111.593892, 40.577065 ], [ -111.593942, 40.577066 ], [ -111.594038, 40.577069 ], [ -111.594247, 40.57713 ], [ -111.594544, 40.577191 ], [ -111.59581, 40.577483 ], [ -111.597107, 40.577781 ], [ -111.597875, 40.577914 ], [ -111.598079, 40.577908 ], [ -111.598338, 40.577903 ], [ -111.598504, 40.577858 ], [ -111.598622, 40.577836 ], [ -111.598857, 40.577711 ], [ -111.599457, 40.577426 ], [ -111.599825, 40.577219 ], [ -111.600095, 40.577065 ], [ -111.600404, 40.576868 ], [ -111.600679, 40.57669 ], [ -111.600985, 40.576462 ], [ -111.601266, 40.576251 ], [ -111.601729, 40.57584 ], [ -111.602042, 40.575529 ], [ -111.602239, 40.575328 ], [ -111.602497, 40.57484 ], [ -111.602566, 40.574685 ], [ -111.602689, 40.574235 ], [ -111.602709, 40.573805 ], [ -111.602664, 40.573459 ], [ -111.602593, 40.572779 ], [ -111.602404, 40.572357 ], [ -111.602046, 40.571818 ], [ -111.601947, 40.57144 ], [ -111.601932, 40.57129 ], [ -111.601923, 40.571199 ], [ -111.601818, 40.570649 ], [ -111.601807, 40.570594 ], [ -111.601803, 40.57027 ], [ -111.602154, 40.569106 ], [ -111.60228, 40.568777 ], [ -111.602637, 40.568067 ], [ -111.602789, 40.567743 ], [ -111.602904, 40.567498 ], [ -111.603092, 40.567311 ], [ -111.60315, 40.567254 ], [ -111.60361, 40.566815 ], [ -111.603923, 40.566482 ], [ -111.604142, 40.56628 ], [ -111.604404, 40.565991 ], [ -111.604557, 40.565838 ], [ -111.60536, 40.564942 ], [ -111.605529, 40.564712 ], [ -111.605591, 40.564617 ], [ -111.605677, 40.564454 ], [ -111.605727, 40.564411 ], [ -111.605774, 40.564393 ], [ -111.605784, 40.564388 ], [ -111.605938, 40.564388 ], [ -111.606021, 40.564459 ], [ -111.606134, 40.56456 ], [ -111.606311, 40.564678 ], [ -111.60634, 40.564689 ], [ -111.606573, 40.564758 ], [ -111.607274, 40.564898 ], [ -111.607688, 40.564942 ], [ -111.608045, 40.564966 ], [ -111.608678, 40.56508 ], [ -111.608727, 40.5651 ], [ -111.609135, 40.565212 ], [ -111.609871, 40.565545 ], [ -111.610456, 40.565794 ], [ -111.610637, 40.565857 ], [ -111.61071, 40.565883 ], [ -111.610967, 40.565923 ], [ -111.611122, 40.56592 ], [ -111.611194, 40.565899 ], [ -111.611264, 40.56588 ], [ -111.611301, 40.565858 ], [ -111.611345, 40.565831 ], [ -111.61145, 40.565768 ], [ -111.611554, 40.565676 ], [ -111.611614, 40.565623 ], [ -111.612059, 40.565371 ], [ -111.612278, 40.565312 ], [ -111.612626, 40.565267 ], [ -111.613111, 40.565336 ], [ -111.613624, 40.565439 ], [ -111.613756, 40.56546 ], [ -111.614223, 40.565476 ], [ -111.614241, 40.565477 ], [ -111.614326, 40.565471 ], [ -111.614662, 40.565444 ], [ -111.61503, 40.565416 ], [ -111.615096, 40.565406 ], [ -111.615816, 40.565259 ], [ -111.616536, 40.56521 ], [ -111.617343, 40.5652 ], [ -111.618088, 40.565191 ], [ -111.61852, 40.565187 ], [ -111.618996, 40.565182 ], [ -111.619551, 40.565179 ], [ -111.619878, 40.565159 ], [ -111.620253, 40.565184 ], [ -111.620367, 40.565203 ], [ -111.620508, 40.565227 ], [ -111.620848, 40.565304 ], [ -111.621748, 40.565482 ], [ -111.622199, 40.565517 ], [ -111.622717, 40.565514 ], [ -111.623012, 40.565502 ], [ -111.623293, 40.565579 ], [ -111.623841, 40.56572 ], [ -111.624078, 40.565764 ], [ -111.624361, 40.565817 ], [ -111.6246, 40.565866 ], [ -111.624825, 40.565912 ], [ -111.624871, 40.565919 ], [ -111.62509, 40.565974 ], [ -111.62538, 40.565993 ], [ -111.625425, 40.565994 ], [ -111.625474, 40.565996 ], [ -111.62551, 40.565998 ], [ -111.625627, 40.565982 ], [ -111.625663, 40.565975 ], [ -111.625686, 40.565974 ], [ -111.625715, 40.565971 ], [ -111.625798, 40.56596 ], [ -111.625867, 40.56597 ], [ -111.625946, 40.565982 ], [ -111.626149, 40.565972 ], [ -111.626284, 40.565994 ], [ -111.626419, 40.56604 ], [ -111.626509, 40.566076 ], [ -111.626597, 40.566114 ], [ -111.626618, 40.566116 ], [ -111.626654, 40.566121 ], [ -111.626678, 40.566125 ], [ -111.627069, 40.56613 ], [ -111.627258, 40.566199 ], [ -111.627823, 40.566294 ], [ -111.627869, 40.566315 ], [ -111.62789, 40.56632 ], [ -111.628091, 40.566382 ], [ -111.628263, 40.566444 ], [ -111.628841, 40.566716 ], [ -111.629147, 40.566845 ], [ -111.629386, 40.566906 ], [ -111.629664, 40.566923 ], [ -111.629775, 40.566929 ], [ -111.629802, 40.566927 ], [ -111.629882, 40.566936 ], [ -111.629998, 40.566935 ], [ -111.630113, 40.566941 ], [ -111.630356, 40.56694 ], [ -111.630415, 40.56694 ], [ -111.630556, 40.566935 ], [ -111.630621, 40.566933 ], [ -111.630692, 40.566929 ], [ -111.630823, 40.566932 ], [ -111.630999, 40.566934 ], [ -111.631441, 40.567005 ], [ -111.632198, 40.567173 ], [ -111.632964, 40.567331 ], [ -111.633488, 40.567408 ], [ -111.633686, 40.567467 ], [ -111.633823, 40.567547 ], [ -111.633937, 40.567668 ], [ -111.634049, 40.567798 ], [ -111.634287, 40.56795 ], [ -111.634653, 40.568107 ], [ -111.635121, 40.56822 ], [ -111.63528, 40.568228 ], [ -111.635444, 40.568236 ], [ -111.63557, 40.568234 ], [ -111.635788, 40.568227 ], [ -111.636238, 40.568167 ], [ -111.636465, 40.568137 ], [ -111.636532, 40.568136 ], [ -111.636834, 40.568112 ], [ -111.637341, 40.568119 ], [ -111.637524, 40.568115 ], [ -111.637677, 40.568089 ], [ -111.637736, 40.568064 ], [ -111.637897, 40.567979 ], [ -111.63803, 40.567831 ], [ -111.638091, 40.567764 ], [ -111.638183, 40.567621 ], [ -111.638467, 40.567035 ], [ -111.638746, 40.566533 ], [ -111.638996, 40.566153 ], [ -111.639188, 40.565741 ], [ -111.639239, 40.56563 ], [ -111.639493, 40.565256 ], [ -111.639726, 40.564949 ], [ -111.640004, 40.564605 ], [ -111.640389, 40.564176 ], [ -111.640646, 40.563869 ], [ -111.640834, 40.563691 ], [ -111.640882, 40.563625 ], [ -111.641017, 40.563443 ], [ -111.641201, 40.563167 ], [ -111.641433, 40.562786 ], [ -111.641702, 40.562426 ], [ -111.641993, 40.562154 ], [ -111.642425, 40.561876 ], [ -111.6435, 40.561382 ], [ -111.644168, 40.561061 ], [ -111.644668, 40.560928 ], [ -111.644817, 40.560886 ], [ -111.64497, 40.560777 ], [ -111.645026, 40.560692 ], [ -111.645195, 40.560365 ], [ -111.645556, 40.559941 ], [ -111.645643, 40.559758 ], [ -111.645683, 40.559583 ], [ -111.645706, 40.559438 ], [ -111.645879, 40.558118 ], [ -111.646024, 40.557536 ], [ -111.646083, 40.557056 ], [ -111.646336, 40.556274 ], [ -111.646475, 40.556071 ], [ -111.646651, 40.55593 ], [ -111.64676, 40.555853 ], [ -111.647222, 40.555459 ], [ -111.647692, 40.555101 ], [ -111.64812, 40.554775 ], [ -111.648446, 40.554457 ], [ -111.648698, 40.554149 ], [ -111.648929, 40.553743 ], [ -111.649203, 40.553286 ], [ -111.649494, 40.552856 ], [ -111.649695, 40.552609 ], [ -111.649795, 40.552487 ], [ -111.64989, 40.552299 ], [ -111.649952, 40.552145 ], [ -111.64998, 40.551966 ], [ -111.650043, 40.551618 ], [ -111.650094, 40.551389 ], [ -111.650136, 40.551318 ], [ -111.650152, 40.551291 ], [ -111.650309, 40.551164 ], [ -111.650492, 40.551076 ], [ -111.650674, 40.551047 ], [ -111.650938, 40.551069 ], [ -111.65124, 40.551143 ], [ -111.651706, 40.551285 ], [ -111.65203, 40.551356 ], [ -111.652289, 40.551412 ], [ -111.652813, 40.551522 ], [ -111.65321, 40.551569 ], [ -111.653724, 40.551607 ], [ -111.654079, 40.551627 ], [ -111.654699, 40.551678 ], [ -111.655515, 40.551753 ], [ -111.656119, 40.55182 ], [ -111.656289, 40.551834 ], [ -111.656737, 40.551808 ], [ -111.657087, 40.551734 ], [ -111.657446, 40.551623 ], [ -111.658018, 40.551431 ], [ -111.658281, 40.551348 ], [ -111.658478, 40.551286 ], [ -111.659048, 40.551105 ], [ -111.659638, 40.550895 ], [ -111.659699, 40.550871 ], [ -111.660178, 40.550684 ], [ -111.66076, 40.550405 ], [ -111.661394, 40.550033 ], [ -111.661613, 40.549863 ], [ -111.661712, 40.549782 ], [ -111.661805, 40.549715 ], [ -111.661846, 40.549636 ], [ -111.661857, 40.549599 ], [ -111.661866, 40.549569 ], [ -111.661865, 40.549451 ], [ -111.661821, 40.549254 ], [ -111.661638, 40.54877 ], [ -111.661551, 40.548296 ], [ -111.661369, 40.547909 ], [ -111.661274, 40.547591 ], [ -111.661262, 40.54732 ], [ -111.661376, 40.54695 ], [ -111.661573, 40.546517 ], [ -111.66186, 40.545921 ], [ -111.661869, 40.5459 ], [ -111.66215, 40.545454 ], [ -111.662268, 40.545292 ], [ -111.662531, 40.544611 ], [ -111.662538, 40.544597 ], [ -111.662806, 40.543991 ], [ -111.663118, 40.543341 ], [ -111.66353, 40.542602 ], [ -111.663656, 40.542313 ], [ -111.663683, 40.542111 ], [ -111.663757, 40.541652 ], [ -111.663855, 40.541435 ], [ -111.663976, 40.541291 ], [ -111.664099, 40.541219 ], [ -111.664252, 40.541182 ], [ -111.664922, 40.541018 ], [ -111.665471, 40.540844 ], [ -111.666185, 40.540613 ], [ -111.666549, 40.54047 ], [ -111.667108, 40.540256 ], [ -111.667855, 40.539959 ], [ -111.668142, 40.539804 ], [ -111.668428, 40.53959 ], [ -111.668651, 40.539418 ], [ -111.668784, 40.539318 ], [ -111.669038, 40.539208 ], [ -111.669295, 40.539138 ], [ -111.669696, 40.539043 ], [ -111.669715, 40.539035 ], [ -111.669987, 40.538871 ], [ -111.670221, 40.538708 ], [ -111.67046, 40.538531 ], [ -111.670972, 40.538249 ], [ -111.671354, 40.538119 ], [ -111.671637, 40.538083 ], [ -111.671847, 40.538097 ], [ -111.672242, 40.538078 ], [ -111.6725, 40.537965 ], [ -111.672685, 40.537842 ], [ -111.672893, 40.537697 ], [ -111.673074, 40.537528 ], [ -111.673512, 40.537021 ], [ -111.673662, 40.53674 ], [ -111.673742, 40.536514 ], [ -111.673787, 40.536185 ], [ -111.673889, 40.53574 ], [ -111.674121, 40.535337 ], [ -111.67433, 40.534985 ], [ -111.674557, 40.534542 ], [ -111.67477, 40.534131 ], [ -111.675002, 40.53375 ], [ -111.675164, 40.533394 ], [ -111.675274, 40.533205 ], [ -111.675437, 40.533024 ], [ -111.675671, 40.532883 ], [ -111.675688, 40.532874 ], [ -111.67597, 40.532812 ], [ -111.67604, 40.532788 ], [ -111.676348, 40.532623 ], [ -111.676586, 40.532523 ], [ -111.677198, 40.532336 ], [ -111.67726, 40.53231 ], [ -111.677788, 40.532083 ], [ -111.678175, 40.531851 ], [ -111.678327, 40.531787 ], [ -111.678451, 40.53175 ], [ -111.678604, 40.531737 ], [ -111.67878, 40.531779 ], [ -111.679063, 40.53193 ], [ -111.679664, 40.532215 ], [ -111.680216, 40.532523 ], [ -111.680636, 40.532723 ], [ -111.680963, 40.532869 ], [ -111.681135, 40.532914 ], [ -111.681155, 40.532915 ], [ -111.681314, 40.532918 ], [ -111.681349, 40.532919 ], [ -111.681498, 40.532894 ], [ -111.681627, 40.532847 ], [ -111.68197, 40.532695 ], [ -111.682349, 40.532412 ], [ -111.683006, 40.531975 ], [ -111.683405, 40.531765 ], [ -111.683788, 40.531637 ], [ -111.684082, 40.531555 ], [ -111.684394, 40.5314 ], [ -111.684518, 40.531348 ], [ -111.684626, 40.531309 ], [ -111.686917, 40.53179 ], [ -111.688, 40.532131 ], [ -111.690005, 40.533065 ], [ -111.690177, 40.53313 ], [ -111.690574, 40.533281 ], [ -111.691006, 40.533369 ], [ -111.691428, 40.533469 ], [ -111.691614, 40.533513 ], [ -111.692632, 40.533738 ], [ -111.693497, 40.53398 ], [ -111.694344, 40.53421 ], [ -111.695008, 40.534443 ], [ -111.695428, 40.534603 ], [ -111.695578, 40.534698 ], [ -111.695666, 40.534755 ], [ -111.695934, 40.534941 ], [ -111.696253, 40.535062 ], [ -111.696266, 40.535067 ], [ -111.696721, 40.535204 ], [ -111.697332, 40.535425 ], [ -111.69774, 40.535575 ], [ -111.697939, 40.535672 ], [ -111.698113, 40.535728 ], [ -111.698154, 40.535707 ], [ -111.698216, 40.535708 ], [ -111.698317, 40.53568 ], [ -111.698454, 40.535607 ], [ -111.698589, 40.535479 ], [ -111.698739, 40.535312 ], [ -111.698902, 40.535191 ], [ -111.699074, 40.535085 ], [ -111.699099, 40.535062 ], [ -111.699132, 40.535046 ], [ -111.699244, 40.534958 ], [ -111.699412, 40.53477 ], [ -111.699629, 40.534543 ], [ -111.69988, 40.534355 ], [ -111.70076, 40.533869 ], [ -111.701424, 40.533673 ], [ -111.701808, 40.533606 ], [ -111.702038, 40.533592 ], [ -111.703013, 40.533585 ], [ -111.704798, 40.533529 ], [ -111.705314, 40.533675 ], [ -111.705543, 40.533704 ], [ -111.70564, 40.5337 ], [ -111.705692, 40.5337 ], [ -111.705918, 40.533653 ], [ -111.706113, 40.533539 ], [ -111.706434, 40.533335 ], [ -111.706752, 40.533229 ], [ -111.707459, 40.533081 ], [ -111.707949, 40.532999 ], [ -111.708126, 40.532987 ], [ -111.708459, 40.532975 ], [ -111.708884, 40.532929 ], [ -111.710429, 40.532607 ], [ -111.711376, 40.532499 ], [ -111.711408, 40.5325 ], [ -111.712096, 40.532521 ], [ -111.712629, 40.532607 ], [ -111.712877, 40.532673 ], [ -111.712979, 40.532682 ], [ -111.713078, 40.53269 ], [ -111.713141, 40.532695 ], [ -111.71318, 40.532655 ], [ -111.713335, 40.532573 ], [ -111.713471, 40.532444 ], [ -111.713842, 40.532098 ], [ -111.71403, 40.53187 ], [ -111.714186, 40.531528 ], [ -111.714405, 40.531044 ], [ -111.714729, 40.530461 ], [ -111.715013, 40.529914 ], [ -111.715312, 40.529326 ], [ -111.715615, 40.528839 ], [ -111.715934, 40.528295 ], [ -111.716364, 40.527641 ], [ -111.716796, 40.527238 ], [ -111.717226, 40.52691 ], [ -111.71736, 40.52682 ], [ -111.717803, 40.526659 ], [ -111.718343, 40.52643 ], [ -111.718463, 40.526394 ], [ -111.718843, 40.526134 ], [ -111.719271, 40.525841 ], [ -111.719973, 40.525361 ], [ -111.720227, 40.525227 ], [ -111.720385, 40.525167 ], [ -111.720567, 40.525149 ], [ -111.720854, 40.525194 ], [ -111.721146, 40.525242 ], [ -111.721401, 40.525244 ], [ -111.721648, 40.52529 ], [ -111.72175, 40.525324 ], [ -111.721939, 40.52543 ], [ -111.722033, 40.525501 ], [ -111.7221, 40.525563 ], [ -111.72238, 40.525818 ], [ -111.72264, 40.525939 ], [ -111.722925, 40.526028 ], [ -111.723215, 40.52613 ], [ -111.723732, 40.526392 ], [ -111.72382, 40.526455 ], [ -111.724072, 40.526633 ], [ -111.72419, 40.526717 ], [ -111.724456, 40.52691 ], [ -111.724665, 40.5271 ], [ -111.724955, 40.527544 ], [ -111.725228, 40.527777 ], [ -111.72546, 40.527939 ], [ -111.725672, 40.528059 ], [ -111.725858, 40.52814 ], [ -111.726291, 40.528348 ], [ -111.72644, 40.528447 ], [ -111.726484, 40.528484 ], [ -111.726597, 40.528635 ], [ -111.726588, 40.528741 ], [ -111.726586, 40.528789 ], [ -111.726588, 40.528924 ], [ -111.72662, 40.529068 ], [ -111.726685, 40.529162 ], [ -111.726803, 40.529265 ], [ -111.727021, 40.529355 ], [ -111.727294, 40.529444 ], [ -111.727361, 40.529461 ], [ -111.727403, 40.529468 ], [ -111.72765, 40.52953 ], [ -111.727975, 40.529542 ], [ -111.728294, 40.529594 ], [ -111.728345, 40.529617 ], [ -111.728454, 40.529668 ], [ -111.728603, 40.529762 ], [ -111.728701, 40.529804 ], [ -111.729017, 40.529872 ], [ -111.729639, 40.529719 ], [ -111.730159, 40.529744 ], [ -111.73084, 40.529881 ], [ -111.731114, 40.529893 ], [ -111.731211, 40.529906 ], [ -111.73128, 40.529916 ], [ -111.731469, 40.529942 ], [ -111.731799, 40.530033 ], [ -111.732297, 40.530249 ], [ -111.732595, 40.530449 ], [ -111.732668, 40.530587 ], [ -111.732735, 40.530746 ], [ -111.73291, 40.531068 ], [ -111.733088, 40.531239 ], [ -111.73326, 40.53141 ], [ -111.733398, 40.53153 ], [ -111.733631, 40.531798 ], [ -111.733685, 40.531928 ], [ -111.733765, 40.532112 ], [ -111.733927, 40.532364 ], [ -111.734099, 40.53248 ], [ -111.734365, 40.53257 ], [ -111.734529, 40.532596 ], [ -111.734661, 40.532617 ], [ -111.734674, 40.532619 ], [ -111.734839, 40.532673 ], [ -111.734922, 40.532692 ], [ -111.734969, 40.532704 ], [ -111.735068, 40.532696 ], [ -111.735085, 40.532694 ], [ -111.735106, 40.532691 ], [ -111.735263, 40.532578 ], [ -111.735394, 40.532495 ], [ -111.735589, 40.532363 ], [ -111.736128, 40.532062 ], [ -111.736287, 40.531919 ], [ -111.736379, 40.531689 ], [ -111.736486, 40.531319 ], [ -111.736591, 40.530881 ], [ -111.736694, 40.530539 ], [ -111.736723, 40.530378 ], [ -111.73672, 40.530084 ], [ -111.736638, 40.529644 ], [ -111.736681, 40.529194 ], [ -111.73675, 40.528973 ], [ -111.736773, 40.528901 ], [ -111.736917, 40.528712 ], [ -111.737179, 40.528546 ], [ -111.737399, 40.528433 ], [ -111.737568, 40.528202 ] ] ] } },
{ "type": "Feature", "properties": { "STATEFP": "49", "COUNTYFP": "049", "COUNTYNS": "01448038", "GEOID": "49049", "GEOIDFQ": "0500000US49049", "NAME": "Utah", "NAMELSAD": "Utah County", "LSAD": "06", "CLASSFP": "H1", "MTFCC": "G4020", "CSAFP": "482", "CBSAFP": "39340", "METDIVFP": null, "FUNCSTAT": "A", "ALAND": 5191527713, "AWATER": 362177780, "INTPTLAT": "+40.1204177", "INTPTLON": "-111.6685633" }, "geometry": { "type": "Polygon", "coordinates": [ [ [ -111.676246, 39.812484 ], [ -111.68361, 39.812438 ], [ -111.685849, 39.812427 ], [ -111.688476, 39.812414 ], [ -111.691926, 39.812397 ], [ -111.695404, 39.812379 ], [ -111.695899, 39.812379 ], [ -111.696256, 39.812376 ], [ -111.700544, 39.812359 ], [ -111.704483, 39.812347 ], [ -111.704737, 39.812346 ], [ -111.704971, 39.812345 ], [ -111.708551, 39.812335 ], [ -111.712852, 39.812322 ], [ -111.713927, 39.812318 ], [ -111.714548, 39.812316 ], [ -111.714875, 39.812315 ], [ -111.715168, 39.812315 ], [ -111.715437, 39.812314 ], [ -111.715721, 39.812313 ], [ -111.719791, 39.812303 ], [ -111.723819, 39.812296 ], [ -111.723842, 39.812296 ], [ -111.723871, 39.812296 ], [ -111.728509, 39.812288 ], [ -111.730928, 39.812283 ], [ -111.731112, 39.812283 ], [ -111.731306, 39.812283 ], [ -111.731466, 39.812282 ], [ -111.731602, 39.812282 ], [ -111.732198, 39.812281 ], [ -111.740699, 39.812271 ], [ -111.750528, 39.812267 ], [ -111.752629, 39.812266 ], [ -111.754665, 39.812266 ], [ -111.755035, 39.812076 ], [ -111.755871, 39.811913 ], [ -111.756461, 39.81185 ], [ -111.75676, 39.811822 ], [ -111.757044, 39.81179 ], [ -111.757645, 39.811727 ], [ -111.758316, 39.811655 ], [ -111.758665, 39.811586 ], [ -111.758939, 39.811561 ], [ -111.759209, 39.811536 ], [ -111.759774, 39.811457 ], [ -111.759859, 39.811446 ], [ -111.761174, 39.811276 ], [ -111.761534, 39.811226 ], [ -111.761857, 39.811182 ], [ -111.762481, 39.811124 ], [ -111.763209, 39.811019 ], [ -111.763735, 39.810944 ], [ -111.764511, 39.810848 ], [ -111.764697, 39.810826 ], [ -111.764857, 39.810805 ], [ -111.765112, 39.810773 ], [ -111.766144, 39.810644 ], [ -111.766343, 39.810625 ], [ -111.76635, 39.810635 ], [ -111.766378, 39.810674 ], [ -111.766398, 39.810769 ], [ -111.766374, 39.810846 ], [ -111.766317, 39.81099 ], [ -111.766243, 39.811166 ], [ -111.766146, 39.811365 ], [ -111.766043, 39.81156 ], [ -111.765956, 39.811689 ], [ -111.765883, 39.811809 ], [ -111.765774, 39.811973 ], [ -111.765744, 39.812088 ], [ -111.765624, 39.812347 ], [ -111.76558, 39.812482 ], [ -111.765514, 39.812797 ], [ -111.765359, 39.81306 ], [ -111.765204, 39.813259 ], [ -111.76508, 39.813422 ], [ -111.765019, 39.813503 ], [ -111.76491, 39.813644 ], [ -111.76476, 39.813812 ], [ -111.764656, 39.814009 ], [ -111.764626, 39.814054 ], [ -111.764614, 39.814079 ], [ -111.764567, 39.814289 ], [ -111.764503, 39.814465 ], [ -111.76432, 39.814781 ], [ -111.764206, 39.814958 ], [ -111.764138, 39.815093 ], [ -111.764093, 39.815293 ], [ -111.764095, 39.815321 ], [ -111.764108, 39.815375 ], [ -111.764107, 39.815475 ], [ -111.76409, 39.815628 ], [ -111.764089, 39.815755 ], [ -111.764137, 39.815887 ], [ -111.764179, 39.815954 ], [ -111.764188, 39.816031 ], [ -111.764266, 39.816183 ], [ -111.764244, 39.816282 ], [ -111.764201, 39.816384 ], [ -111.764164, 39.816467 ], [ -111.764084, 39.816594 ], [ -111.763987, 39.816784 ], [ -111.763935, 39.816844 ], [ -111.763854, 39.816938 ], [ -111.763751, 39.817105 ], [ -111.76359, 39.817341 ], [ -111.76338, 39.817602 ], [ -111.763267, 39.817748 ], [ -111.763127, 39.817877 ], [ -111.763071, 39.817952 ], [ -111.762858, 39.818181 ], [ -111.762731, 39.818346 ], [ -111.762602, 39.818593 ], [ -111.762473, 39.818826 ], [ -111.762429, 39.818884 ], [ -111.762385, 39.818942 ], [ -111.762318, 39.81903 ], [ -111.762248, 39.819124 ], [ -111.762178, 39.819197 ], [ -111.762144, 39.819254 ], [ -111.762072, 39.81933 ], [ -111.762057, 39.819339 ], [ -111.761856, 39.819543 ], [ -111.76163, 39.819716 ], [ -111.761405, 39.819987 ], [ -111.761232, 39.820245 ], [ -111.761078, 39.820463 ], [ -111.760895, 39.820766 ], [ -111.760774, 39.820926 ], [ -111.760693, 39.821085 ], [ -111.760606, 39.821227 ], [ -111.760506, 39.821334 ], [ -111.760484, 39.821372 ], [ -111.760468, 39.821399 ], [ -111.76036, 39.821683 ], [ -111.760348, 39.821703 ], [ -111.76016, 39.822036 ], [ -111.759975, 39.822277 ], [ -111.759727, 39.822575 ], [ -111.759716, 39.822628 ], [ -111.759641, 39.822864 ], [ -111.759583, 39.822973 ], [ -111.759511, 39.823077 ], [ -111.759493, 39.823099 ], [ -111.759421, 39.823221 ], [ -111.759367, 39.823312 ], [ -111.758912, 39.823851 ], [ -111.758757, 39.824104 ], [ -111.758705, 39.824178 ], [ -111.758667, 39.824242 ], [ -111.758588, 39.824356 ], [ -111.758539, 39.824416 ], [ -111.758481, 39.824498 ], [ -111.758221, 39.824806 ], [ -111.757903, 39.825124 ], [ -111.757573, 39.825526 ], [ -111.757315, 39.825817 ], [ -111.757084, 39.826033 ], [ -111.756656, 39.82647 ], [ -111.756478, 39.826764 ], [ -111.756368, 39.826887 ], [ -111.75635, 39.826912 ], [ -111.756322, 39.826938 ], [ -111.756276, 39.82699 ], [ -111.756126, 39.827131 ], [ -111.75597, 39.827303 ], [ -111.755946, 39.82733 ], [ -111.7559, 39.827418 ], [ -111.755877, 39.827462 ], [ -111.755792, 39.827624 ], [ -111.755777, 39.827642 ], [ -111.755706, 39.827728 ], [ -111.755311, 39.827929 ], [ -111.755109, 39.827993 ], [ -111.754855, 39.828122 ], [ -111.754729, 39.828208 ], [ -111.75462, 39.828273 ], [ -111.754557, 39.828332 ], [ -111.75448, 39.828398 ], [ -111.754457, 39.828423 ], [ -111.754301, 39.828589 ], [ -111.754141, 39.828865 ], [ -111.754101, 39.828918 ], [ -111.754048, 39.828991 ], [ -111.753951, 39.829123 ], [ -111.753755, 39.829367 ], [ -111.753587, 39.829512 ], [ -111.753396, 39.829644 ], [ -111.75332, 39.829696 ], [ -111.753022, 39.829898 ], [ -111.753001, 39.829915 ], [ -111.752986, 39.829922 ], [ -111.75281, 39.83004 ], [ -111.752687, 39.830078 ], [ -111.752431, 39.830119 ], [ -111.752297, 39.830147 ], [ -111.752145, 39.830211 ], [ -111.752035, 39.830297 ], [ -111.751925, 39.830393 ], [ -111.751757, 39.830529 ], [ -111.751607, 39.830629 ], [ -111.75132, 39.830707 ], [ -111.751171, 39.830775 ], [ -111.750983, 39.830895 ], [ -111.750944, 39.830926 ], [ -111.750731, 39.83113 ], [ -111.750602, 39.83123 ], [ -111.750452, 39.831353 ], [ -111.750209, 39.83158 ], [ -111.750192, 39.831593 ], [ -111.74981, 39.831922 ], [ -111.749766, 39.831947 ], [ -111.749327, 39.832389 ], [ -111.748822, 39.833018 ], [ -111.74877, 39.833106 ], [ -111.748734, 39.833205 ], [ -111.748696, 39.833353 ], [ -111.748681, 39.833422 ], [ -111.748499, 39.833846 ], [ -111.748373, 39.834135 ], [ -111.748393, 39.83436 ], [ -111.748424, 39.834417 ], [ -111.748517, 39.834544 ], [ -111.748659, 39.834669 ], [ -111.748755, 39.834849 ], [ -111.748975, 39.835205 ], [ -111.749052, 39.835356 ], [ -111.749121, 39.835634 ], [ -111.749146, 39.835829 ], [ -111.749186, 39.836351 ], [ -111.749193, 39.836478 ], [ -111.749208, 39.836743 ], [ -111.749225, 39.836909 ], [ -111.749254, 39.837011 ], [ -111.749262, 39.837077 ], [ -111.749465, 39.837896 ], [ -111.749516, 39.838196 ], [ -111.749515, 39.838231 ], [ -111.749527, 39.838263 ], [ -111.74954, 39.838346 ], [ -111.749555, 39.838698 ], [ -111.749556, 39.838742 ], [ -111.749536, 39.839008 ], [ -111.749563, 39.839323 ], [ -111.74964, 39.839691 ], [ -111.749649, 39.839733 ], [ -111.749728, 39.839944 ], [ -111.749774, 39.840067 ], [ -111.749823, 39.8402 ], [ -111.749966, 39.84046 ], [ -111.750099, 39.840784 ], [ -111.750119, 39.841032 ], [ -111.750076, 39.841271 ], [ -111.750019, 39.841399 ], [ -111.750012, 39.841407 ], [ -111.749932, 39.841572 ], [ -111.749852, 39.841681 ], [ -111.749708, 39.841812 ], [ -111.749621, 39.841916 ], [ -111.749495, 39.842037 ], [ -111.749186, 39.842348 ], [ -111.748984, 39.842589 ], [ -111.74889, 39.842798 ], [ -111.748813, 39.842968 ], [ -111.748706, 39.843247 ], [ -111.748539, 39.843667 ], [ -111.748352, 39.844112 ], [ -111.748248, 39.844277 ], [ -111.74814, 39.844447 ], [ -111.748033, 39.844559 ], [ -111.74799, 39.844617 ], [ -111.747905, 39.84474 ], [ -111.747524, 39.845296 ], [ -111.747502, 39.845342 ], [ -111.747433, 39.845456 ], [ -111.747318, 39.845693 ], [ -111.747135, 39.846072 ], [ -111.74701, 39.846411 ], [ -111.746941, 39.84668 ], [ -111.746925, 39.846698 ], [ -111.74693, 39.846863 ], [ -111.746915, 39.84694 ], [ -111.74692, 39.847182 ], [ -111.746916, 39.847251 ], [ -111.746953, 39.847688 ], [ -111.746962, 39.847971 ], [ -111.746908, 39.848256 ], [ -111.746857, 39.848517 ], [ -111.746804, 39.848968 ], [ -111.746741, 39.849502 ], [ -111.74669, 39.849776 ], [ -111.746645, 39.849957 ], [ -111.746609, 39.850023 ], [ -111.746573, 39.850067 ], [ -111.746458, 39.850121 ], [ -111.746301, 39.85018 ], [ -111.746151, 39.850245 ], [ -111.746058, 39.850267 ], [ -111.745993, 39.850288 ], [ -111.745907, 39.850381 ], [ -111.745642, 39.850572 ], [ -111.745491, 39.850637 ], [ -111.745305, 39.850701 ], [ -111.745148, 39.850766 ], [ -111.744891, 39.850852 ], [ -111.744641, 39.850927 ], [ -111.744367, 39.851003 ], [ -111.744137, 39.851073 ], [ -111.743784, 39.851181 ], [ -111.74345, 39.851247 ], [ -111.743234, 39.851276 ], [ -111.742989, 39.851308 ], [ -111.742592, 39.851346 ], [ -111.742288, 39.851376 ], [ -111.74161, 39.85138 ], [ -111.74135, 39.851371 ], [ -111.741295, 39.851369 ], [ -111.741177, 39.851351 ], [ -111.741013, 39.851312 ], [ -111.740914, 39.851321 ], [ -111.74075, 39.85134 ], [ -111.74069, 39.851346 ], [ -111.74043, 39.851397 ], [ -111.740312, 39.851402 ], [ -111.740125, 39.851403 ], [ -111.739933, 39.851374 ], [ -111.739745, 39.851347 ], [ -111.739646, 39.851352 ], [ -111.739459, 39.851377 ], [ -111.739302, 39.851378 ], [ -111.739126, 39.85136 ], [ -111.738892, 39.851325 ], [ -111.738465, 39.851283 ], [ -111.738032, 39.851281 ], [ -111.737857, 39.851305 ], [ -111.737769, 39.85131 ], [ -111.737694, 39.851337 ], [ -111.737618, 39.851388 ], [ -111.737595, 39.851439 ], [ -111.737595, 39.851477 ], [ -111.737553, 39.8516 ], [ -111.737551, 39.851618 ], [ -111.737517, 39.851717 ], [ -111.737465, 39.851816 ], [ -111.737309, 39.851975 ], [ -111.737199, 39.852057 ], [ -111.736955, 39.852185 ], [ -111.736243, 39.852347 ], [ -111.736179, 39.852361 ], [ -111.736005, 39.852402 ], [ -111.735888, 39.85243 ], [ -111.735696, 39.85253 ], [ -111.735429, 39.852717 ], [ -111.735215, 39.852911 ], [ -111.734931, 39.853121 ], [ -111.734506, 39.853448 ], [ -111.734276, 39.853625 ], [ -111.734224, 39.85368 ], [ -111.734154, 39.853779 ], [ -111.734091, 39.853901 ], [ -111.734146, 39.854171 ], [ -111.734295, 39.854511 ], [ -111.734392, 39.854721 ], [ -111.734507, 39.854969 ], [ -111.734575, 39.855168 ], [ -111.734628, 39.855251 ], [ -111.734657, 39.855375 ], [ -111.734694, 39.855579 ], [ -111.734691, 39.855619 ], [ -111.734633, 39.855778 ], [ -111.734652, 39.855949 ], [ -111.7346, 39.856119 ], [ -111.734575, 39.856389 ], [ -111.734582, 39.856471 ], [ -111.734657, 39.856692 ], [ -111.734686, 39.856722 ], [ -111.734737, 39.856815 ], [ -111.734772, 39.856862 ], [ -111.734878, 39.857002 ], [ -111.735015, 39.857182 ], [ -111.735037, 39.857215 ], [ -111.735205, 39.857469 ], [ -111.7353, 39.857662 ], [ -111.735408, 39.857879 ], [ -111.735448, 39.857946 ], [ -111.73562, 39.858337 ], [ -111.735845, 39.858542 ], [ -111.736108, 39.858671 ], [ -111.736216, 39.858733 ], [ -111.736263, 39.85876 ], [ -111.736449, 39.858916 ], [ -111.736555, 39.859042 ], [ -111.736656, 39.859231 ], [ -111.736697, 39.859394 ], [ -111.736744, 39.859739 ], [ -111.736751, 39.85985 ], [ -111.736765, 39.860061 ], [ -111.736771, 39.860158 ], [ -111.73676, 39.860235 ], [ -111.736785, 39.860435 ], [ -111.736823, 39.860608 ], [ -111.736887, 39.86074 ], [ -111.736943, 39.860882 ], [ -111.73716, 39.861284 ], [ -111.737441, 39.861777 ], [ -111.737601, 39.862035 ], [ -111.737715, 39.86222 ], [ -111.737823, 39.862392 ], [ -111.737885, 39.862478 ], [ -111.738013, 39.862658 ], [ -111.738087, 39.862925 ], [ -111.7381, 39.863055 ], [ -111.738085, 39.863285 ], [ -111.738044, 39.863507 ], [ -111.738033, 39.863617 ], [ -111.738025, 39.863692 ], [ -111.737974, 39.863877 ], [ -111.737976, 39.864008 ], [ -111.738, 39.864107 ], [ -111.738065, 39.864179 ], [ -111.73846, 39.86446 ], [ -111.738774, 39.864698 ], [ -111.73909, 39.864938 ], [ -111.73935, 39.865117 ], [ -111.739556, 39.865246 ], [ -111.73977, 39.865481 ], [ -111.739893, 39.865663 ], [ -111.739994, 39.865779 ], [ -111.740208, 39.865933 ], [ -111.740553, 39.866095 ], [ -111.740935, 39.866269 ], [ -111.740985, 39.866293 ], [ -111.741445, 39.866513 ], [ -111.741842, 39.866689 ], [ -111.742256, 39.866873 ], [ -111.743068, 39.867323 ], [ -111.743693, 39.867671 ], [ -111.744091, 39.867893 ], [ -111.745484, 39.86856 ], [ -111.745798, 39.868694 ], [ -111.746342, 39.868928 ], [ -111.746653, 39.869088 ], [ -111.746824, 39.869195 ], [ -111.74698, 39.869334 ], [ -111.747022, 39.869408 ], [ -111.74705, 39.86948 ], [ -111.747069, 39.869529 ], [ -111.747261, 39.870047 ], [ -111.74729, 39.870105 ], [ -111.747332, 39.870192 ], [ -111.747431, 39.870267 ], [ -111.74755, 39.870339 ], [ -111.747755, 39.870419 ], [ -111.747807, 39.870437 ], [ -111.748325, 39.870618 ], [ -111.748727, 39.870754 ], [ -111.748889, 39.870809 ], [ -111.749058, 39.870866 ], [ -111.749125, 39.870888 ], [ -111.749228, 39.870923 ], [ -111.749459, 39.871007 ], [ -111.749825, 39.871153 ], [ -111.749999, 39.871203 ], [ -111.750226, 39.871281 ], [ -111.750439, 39.871364 ], [ -111.750606, 39.871443 ], [ -111.750731, 39.871493 ], [ -111.750854, 39.871524 ], [ -111.750984, 39.871582 ], [ -111.751004, 39.871596 ], [ -111.751192, 39.871735 ], [ -111.751303, 39.871899 ], [ -111.751346, 39.871987 ], [ -111.751385, 39.872064 ], [ -111.751388, 39.872085 ], [ -111.751391, 39.872102 ], [ -111.751412, 39.872254 ], [ -111.751423, 39.872296 ], [ -111.751467, 39.872466 ], [ -111.751505, 39.872718 ], [ -111.751521, 39.872786 ], [ -111.751567, 39.872988 ], [ -111.751662, 39.873167 ], [ -111.751724, 39.873487 ], [ -111.751807, 39.873661 ], [ -111.751861, 39.873743 ], [ -111.751944, 39.873867 ], [ -111.75206, 39.873958 ], [ -111.752129, 39.87401 ], [ -111.752228, 39.874047 ], [ -111.752321, 39.874082 ], [ -111.752608, 39.874188 ], [ -111.752825, 39.874218 ], [ -111.753071, 39.874253 ], [ -111.753188, 39.874284 ], [ -111.753295, 39.874316 ], [ -111.753511, 39.874381 ], [ -111.753722, 39.874424 ], [ -111.753791, 39.874434 ], [ -111.754119, 39.87448 ], [ -111.754278, 39.874544 ], [ -111.754455, 39.874609 ], [ -111.754728, 39.87466 ], [ -111.754896, 39.874687 ], [ -111.755061, 39.874723 ], [ -111.755225, 39.874778 ], [ -111.755485, 39.87485 ], [ -111.755568, 39.874948 ], [ -111.755791, 39.875045 ], [ -111.75605, 39.875133 ], [ -111.756403, 39.87523 ], [ -111.756592, 39.875303 ], [ -111.756828, 39.875507 ], [ -111.757062, 39.875684 ], [ -111.75735, 39.875952 ], [ -111.75762, 39.876299 ], [ -111.757836, 39.876596 ], [ -111.757945, 39.877023 ], [ -111.757963, 39.877342 ], [ -111.75793, 39.877827 ], [ -111.757982, 39.878085 ], [ -111.758127, 39.878345 ], [ -111.758229, 39.878602 ], [ -111.758342, 39.878765 ], [ -111.758344, 39.879018 ], [ -111.758369, 39.879314 ], [ -111.758336, 39.879804 ], [ -111.758311, 39.87991 ], [ -111.758306, 39.880168 ], [ -111.758246, 39.880302 ], [ -111.758325, 39.880515 ], [ -111.75856, 39.880895 ], [ -111.759224, 39.88192 ], [ -111.759938, 39.882719 ], [ -111.760286, 39.883001 ], [ -111.760408, 39.883144 ], [ -111.760536, 39.883242 ], [ -111.760554, 39.883255 ], [ -111.760579, 39.883274 ], [ -111.760608, 39.883296 ], [ -111.760808, 39.883461 ], [ -111.760957, 39.883686 ], [ -111.760963, 39.883713 ], [ -111.760967, 39.883733 ], [ -111.760974, 39.883763 ], [ -111.761, 39.883888 ], [ -111.760915, 39.884155 ], [ -111.760885, 39.884272 ], [ -111.760813, 39.884466 ], [ -111.760629, 39.884905 ], [ -111.760254, 39.885392 ], [ -111.759869, 39.885846 ], [ -111.759717, 39.88597 ], [ -111.75949, 39.886212 ], [ -111.759347, 39.886397 ], [ -111.759309, 39.886445 ], [ -111.759141, 39.886709 ], [ -111.759124, 39.886736 ], [ -111.75911, 39.886759 ], [ -111.759068, 39.886825 ], [ -111.758999, 39.886996 ], [ -111.758949, 39.887172 ], [ -111.758905, 39.887309 ], [ -111.758892, 39.887348 ], [ -111.758763, 39.887543 ], [ -111.758745, 39.887571 ], [ -111.758729, 39.887593 ], [ -111.758721, 39.887606 ], [ -111.758688, 39.887636 ], [ -111.758429, 39.887872 ], [ -111.75841, 39.887889 ], [ -111.75839, 39.887907 ], [ -111.758371, 39.887925 ], [ -111.758233, 39.888051 ], [ -111.757955, 39.88826 ], [ -111.757822, 39.888328 ], [ -111.757729, 39.888375 ], [ -111.757687, 39.888397 ], [ -111.757635, 39.888425 ], [ -111.75742, 39.888543 ], [ -111.757338, 39.888589 ], [ -111.757297, 39.888611 ], [ -111.75724, 39.888643 ], [ -111.757077, 39.888716 ], [ -111.757046, 39.888749 ], [ -111.757023, 39.888775 ], [ -111.75695, 39.888857 ], [ -111.75694, 39.88901 ], [ -111.756946, 39.889084 ], [ -111.75695, 39.889098 ], [ -111.756983, 39.889211 ], [ -111.757236, 39.889524 ], [ -111.757412, 39.889845 ], [ -111.75763, 39.890127 ], [ -111.757889, 39.890413 ], [ -111.759619, 39.891272 ], [ -111.760308, 39.891587 ], [ -111.760876, 39.891888 ], [ -111.761115, 39.891998 ], [ -111.761291, 39.892132 ], [ -111.761392, 39.892339 ], [ -111.761459, 39.892613 ], [ -111.761472, 39.892661 ], [ -111.76148, 39.892692 ], [ -111.761487, 39.89289 ], [ -111.761522, 39.893179 ], [ -111.761515, 39.893222 ], [ -111.761551, 39.893313 ], [ -111.761567, 39.893424 ], [ -111.761575, 39.893501 ], [ -111.76158, 39.89351 ], [ -111.761686, 39.893692 ], [ -111.761996, 39.894021 ], [ -111.762181, 39.894124 ], [ -111.762219, 39.894145 ], [ -111.762246, 39.894175 ], [ -111.762407, 39.894353 ], [ -111.762704, 39.894656 ], [ -111.762893, 39.894776 ], [ -111.763063, 39.894937 ], [ -111.763388, 39.895115 ], [ -111.763613, 39.895296 ], [ -111.763842, 39.895482 ], [ -111.764131, 39.89566 ], [ -111.764315, 39.895791 ], [ -111.764614, 39.895968 ], [ -111.764741, 39.896019 ], [ -111.764884, 39.896078 ], [ -111.765162, 39.896311 ], [ -111.765637, 39.89647 ], [ -111.765787, 39.896545 ], [ -111.766001, 39.896653 ], [ -111.766282, 39.896812 ], [ -111.766518, 39.896945 ], [ -111.766674, 39.897027 ], [ -111.766783, 39.897173 ], [ -111.76684, 39.897225 ], [ -111.766857, 39.897268 ], [ -111.767004, 39.89738 ], [ -111.767053, 39.89743 ], [ -111.767181, 39.897563 ], [ -111.767516, 39.897674 ], [ -111.767809, 39.89769 ], [ -111.767862, 39.897721 ], [ -111.767887, 39.897736 ], [ -111.768009, 39.897812 ], [ -111.768149, 39.897869 ], [ -111.768285, 39.898064 ], [ -111.768388, 39.898204 ], [ -111.768658, 39.898324 ], [ -111.76883, 39.898359 ], [ -111.769068, 39.898398 ], [ -111.769367, 39.898418 ], [ -111.769542, 39.898332 ], [ -111.769705, 39.898267 ], [ -111.769817, 39.898264 ], [ -111.770026, 39.898256 ], [ -111.770243, 39.898264 ], [ -111.770682, 39.898333 ], [ -111.770786, 39.898375 ], [ -111.770935, 39.898435 ], [ -111.771214, 39.898456 ], [ -111.771586, 39.898496 ], [ -111.771812, 39.898517 ], [ -111.772021, 39.898537 ], [ -111.772163, 39.89855 ], [ -111.772252, 39.898557 ], [ -111.772492, 39.898578 ], [ -111.772836, 39.898634 ], [ -111.773003, 39.898661 ], [ -111.773236, 39.898699 ], [ -111.77339, 39.898737 ], [ -111.773425, 39.898745 ], [ -111.773556, 39.898778 ], [ -111.773653, 39.898805 ], [ -111.773882, 39.89887 ], [ -111.773967, 39.898913 ], [ -111.774132, 39.899014 ], [ -111.774326, 39.899166 ], [ -111.774424, 39.899249 ], [ -111.774579, 39.899341 ], [ -111.7748, 39.899382 ], [ -111.775016, 39.899363 ], [ -111.775758, 39.89933 ], [ -111.776209, 39.89931 ], [ -111.776527, 39.899296 ], [ -111.77701, 39.899275 ], [ -111.777453, 39.899258 ], [ -111.777799, 39.89925 ], [ -111.778197, 39.899265 ], [ -111.778385, 39.89934 ], [ -111.778532, 39.89947 ], [ -111.778632, 39.899575 ], [ -111.778821, 39.899774 ], [ -111.779047, 39.899954 ], [ -111.77927, 39.900033 ], [ -111.77933, 39.900057 ], [ -111.779609, 39.900174 ], [ -111.779898, 39.900245 ], [ -111.780177, 39.900393 ], [ -111.780293, 39.900457 ], [ -111.780475, 39.90056 ], [ -111.780846, 39.900824 ], [ -111.78104, 39.901037 ], [ -111.781296, 39.901306 ], [ -111.781442, 39.901487 ], [ -111.781574, 39.901667 ], [ -111.781735, 39.901822 ], [ -111.781825, 39.902007 ], [ -111.781893, 39.90224 ], [ -111.781915, 39.90238 ], [ -111.781921, 39.902398 ], [ -111.781919, 39.90256 ], [ -111.782021, 39.902843 ], [ -111.782123, 39.903045 ], [ -111.782302, 39.903337 ], [ -111.78254, 39.903588 ], [ -111.782746, 39.90378 ], [ -111.782999, 39.903909 ], [ -111.783055, 39.904037 ], [ -111.783046, 39.904094 ], [ -111.783088, 39.904434 ], [ -111.783068, 39.904603 ], [ -111.783072, 39.904697 ], [ -111.783057, 39.904953 ], [ -111.783019, 39.905201 ], [ -111.782976, 39.905342 ], [ -111.782958, 39.9054 ], [ -111.782789, 39.905505 ], [ -111.782769, 39.905514 ], [ -111.782721, 39.905536 ], [ -111.78269, 39.905551 ], [ -111.782569, 39.905605 ], [ -111.782408, 39.905616 ], [ -111.782351, 39.90562 ], [ -111.782179, 39.905758 ], [ -111.782039, 39.905928 ], [ -111.781979, 39.906158 ], [ -111.781969, 39.906897 ], [ -111.782019, 39.907138 ], [ -111.782052, 39.907236 ], [ -111.782076, 39.907329 ], [ -111.782121, 39.907383 ], [ -111.78214, 39.907423 ], [ -111.78215, 39.907478 ], [ -111.782318, 39.907524 ], [ -111.782607, 39.907632 ], [ -111.782918, 39.907576 ], [ -111.783216, 39.90757 ], [ -111.783335, 39.907585 ], [ -111.783578, 39.907617 ], [ -111.783736, 39.907663 ], [ -111.783878, 39.907705 ], [ -111.784103, 39.907879 ], [ -111.784319, 39.908096 ], [ -111.784635, 39.908434 ], [ -111.784771, 39.908519 ], [ -111.78505, 39.90858 ], [ -111.785325, 39.908627 ], [ -111.785556, 39.90863 ], [ -111.785574, 39.908636 ], [ -111.785727, 39.908705 ], [ -111.785881, 39.908775 ], [ -111.785953, 39.908802 ], [ -111.786073, 39.908837 ], [ -111.786185, 39.90887 ], [ -111.786502, 39.908985 ], [ -111.786778, 39.909118 ], [ -111.78702, 39.90926 ], [ -111.787199, 39.909538 ], [ -111.787278, 39.90979 ], [ -111.787291, 39.909834 ], [ -111.787305, 39.910183 ], [ -111.787262, 39.910495 ], [ -111.787208, 39.910851 ], [ -111.787149, 39.911378 ], [ -111.787146, 39.911443 ], [ -111.787129, 39.911748 ], [ -111.787176, 39.912148 ], [ -111.787183, 39.912243 ], [ -111.787203, 39.912491 ], [ -111.787271, 39.91281 ], [ -111.787367, 39.913057 ], [ -111.787512, 39.91339 ], [ -111.787621, 39.913722 ], [ -111.787759, 39.914059 ], [ -111.787875, 39.914379 ], [ -111.788092, 39.914501 ], [ -111.788261, 39.914664 ], [ -111.788499, 39.914829 ], [ -111.788628, 39.914912 ], [ -111.788706, 39.914969 ], [ -111.788891, 39.915135 ], [ -111.789015, 39.915215 ], [ -111.789097, 39.915328 ], [ -111.789096, 39.915505 ], [ -111.78903, 39.915627 ], [ -111.788789, 39.915875 ], [ -111.78839, 39.91612 ], [ -111.78802, 39.916354 ], [ -111.787875, 39.91644 ], [ -111.787712, 39.916537 ], [ -111.787688, 39.916564 ], [ -111.787667, 39.916587 ], [ -111.787596, 39.916666 ], [ -111.787486, 39.916789 ], [ -111.787384, 39.916912 ], [ -111.787354, 39.916984 ], [ -111.787289, 39.91708 ], [ -111.787147, 39.91732 ], [ -111.787019, 39.917713 ], [ -111.786902, 39.917968 ], [ -111.786873, 39.91803 ], [ -111.786731, 39.918485 ], [ -111.786776, 39.918731 ], [ -111.786893, 39.919196 ], [ -111.786925, 39.919275 ], [ -111.786937, 39.919598 ], [ -111.786956, 39.919778 ], [ -111.786926, 39.919886 ], [ -111.786874, 39.920072 ], [ -111.786857, 39.920111 ], [ -111.78682, 39.920198 ], [ -111.786766, 39.920317 ], [ -111.786738, 39.920379 ], [ -111.786621, 39.920489 ], [ -111.786549, 39.920737 ], [ -111.786393, 39.920928 ], [ -111.786252, 39.921246 ], [ -111.786256, 39.921362 ], [ -111.786362, 39.921706 ], [ -111.786378, 39.921758 ], [ -111.786383, 39.921774 ], [ -111.786409, 39.921857 ], [ -111.786425, 39.921909 ], [ -111.786455, 39.92196 ], [ -111.786461, 39.922009 ], [ -111.78647, 39.922045 ], [ -111.786472, 39.92224 ], [ -111.786569, 39.922554 ], [ -111.786677, 39.922837 ], [ -111.786934, 39.923277 ], [ -111.787008, 39.923533 ], [ -111.787066, 39.923645 ], [ -111.787133, 39.923771 ], [ -111.787301, 39.924081 ], [ -111.787514, 39.924363 ], [ -111.78777, 39.924731 ], [ -111.787892, 39.924883 ], [ -111.788025, 39.925049 ], [ -111.788227, 39.925308 ], [ -111.788566, 39.925798 ], [ -111.788604, 39.925827 ], [ -111.78866, 39.925882 ], [ -111.788751, 39.92594 ], [ -111.788862, 39.926026 ], [ -111.789078, 39.926079 ], [ -111.789566, 39.926201 ], [ -111.790077, 39.9264 ], [ -111.790511, 39.92651 ], [ -111.790797, 39.926638 ], [ -111.790858, 39.926666 ], [ -111.790905, 39.926687 ], [ -111.791217, 39.926798 ], [ -111.791594, 39.927021 ], [ -111.792053, 39.927243 ], [ -111.792273, 39.927556 ], [ -111.792422, 39.927703 ], [ -111.792444, 39.92773 ], [ -111.792534, 39.92787 ], [ -111.792583, 39.928054 ], [ -111.792703, 39.928301 ], [ -111.79281, 39.928481 ], [ -111.792852, 39.928596 ], [ -111.792876, 39.928663 ], [ -111.792932, 39.928818 ], [ -111.793069, 39.928928 ], [ -111.793451, 39.929233 ], [ -111.793681, 39.929385 ], [ -111.793711, 39.929506 ], [ -111.793783, 39.929582 ], [ -111.793787, 39.929992 ], [ -111.79381, 39.930105 ], [ -111.793862, 39.930361 ], [ -111.794041, 39.930684 ], [ -111.79436, 39.930961 ], [ -111.794731, 39.931139 ], [ -111.795331, 39.931323 ], [ -111.795663, 39.931434 ], [ -111.795929, 39.931545 ], [ -111.796323, 39.931687 ], [ -111.796717, 39.931878 ], [ -111.797052, 39.931988 ], [ -111.797521, 39.932106 ], [ -111.798081, 39.932126 ], [ -111.798651, 39.932094 ], [ -111.799067, 39.93215 ], [ -111.799313, 39.932214 ], [ -111.799369, 39.932219 ], [ -111.799432, 39.932245 ], [ -111.799572, 39.932282 ], [ -111.800101, 39.932463 ], [ -111.800434, 39.932615 ], [ -111.800665, 39.93272 ], [ -111.800919, 39.932818 ], [ -111.801183, 39.932951 ], [ -111.801536, 39.933187 ], [ -111.801815, 39.93328 ], [ -111.801972, 39.933333 ], [ -111.802319, 39.933542 ], [ -111.802871, 39.934034 ], [ -111.802897, 39.93405 ], [ -111.80311, 39.93414 ], [ -111.803457, 39.934285 ], [ -111.803557, 39.934326 ], [ -111.80375, 39.934373 ], [ -111.803813, 39.934389 ], [ -111.804113, 39.934437 ], [ -111.804287, 39.934465 ], [ -111.804388, 39.934486 ], [ -111.804657, 39.934543 ], [ -111.804848, 39.934584 ], [ -111.804969, 39.934631 ], [ -111.805051, 39.934662 ], [ -111.805152, 39.934687 ], [ -111.805182, 39.93471 ], [ -111.805371, 39.934796 ], [ -111.805632, 39.93515 ], [ -111.805674, 39.935208 ], [ -111.805815, 39.935685 ], [ -111.805911, 39.935919 ], [ -111.806007, 39.936129 ], [ -111.806261, 39.936335 ], [ -111.806356, 39.936378 ], [ -111.806399, 39.93641 ], [ -111.806724, 39.936536 ], [ -111.807088, 39.936658 ], [ -111.80727, 39.936781 ], [ -111.807402, 39.93686 ], [ -111.807513, 39.936957 ], [ -111.80798, 39.937645 ], [ -111.808327, 39.938133 ], [ -111.808378, 39.938197 ], [ -111.808499, 39.938349 ], [ -111.808951, 39.9387 ], [ -111.809211, 39.938823 ], [ -111.809452, 39.938934 ], [ -111.809764, 39.939094 ], [ -111.81, 39.939175 ], [ -111.810058, 39.939195 ], [ -111.810238, 39.939318 ], [ -111.810394, 39.939423 ], [ -111.810649, 39.939506 ], [ -111.810708, 39.939533 ], [ -111.811027, 39.939679 ], [ -111.811116, 39.939738 ], [ -111.811468, 39.939971 ], [ -111.811502, 39.939991 ], [ -111.811664, 39.940092 ], [ -111.81186, 39.940214 ], [ -111.81194, 39.940264 ], [ -111.812542, 39.940691 ], [ -111.812827, 39.940861 ], [ -111.812942, 39.940914 ], [ -111.813153, 39.941069 ], [ -111.813451, 39.94123 ], [ -111.813777, 39.941385 ], [ -111.814196, 39.941512 ], [ -111.814511, 39.941594 ], [ -111.814776, 39.941673 ], [ -111.814957, 39.941728 ], [ -111.815236, 39.941792 ], [ -111.815398, 39.941825 ], [ -111.815632, 39.941858 ], [ -111.815902, 39.94193 ], [ -111.816077, 39.941977 ], [ -111.816251, 39.942022 ], [ -111.816416, 39.942064 ], [ -111.81654, 39.942099 ], [ -111.816592, 39.942118 ], [ -111.816694, 39.942149 ], [ -111.816793, 39.942198 ], [ -111.816896, 39.94225 ], [ -111.817013, 39.942304 ], [ -111.817138, 39.94236 ], [ -111.817189, 39.942385 ], [ -111.817273, 39.942424 ], [ -111.817327, 39.942446 ], [ -111.817457, 39.942499 ], [ -111.817649, 39.942578 ], [ -111.817709, 39.942596 ], [ -111.817923, 39.942653 ], [ -111.81809, 39.942712 ], [ -111.818339, 39.942802 ], [ -111.818629, 39.942912 ], [ -111.819216, 39.943054 ], [ -111.819632, 39.943105 ], [ -111.819978, 39.943206 ], [ -111.82036, 39.943311 ], [ -111.820537, 39.94342 ], [ -111.820844, 39.94361 ], [ -111.821105, 39.943919 ], [ -111.821301, 39.944192 ], [ -111.82158, 39.944486 ], [ -111.822096, 39.945042 ], [ -111.822305, 39.945238 ], [ -111.822434, 39.945427 ], [ -111.822601, 39.945611 ], [ -111.822754, 39.945781 ], [ -111.822854, 39.945897 ], [ -111.822962, 39.946023 ], [ -111.823252, 39.946249 ], [ -111.82331, 39.946293 ], [ -111.823346, 39.946322 ], [ -111.823464, 39.946529 ], [ -111.823544, 39.946699 ], [ -111.823565, 39.946802 ], [ -111.823612, 39.947123 ], [ -111.823645, 39.947297 ], [ -111.823693, 39.947481 ], [ -111.823919, 39.947696 ], [ -111.82427, 39.94769 ], [ -111.824616, 39.947718 ], [ -111.82529, 39.947696 ], [ -111.82563, 39.947614 ], [ -111.825883, 39.947539 ], [ -111.825906, 39.947532 ], [ -111.826326, 39.947404 ], [ -111.826851, 39.947189 ], [ -111.827106, 39.947002 ], [ -111.827406, 39.946671 ], [ -111.827625, 39.946364 ], [ -111.82777, 39.94607 ], [ -111.827952, 39.945735 ], [ -111.82799, 39.945662 ], [ -111.828186, 39.94532 ], [ -111.828305, 39.945012 ], [ -111.828401, 39.944886 ], [ -111.828559, 39.944681 ], [ -111.828632, 39.944492 ], [ -111.828701, 39.944315 ], [ -111.828759, 39.944164 ], [ -111.828841, 39.943972 ], [ -111.828892, 39.943855 ], [ -111.828952, 39.943717 ], [ -111.829037, 39.943523 ], [ -111.829155, 39.943177 ], [ -111.829192, 39.943007 ], [ -111.829221, 39.942875 ], [ -111.82924, 39.942843 ], [ -111.829399, 39.942576 ], [ -111.829845, 39.942173 ], [ -111.829879, 39.942086 ], [ -111.830104, 39.941818 ], [ -111.830136, 39.941606 ], [ -111.830297, 39.941289 ], [ -111.830375, 39.940929 ], [ -111.830487, 39.94063 ], [ -111.830591, 39.9404 ], [ -111.830604, 39.940026 ], [ -111.830559, 39.939777 ], [ -111.830524, 39.939433 ], [ -111.830544, 39.939208 ], [ -111.830601, 39.939116 ], [ -111.83073, 39.938908 ], [ -111.831114, 39.938662 ], [ -111.831189, 39.938605 ], [ -111.831253, 39.938556 ], [ -111.831342, 39.93849 ], [ -111.831415, 39.938432 ], [ -111.831538, 39.938338 ], [ -111.831583, 39.938298 ], [ -111.83166, 39.938231 ], [ -111.831937, 39.937984 ], [ -111.832068, 39.93775 ], [ -111.832165, 39.937511 ], [ -111.832201, 39.937451 ], [ -111.832308, 39.937275 ], [ -111.832464, 39.937049 ], [ -111.832627, 39.936971 ], [ -111.832711, 39.936691 ], [ -111.83272, 39.935979 ], [ -111.832703, 39.935583 ], [ -111.83267, 39.935486 ], [ -111.832644, 39.935409 ], [ -111.832624, 39.935354 ], [ -111.832451, 39.935058 ], [ -111.832349, 39.934797 ], [ -111.83232, 39.93472 ], [ -111.832259, 39.934562 ], [ -111.83223, 39.934208 ], [ -111.832119, 39.933876 ], [ -111.831992, 39.933499 ], [ -111.831927, 39.933296 ], [ -111.831916, 39.933232 ], [ -111.831895, 39.933101 ], [ -111.831882, 39.933021 ], [ -111.83187, 39.932945 ], [ -111.831785, 39.932675 ], [ -111.831833, 39.93231 ], [ -111.831899, 39.931958 ], [ -111.831892, 39.931858 ], [ -111.831987, 39.931538 ], [ -111.831973, 39.931327 ], [ -111.831973, 39.931251 ], [ -111.831985, 39.931204 ], [ -111.831944, 39.930999 ], [ -111.83192, 39.930879 ], [ -111.831895, 39.930807 ], [ -111.831875, 39.930743 ], [ -111.831854, 39.930674 ], [ -111.83177, 39.930414 ], [ -111.831991, 39.929904 ], [ -111.832075, 39.929587 ], [ -111.832242, 39.929374 ], [ -111.832566, 39.929061 ], [ -111.832628, 39.928936 ], [ -111.832777, 39.928632 ], [ -111.832893, 39.928086 ], [ -111.832872, 39.927711 ], [ -111.832949, 39.926533 ], [ -111.832961, 39.92635 ], [ -111.83299, 39.925924 ], [ -111.833015, 39.925692 ], [ -111.833027, 39.925583 ], [ -111.833104, 39.925207 ], [ -111.833089, 39.924969 ], [ -111.833057, 39.924661 ], [ -111.832983, 39.924402 ], [ -111.833087, 39.924302 ], [ -111.83324, 39.924188 ], [ -111.833313, 39.924133 ], [ -111.833372, 39.924119 ], [ -111.833704, 39.924008 ], [ -111.833809, 39.923972 ], [ -111.833888, 39.923969 ], [ -111.834388, 39.92395 ], [ -111.834531, 39.923972 ], [ -111.834787, 39.924011 ], [ -111.834927, 39.924032 ], [ -111.835172, 39.924078 ], [ -111.835337, 39.92411 ], [ -111.835747, 39.924138 ], [ -111.835775, 39.92414 ], [ -111.835806, 39.924142 ], [ -111.835873, 39.924149 ], [ -111.836309, 39.924193 ], [ -111.83642, 39.924174 ], [ -111.836505, 39.924155 ], [ -111.836648, 39.924128 ], [ -111.836753, 39.924109 ], [ -111.83694, 39.924071 ], [ -111.83709, 39.923988 ], [ -111.837242, 39.923903 ], [ -111.837347, 39.923823 ], [ -111.837363, 39.923813 ], [ -111.837497, 39.923731 ], [ -111.837643, 39.923637 ], [ -111.837794, 39.923545 ], [ -111.83798, 39.923431 ], [ -111.838091, 39.923348 ], [ -111.838229, 39.923245 ], [ -111.838285, 39.923214 ], [ -111.838351, 39.923177 ], [ -111.838695, 39.923093 ], [ -111.839082, 39.923136 ], [ -111.839481, 39.923236 ], [ -111.839644, 39.9233 ], [ -111.839672, 39.923315 ], [ -111.839796, 39.923349 ], [ -111.840037, 39.923453 ], [ -111.840402, 39.923667 ], [ -111.840706, 39.923844 ], [ -111.840824, 39.923854 ], [ -111.840945, 39.923823 ], [ -111.841035, 39.9238 ], [ -111.841114, 39.923753 ], [ -111.841346, 39.923572 ], [ -111.841611, 39.923293 ], [ -111.84189, 39.923069 ], [ -111.842202, 39.922818 ], [ -111.842464, 39.92268 ], [ -111.842982, 39.922482 ], [ -111.843462, 39.922438 ], [ -111.843999, 39.922376 ], [ -111.844437, 39.922278 ], [ -111.844774, 39.922154 ], [ -111.844994, 39.921954 ], [ -111.845113, 39.921642 ], [ -111.845274, 39.921353 ], [ -111.845503, 39.92101 ], [ -111.845752, 39.920737 ], [ -111.845936, 39.920488 ], [ -111.846019, 39.920095 ], [ -111.845992, 39.919799 ], [ -111.845972, 39.919717 ], [ -111.845956, 39.919651 ], [ -111.845918, 39.919497 ], [ -111.845972, 39.919172 ], [ -111.846111, 39.919054 ], [ -111.846165, 39.919008 ], [ -111.846489, 39.918853 ], [ -111.846874, 39.918751 ], [ -111.847282, 39.918658 ], [ -111.847638, 39.918534 ], [ -111.847928, 39.918338 ], [ -111.848282, 39.918042 ], [ -111.848508, 39.917789 ], [ -111.848807, 39.917525 ], [ -111.849027, 39.91737 ], [ -111.849677, 39.916933 ], [ -111.850165, 39.916633 ], [ -111.85042, 39.916455 ], [ -111.850739, 39.916254 ], [ -111.851024, 39.916112 ], [ -111.851438, 39.916001 ], [ -111.852196, 39.915793 ], [ -111.852616, 39.915628 ], [ -111.852947, 39.915472 ], [ -111.853465, 39.915288 ], [ -111.853639, 39.915273 ], [ -111.854523, 39.915181 ], [ -111.854867, 39.915093 ], [ -111.85524, 39.914946 ], [ -111.855967, 39.914621 ], [ -111.856318, 39.914591 ], [ -111.856571, 39.914612 ], [ -111.856974, 39.914699 ], [ -111.857486, 39.914907 ], [ -111.857732, 39.915032 ], [ -111.857766, 39.91505 ], [ -111.85813, 39.915223 ], [ -111.858429, 39.915373 ], [ -111.858633, 39.915322 ], [ -111.858802, 39.915251 ], [ -111.858939, 39.915078 ], [ -111.858981, 39.914868 ], [ -111.858991, 39.914741 ], [ -111.858874, 39.91427 ], [ -111.85883, 39.914073 ], [ -111.858822, 39.914035 ], [ -111.858645, 39.913505 ], [ -111.858369, 39.91257 ], [ -111.858253, 39.912353 ], [ -111.858174, 39.912114 ], [ -111.858111, 39.911889 ], [ -111.858017, 39.911536 ], [ -111.857977, 39.911149 ], [ -111.858212, 39.910751 ], [ -111.85839, 39.910475 ], [ -111.858494, 39.910366 ], [ -111.858814, 39.910197 ], [ -111.85893, 39.910151 ], [ -111.859117, 39.910136 ], [ -111.859368, 39.910014 ], [ -111.859669, 39.909875 ], [ -111.860024, 39.909778 ], [ -111.860592, 39.909738 ], [ -111.861013, 39.909739 ], [ -111.861334, 39.909701 ], [ -111.861883, 39.909584 ], [ -111.862395, 39.90935 ], [ -111.862728, 39.909159 ], [ -111.86291, 39.909054 ], [ -111.863376, 39.908725 ], [ -111.863828, 39.908425 ], [ -111.864332, 39.908052 ], [ -111.864774, 39.907688 ], [ -111.865137, 39.907366 ], [ -111.865436, 39.907017 ], [ -111.865711, 39.906537 ], [ -111.865741, 39.906446 ], [ -111.865846, 39.906126 ], [ -111.865956, 39.905882 ], [ -111.866198, 39.90575 ], [ -111.866334, 39.905825 ], [ -111.866717, 39.906016 ], [ -111.8671, 39.906261 ], [ -111.867446, 39.906426 ], [ -111.867677, 39.906536 ], [ -111.868305, 39.90672 ], [ -111.868686, 39.906776 ], [ -111.869008, 39.906837 ], [ -111.86933, 39.906854 ], [ -111.869828, 39.90688 ], [ -111.870051, 39.906878 ], [ -111.870518, 39.906884 ], [ -111.871379, 39.906977 ], [ -111.872364, 39.907168 ], [ -111.87286, 39.907215 ], [ -111.873524, 39.907285 ], [ -111.874068, 39.907263 ], [ -111.874481, 39.907102 ], [ -111.874888, 39.906914 ], [ -111.875593, 39.906675 ], [ -111.875943, 39.906676 ], [ -111.876476, 39.906677 ], [ -111.877222, 39.906392 ], [ -111.877408, 39.90626 ], [ -111.877645, 39.906182 ], [ -111.877794, 39.906189 ], [ -111.877947, 39.906218 ], [ -111.878008, 39.906222 ], [ -111.87837, 39.906297 ], [ -111.878579, 39.906333 ], [ -111.878748, 39.906381 ], [ -111.87911, 39.906475 ], [ -111.879258, 39.906527 ], [ -111.879765, 39.906789 ], [ -111.879901, 39.906905 ], [ -111.880048, 39.907007 ], [ -111.880284, 39.907168 ], [ -111.880662, 39.907382 ], [ -111.880787, 39.907456 ], [ -111.880897, 39.907526 ], [ -111.881132, 39.90761 ], [ -111.881296, 39.907609 ], [ -111.881424, 39.907545 ], [ -111.881551, 39.907404 ], [ -111.881647, 39.907151 ], [ -111.881733, 39.906965 ], [ -111.881822, 39.906774 ], [ -111.881967, 39.906491 ], [ -111.882103, 39.906211 ], [ -111.882219, 39.905934 ], [ -111.882256, 39.905847 ], [ -111.882422, 39.905506 ], [ -111.882646, 39.905247 ], [ -111.883181, 39.90495 ], [ -111.883453, 39.904754 ], [ -111.883678, 39.904537 ], [ -111.883873, 39.904233 ], [ -111.884128, 39.904006 ], [ -111.884366, 39.903838 ], [ -111.884708, 39.903628 ], [ -111.885046, 39.903508 ], [ -111.88525, 39.903457 ], [ -111.885694, 39.903422 ], [ -111.885905, 39.903389 ], [ -111.886124, 39.903324 ], [ -111.886392, 39.903146 ], [ -111.886653, 39.902991 ], [ -111.886933, 39.902872 ], [ -111.887142, 39.902812 ], [ -111.88737, 39.902801 ], [ -111.887522, 39.9028 ], [ -111.887721, 39.902785 ], [ -111.887931, 39.902711 ], [ -111.88814, 39.902574 ], [ -111.888295, 39.90242 ], [ -111.888481, 39.902275 ], [ -111.888643, 39.902179 ], [ -111.889015, 39.902005 ], [ -111.88964, 39.901887 ], [ -111.889861, 39.901818 ], [ -111.890023, 39.901712 ], [ -111.890168, 39.901572 ], [ -111.890508, 39.901151 ], [ -111.890823, 39.900635 ], [ -111.890931, 39.900067 ], [ -111.890962, 39.899907 ], [ -111.890963, 39.899866 ], [ -111.890964, 39.899818 ], [ -111.890961, 39.899775 ], [ -111.89096, 39.899759 ], [ -111.890943, 39.899571 ], [ -111.890887, 39.89931 ], [ -111.890873, 39.899085 ], [ -111.890903, 39.898814 ], [ -111.891132, 39.898353 ], [ -111.891259, 39.898226 ], [ -111.891422, 39.898116 ], [ -111.891637, 39.898025 ], [ -111.89194, 39.897955 ], [ -111.8924, 39.897962 ], [ -111.892765, 39.897971 ], [ -111.893046, 39.898014 ], [ -111.893269, 39.89803 ], [ -111.893438, 39.898029 ], [ -111.89379, 39.898013 ], [ -111.894081, 39.897983 ], [ -111.894232, 39.897934 ], [ -111.89439, 39.897918 ], [ -111.894619, 39.897952 ], [ -111.894749, 39.897939 ], [ -111.894826, 39.897931 ], [ -111.894928, 39.897921 ], [ -111.895018, 39.897912 ], [ -111.895104, 39.897903 ], [ -111.895395, 39.897802 ], [ -111.895481, 39.897763 ], [ -111.895581, 39.897715 ], [ -111.895598, 39.897705 ], [ -111.895667, 39.897659 ], [ -111.895818, 39.897556 ], [ -111.895946, 39.897482 ], [ -111.896173, 39.897404 ], [ -111.89649, 39.897402 ], [ -111.896888, 39.897507 ], [ -111.897404, 39.897674 ], [ -111.898075, 39.897983 ], [ -111.898245, 39.898052 ], [ -111.898485, 39.898139 ], [ -111.898734, 39.89816 ], [ -111.899088, 39.898232 ], [ -111.899441, 39.898364 ], [ -111.899602, 39.898477 ], [ -111.899716, 39.898534 ], [ -111.899844, 39.89861 ], [ -111.900032, 39.898654 ], [ -111.900354, 39.898701 ], [ -111.900629, 39.898685 ], [ -111.900927, 39.898637 ], [ -111.90112, 39.898635 ], [ -111.901361, 39.898657 ], [ -111.90171, 39.898605 ], [ -111.901967, 39.898557 ], [ -111.902276, 39.898519 ], [ -111.902475, 39.898499 ], [ -111.902803, 39.898506 ], [ -111.903117, 39.898418 ], [ -111.903361, 39.898308 ], [ -111.903523, 39.898171 ], [ -111.903725, 39.897918 ], [ -111.903908, 39.897637 ], [ -111.904062, 39.897352 ], [ -111.904119, 39.897185 ], [ -111.904233, 39.896905 ], [ -111.904329, 39.896697 ], [ -111.904433, 39.89652 ], [ -111.90464, 39.896338 ], [ -111.904808, 39.896219 ], [ -111.905087, 39.896069 ], [ -111.905288, 39.89599 ], [ -111.905517, 39.895912 ], [ -111.905739, 39.89587 ], [ -111.906147, 39.895763 ], [ -111.906783, 39.895632 ], [ -111.906894, 39.895618 ], [ -111.907523, 39.895473 ], [ -111.907797, 39.895368 ], [ -111.907959, 39.895236 ], [ -111.908108, 39.895059 ], [ -111.90841, 39.894867 ], [ -111.908757, 39.894752 ], [ -111.909244, 39.894617 ], [ -111.909464, 39.894571 ], [ -111.909603, 39.894434 ], [ -111.90966, 39.894267 ], [ -111.909575, 39.894011 ], [ -111.909478, 39.893764 ], [ -111.909456, 39.893436 ], [ -111.909464, 39.893191 ], [ -111.909515, 39.892642 ], [ -111.909578, 39.892493 ], [ -111.909628, 39.892317 ], [ -111.909685, 39.892181 ], [ -111.909818, 39.892054 ], [ -111.910281, 39.891749 ], [ -111.910477, 39.891526 ], [ -111.910604, 39.891408 ], [ -111.910917, 39.891163 ], [ -111.911043, 39.890954 ], [ -111.911247, 39.890488 ], [ -111.911465, 39.890184 ], [ -111.911644, 39.889954 ], [ -111.911892, 39.889713 ], [ -111.912147, 39.889509 ], [ -111.912425, 39.889317 ], [ -111.912696, 39.889157 ], [ -111.912871, 39.889007 ], [ -111.913014, 39.888768 ], [ -111.913039, 39.888474 ], [ -111.913042, 39.888177 ], [ -111.913131, 39.887911 ], [ -111.913274, 39.887666 ], [ -111.9134, 39.88744 ], [ -111.913548, 39.887133 ], [ -111.913691, 39.886897 ], [ -111.913978, 39.886569 ], [ -111.9141, 39.88643 ], [ -111.914204, 39.886015 ], [ -111.914208, 39.885798 ], [ -111.914259, 39.885649 ], [ -111.91446, 39.885359 ], [ -111.914811, 39.884906 ], [ -111.915168, 39.884543 ], [ -111.915276, 39.884299 ], [ -111.915297, 39.8841 ], [ -111.915248, 39.883921 ], [ -111.915251, 39.883754 ], [ -111.915331, 39.883654 ], [ -111.915669, 39.883507 ], [ -111.916048, 39.883341 ], [ -111.916594, 39.883135 ], [ -111.916835, 39.883034 ], [ -111.916943, 39.882988 ], [ -111.91707, 39.882907 ], [ -111.917211, 39.882816 ], [ -111.917367, 39.882713 ], [ -111.91754, 39.882596 ], [ -111.917718, 39.882374 ], [ -111.917709, 39.88214 ], [ -111.917677, 39.881937 ], [ -111.917694, 39.881838 ], [ -111.917751, 39.881766 ], [ -111.918014, 39.88173 ], [ -111.918615, 39.881664 ], [ -111.919017, 39.881553 ], [ -111.919348, 39.881388 ], [ -111.919754, 39.881155 ], [ -111.920048, 39.880867 ], [ -111.920256, 39.88066 ], [ -111.920599, 39.880455 ], [ -111.920825, 39.880354 ], [ -111.921057, 39.880154 ], [ -111.921049, 39.879987 ], [ -111.920958, 39.879803 ], [ -111.920926, 39.879583 ], [ -111.921005, 39.879384 ], [ -111.921012, 39.879319 ], [ -111.921031, 39.879127 ], [ -111.920986, 39.878848 ], [ -111.921083, 39.878662 ], [ -111.921263, 39.878566 ], [ -111.921507, 39.878398 ], [ -111.921568, 39.878167 ], [ -111.921565, 39.877947 ], [ -111.921574, 39.877762 ], [ -111.921652, 39.877523 ], [ -111.921692, 39.87736 ], [ -111.921776, 39.877125 ], [ -111.921768, 39.876936 ], [ -111.921807, 39.87681 ], [ -111.921948, 39.876538 ], [ -111.921971, 39.876489 ], [ -111.922075, 39.876262 ], [ -111.922082, 39.875951 ], [ -111.922066, 39.87565 ], [ -111.922053, 39.875606 ], [ -111.922043, 39.875451 ], [ -111.921796, 39.875003 ], [ -111.921746, 39.874942 ], [ -111.921694, 39.874569 ], [ -111.921682, 39.874482 ], [ -111.921821, 39.874372 ], [ -111.921995, 39.874263 ], [ -111.922155, 39.874185 ], [ -111.922413, 39.874061 ], [ -111.92258, 39.874008 ], [ -111.922827, 39.873923 ], [ -111.922962, 39.873889 ], [ -111.922983, 39.873885 ], [ -111.923152, 39.873853 ], [ -111.923241, 39.873832 ], [ -111.923312, 39.873815 ], [ -111.923538, 39.873768 ], [ -111.923766, 39.873753 ], [ -111.923916, 39.873725 ], [ -111.924224, 39.873618 ], [ -111.92441, 39.873556 ], [ -111.924674, 39.873462 ], [ -111.924761, 39.873412 ], [ -111.924999, 39.873297 ], [ -111.925517, 39.873113 ], [ -111.925698, 39.873098 ], [ -111.925879, 39.873097 ], [ -111.926206, 39.873058 ], [ -111.926338, 39.873008 ], [ -111.926462, 39.872957 ], [ -111.926537, 39.872902 ], [ -111.926596, 39.872821 ], [ -111.926598, 39.872801 ], [ -111.926616, 39.872672 ], [ -111.926585, 39.872573 ], [ -111.926531, 39.872429 ], [ -111.926453, 39.872317 ], [ -111.926381, 39.872151 ], [ -111.926343, 39.871958 ], [ -111.9263, 39.87176 ], [ -111.926136, 39.871351 ], [ -111.926046, 39.871163 ], [ -111.92595, 39.870938 ], [ -111.925796, 39.870818 ], [ -111.925531, 39.870703 ], [ -111.925397, 39.87069 ], [ -111.9253, 39.870666 ], [ -111.925251, 39.870617 ], [ -111.925175, 39.870539 ], [ -111.925216, 39.870279 ], [ -111.925291, 39.870233 ], [ -111.925447, 39.870088 ], [ -111.925569, 39.870015 ], [ -111.925667, 39.869955 ], [ -111.925782, 39.869828 ], [ -111.925856, 39.869679 ], [ -111.925884, 39.869526 ], [ -111.92598, 39.869205 ], [ -111.925987, 39.868975 ], [ -111.925996, 39.868904 ], [ -111.926007, 39.868804 ], [ -111.92603, 39.868669 ], [ -111.926057, 39.868533 ], [ -111.926097, 39.868411 ], [ -111.926241, 39.868293 ], [ -111.926374, 39.868238 ], [ -111.926571, 39.868188 ], [ -111.926841, 39.868117 ], [ -111.926992, 39.868025 ], [ -111.927108, 39.867929 ], [ -111.927379, 39.867688 ], [ -111.927495, 39.867538 ], [ -111.927574, 39.867393 ], [ -111.927647, 39.867191 ], [ -111.927679, 39.866978 ], [ -111.927716, 39.866653 ], [ -111.927729, 39.866402 ], [ -111.927739, 39.866271 ], [ -111.92776, 39.866008 ], [ -111.927776, 39.865911 ], [ -111.927779, 39.865808 ], [ -111.927826, 39.86549 ], [ -111.927884, 39.865164 ], [ -111.92793, 39.865084 ], [ -111.928084, 39.864871 ], [ -111.928235, 39.864838 ], [ -111.928546, 39.864885 ], [ -111.928791, 39.864852 ], [ -111.928917, 39.864817 ], [ -111.929146, 39.864754 ], [ -111.929374, 39.864721 ], [ -111.929602, 39.86467 ], [ -111.929833, 39.86456 ], [ -111.93009, 39.864558 ], [ -111.930295, 39.864574 ], [ -111.930745, 39.864575 ], [ -111.931007, 39.864465 ], [ -111.931292, 39.864359 ], [ -111.931895, 39.863971 ], [ -111.932445, 39.863583 ], [ -111.93263, 39.863437 ], [ -111.932826, 39.863232 ], [ -111.933299, 39.862706 ], [ -111.933632, 39.862326 ], [ -111.933781, 39.8621 ], [ -111.933889, 39.861883 ], [ -111.933929, 39.86166 ], [ -111.933948, 39.861495 ], [ -111.933986, 39.861278 ], [ -111.934147, 39.861101 ], [ -111.934541, 39.860883 ], [ -111.934856, 39.860717 ], [ -111.935064, 39.860598 ], [ -111.935241, 39.86045 ], [ -111.935417, 39.860303 ], [ -111.935547, 39.860109 ], [ -111.935658, 39.859956 ], [ -111.935782, 39.859787 ], [ -111.935804, 39.859761 ], [ -111.93608, 39.859252 ], [ -111.936142, 39.859181 ], [ -111.936236, 39.859071 ], [ -111.936505, 39.858979 ], [ -111.936748, 39.858873 ], [ -111.937004, 39.858785 ], [ -111.937207, 39.858707 ], [ -111.937491, 39.858547 ], [ -111.937752, 39.85836 ], [ -111.937901, 39.858192 ], [ -111.938003, 39.857986 ], [ -111.938089, 39.857817 ], [ -111.93814, 39.857681 ], [ -111.938156, 39.857573 ], [ -111.938156, 39.85753 ], [ -111.938126, 39.857415 ], [ -111.938119, 39.857393 ], [ -111.938037, 39.857333 ], [ -111.9379, 39.857221 ], [ -111.937728, 39.857074 ], [ -111.937615, 39.856948 ], [ -111.937485, 39.856783 ], [ -111.937413, 39.85668 ], [ -111.937347, 39.856568 ], [ -111.937256, 39.856285 ], [ -111.937187, 39.856131 ], [ -111.937156, 39.856061 ], [ -111.937114, 39.855975 ], [ -111.937056, 39.855875 ], [ -111.937029, 39.855524 ], [ -111.937046, 39.855429 ], [ -111.937091, 39.855365 ], [ -111.937235, 39.855292 ], [ -111.937481, 39.855236 ], [ -111.937743, 39.855153 ], [ -111.937959, 39.855138 ], [ -111.938187, 39.85505 ], [ -111.938506, 39.85494 ], [ -111.938577, 39.854889 ], [ -111.938719, 39.854735 ], [ -111.938869, 39.854522 ], [ -111.939064, 39.8543 ], [ -111.939168, 39.854164 ], [ -111.939509, 39.853826 ], [ -111.939721, 39.853632 ], [ -111.940081, 39.853479 ], [ -111.940584, 39.853284 ], [ -111.940901, 39.853172 ], [ -111.941086, 39.853108 ], [ -111.941328, 39.853027 ], [ -111.941603, 39.852935 ], [ -111.941747, 39.852865 ], [ -111.941913, 39.852745 ], [ -111.942139, 39.85258 ], [ -111.942461, 39.852254 ], [ -111.942694, 39.852126 ], [ -111.943024, 39.851966 ], [ -111.943192, 39.851829 ], [ -111.943265, 39.851766 ], [ -111.943487, 39.85157 ], [ -111.943725, 39.851496 ], [ -111.94411, 39.85143 ], [ -111.944338, 39.851414 ], [ -111.944723, 39.851299 ], [ -111.945182, 39.851205 ], [ -111.945393, 39.85119 ], [ -111.945614, 39.851107 ], [ -111.945879, 39.850888 ], [ -111.946129, 39.850751 ], [ -111.946414, 39.850663 ], [ -111.946658, 39.850567 ], [ -111.946854, 39.850416 ], [ -111.947074, 39.85023 ], [ -111.947299, 39.850007 ], [ -111.947513, 39.849803 ], [ -111.947761, 39.849544 ], [ -111.948025, 39.849244 ], [ -111.948164, 39.849126 ], [ -111.948279, 39.84899 ], [ -111.948301, 39.848873 ], [ -111.948257, 39.848706 ], [ -111.948143, 39.848464 ], [ -111.948117, 39.848244 ], [ -111.948026, 39.848019 ], [ -111.947932, 39.847542 ], [ -111.947928, 39.847471 ], [ -111.947918, 39.847436 ], [ -111.94788, 39.847112 ], [ -111.947906, 39.846337 ], [ -111.947858, 39.846026 ], [ -111.947898, 39.845531 ], [ -111.947916, 39.845147 ], [ -111.947969, 39.844728 ], [ -111.948011, 39.844367 ], [ -111.948056, 39.844194 ], [ -111.948133, 39.843898 ], [ -111.948226, 39.843451 ], [ -111.948357, 39.843193 ], [ -111.948423, 39.842918 ], [ -111.948402, 39.842661 ], [ -111.948429, 39.842155 ], [ -111.948434, 39.842044 ], [ -111.948499, 39.841755 ], [ -111.948603, 39.841524 ], [ -111.948752, 39.84137 ], [ -111.948851, 39.841298 ], [ -111.949024, 39.84117 ], [ -111.949192, 39.841011 ], [ -111.949312, 39.84087 ], [ -111.94931, 39.840732 ], [ -111.94932, 39.840566 ], [ -111.94927, 39.840288 ], [ -111.949283, 39.840026 ], [ -111.949431, 39.839791 ], [ -111.949545, 39.839663 ], [ -111.949589, 39.839579 ], [ -111.949726, 39.839437 ], [ -111.949921, 39.839159 ], [ -111.950029, 39.839031 ], [ -111.95005, 39.839006 ], [ -111.950017, 39.838972 ], [ -111.949887, 39.838892 ], [ -111.949715, 39.838727 ], [ -111.949568, 39.838624 ], [ -111.949376, 39.838482 ], [ -111.949358, 39.838457 ], [ -111.949329, 39.838392 ], [ -111.949289, 39.838305 ], [ -111.949185, 39.837904 ], [ -111.94913, 39.837692 ], [ -111.949088, 39.837528 ], [ -111.949036, 39.837327 ], [ -111.948988, 39.837141 ], [ -111.948965, 39.837073 ], [ -111.948895, 39.83687 ], [ -111.94891, 39.836669 ], [ -111.948989, 39.836479 ], [ -111.949013, 39.836414 ], [ -111.949055, 39.836306 ], [ -111.949066, 39.836276 ], [ -111.949095, 39.836207 ], [ -111.949116, 39.836159 ], [ -111.949133, 39.836118 ], [ -111.949221, 39.835909 ], [ -111.949512, 39.835607 ], [ -111.949649, 39.835467 ], [ -111.949764, 39.835358 ], [ -111.949815, 39.83531 ], [ -111.949992, 39.835074 ], [ -111.950033, 39.835015 ], [ -111.950205, 39.834766 ], [ -111.950273, 39.834666 ], [ -111.950358, 39.834463 ], [ -111.950415, 39.834368 ], [ -111.950531, 39.834331 ], [ -111.950665, 39.834299 ], [ -111.950819, 39.834305 ], [ -111.950841, 39.834306 ], [ -111.951058, 39.834349 ], [ -111.951103, 39.834363 ], [ -111.951342, 39.834411 ], [ -111.951684, 39.834452 ], [ -111.951982, 39.834463 ], [ -111.952317, 39.834591 ], [ -111.952697, 39.834811 ], [ -111.953106, 39.835021 ], [ -111.9533, 39.835101 ], [ -111.953465, 39.835168 ], [ -111.953799, 39.835277 ], [ -111.953899, 39.835306 ], [ -111.954216, 39.8354 ], [ -111.954614, 39.835437 ], [ -111.954853, 39.835549 ], [ -111.954943, 39.835572 ], [ -111.955061, 39.835643 ], [ -111.955113, 39.835666 ], [ -111.955831, 39.835986 ], [ -111.956261, 39.836257 ], [ -111.95651, 39.83648 ], [ -111.956798, 39.836644 ], [ -111.956925, 39.836711 ], [ -111.957059, 39.83678 ], [ -111.957169, 39.836835 ], [ -111.957351, 39.836874 ], [ -111.957485, 39.836823 ], [ -111.957562, 39.836782 ], [ -111.957705, 39.83671 ], [ -111.957899, 39.836393 ], [ -111.958057, 39.836009 ], [ -111.958263, 39.835632 ], [ -111.95834, 39.835539 ], [ -111.958568, 39.834799 ], [ -111.958628, 39.834569 ], [ -111.958826, 39.834021 ], [ -111.959115, 39.833523 ], [ -111.959154, 39.833452 ], [ -111.95919, 39.833428 ], [ -111.95934, 39.833255 ], [ -111.959414, 39.833155 ], [ -111.959551, 39.832911 ], [ -111.959746, 39.832666 ], [ -111.959858, 39.832483 ], [ -111.959883, 39.83242 ], [ -111.959902, 39.832365 ], [ -111.959908, 39.832357 ], [ -111.959969, 39.832221 ], [ -111.960031, 39.832079 ], [ -111.96011, 39.83186 ], [ -111.96015, 39.83175 ], [ -111.960239, 39.831503 ], [ -111.960316, 39.831321 ], [ -111.960414, 39.831091 ], [ -111.96047, 39.830977 ], [ -111.960486, 39.830935 ], [ -111.96092, 39.83029 ], [ -111.961139, 39.829693 ], [ -111.961179, 39.829644 ], [ -111.96124, 39.829526 ], [ -111.961439, 39.829195 ], [ -111.961646, 39.828928 ], [ -111.961836, 39.828733 ], [ -111.962008, 39.828515 ], [ -111.962204, 39.828265 ], [ -111.962491, 39.827961 ], [ -111.962793, 39.827801 ], [ -111.962844, 39.827776 ], [ -111.962897, 39.82775 ], [ -111.963006, 39.827706 ], [ -111.963153, 39.827633 ], [ -111.963536, 39.827494 ], [ -111.963781, 39.827448 ], [ -111.964055, 39.827373 ], [ -111.96417, 39.827273 ], [ -111.96416, 39.826915 ], [ -111.964111, 39.826783 ], [ -111.964114, 39.82665 ], [ -111.964114, 39.826602 ], [ -111.964561, 39.825936 ], [ -111.964787, 39.825439 ], [ -111.964797, 39.825322 ], [ -111.964809, 39.82515 ], [ -111.964823, 39.825054 ], [ -111.964599, 39.824925 ], [ -111.964451, 39.82476 ], [ -111.964167, 39.824524 ], [ -111.963906, 39.824246 ], [ -111.96356, 39.824002 ], [ -111.963329, 39.823738 ], [ -111.963254, 39.823621 ], [ -111.963135, 39.823438 ], [ -111.963026, 39.822842 ], [ -111.963176, 39.822662 ], [ -111.963244, 39.822575 ], [ -111.963505, 39.82231 ], [ -111.963603, 39.822133 ], [ -111.963653, 39.822043 ], [ -111.963738, 39.821866 ], [ -111.963805, 39.82165 ], [ -111.963854, 39.821364 ], [ -111.963873, 39.821081 ], [ -111.963864, 39.820967 ], [ -111.963855, 39.820909 ], [ -111.963843, 39.820716 ], [ -111.963817, 39.820497 ], [ -111.963735, 39.820211 ], [ -111.963559, 39.819973 ], [ -111.963463, 39.819753 ], [ -111.963294, 39.819483 ], [ -111.963233, 39.819312 ], [ -111.963171, 39.819049 ], [ -111.963166, 39.818834 ], [ -111.963261, 39.818659 ], [ -111.963731, 39.817899 ], [ -111.963867, 39.81773 ], [ -111.963905, 39.817623 ], [ -111.963895, 39.817545 ], [ -111.963881, 39.817449 ], [ -111.963744, 39.817261 ], [ -111.963547, 39.817099 ], [ -111.963476, 39.817044 ], [ -111.963313, 39.816917 ], [ -111.963285, 39.816892 ], [ -111.963224, 39.816839 ], [ -111.963195, 39.81682 ], [ -111.962956, 39.816577 ], [ -111.962934, 39.816562 ], [ -111.96291, 39.816538 ], [ -111.962879, 39.816489 ], [ -111.96282, 39.8164 ], [ -111.962788, 39.816352 ], [ -111.962755, 39.8163 ], [ -111.962722, 39.816196 ], [ -111.962682, 39.816071 ], [ -111.962715, 39.815958 ], [ -111.962838, 39.815867 ], [ -111.962857, 39.815857 ], [ -111.963028, 39.815766 ], [ -111.963243, 39.815683 ], [ -111.963435, 39.815596 ], [ -111.963625, 39.815473 ], [ -111.963852, 39.815368 ], [ -111.963886, 39.815346 ], [ -111.963922, 39.815331 ], [ -111.964137, 39.815124 ], [ -111.964192, 39.81505 ], [ -111.964226, 39.814964 ], [ -111.964283, 39.814819 ], [ -111.964326, 39.814602 ], [ -111.964335, 39.814368 ], [ -111.964401, 39.814124 ], [ -111.96448, 39.813907 ], [ -111.964526, 39.813821 ], [ -111.964572, 39.813682 ], [ -111.965867, 39.812208 ], [ -111.966012, 39.811912 ], [ -111.966108, 39.811659 ], [ -111.96621, 39.811469 ], [ -111.966383, 39.811265 ], [ -111.966504, 39.811147 ], [ -111.966655, 39.810973 ], [ -111.966713, 39.810915 ], [ -111.967241, 39.810398 ], [ -111.967478, 39.810211 ], [ -111.967697, 39.810006 ], [ -111.968049, 39.809733 ], [ -111.968185, 39.809645 ], [ -111.968357, 39.809532 ], [ -111.968622, 39.809318 ], [ -111.96867, 39.809285 ], [ -111.968876, 39.809141 ], [ -111.969089, 39.808923 ], [ -111.969238, 39.80871 ], [ -111.969318, 39.808576 ], [ -111.969392, 39.808452 ], [ -111.969498, 39.808139 ], [ -111.969501, 39.807794 ], [ -111.969468, 39.807558 ], [ -111.969391, 39.807242 ], [ -111.969398, 39.807195 ], [ -111.969467, 39.807108 ], [ -111.969606, 39.807053 ], [ -111.969804, 39.807007 ], [ -111.970079, 39.806995 ], [ -111.970306, 39.806957 ], [ -111.970614, 39.806883 ], [ -111.970865, 39.80684 ], [ -111.971372, 39.806795 ], [ -111.971798, 39.806765 ], [ -111.972307, 39.806787 ], [ -111.972669, 39.806816 ], [ -111.973137, 39.80687 ], [ -111.973687, 39.806884 ], [ -111.974318, 39.806932 ], [ -111.974635, 39.806993 ], [ -111.974979, 39.807008 ], [ -111.975412, 39.807041 ], [ -111.975548, 39.807043 ], [ -111.975751, 39.807047 ], [ -111.975948, 39.807076 ], [ -111.976834, 39.807209 ], [ -111.977548, 39.807339 ], [ -111.978181, 39.807491 ], [ -111.978756, 39.807679 ], [ -111.979373, 39.807854 ], [ -111.979815, 39.808052 ], [ -111.980907, 39.808794 ], [ -111.981161, 39.808993 ], [ -111.981648, 39.809371 ], [ -111.981937, 39.809517 ], [ -111.982254, 39.809632 ], [ -111.982575, 39.809734 ], [ -111.983046, 39.8099 ], [ -111.983527, 39.810004 ], [ -111.983849, 39.8101 ], [ -111.983931, 39.810122 ], [ -111.984131, 39.810174 ], [ -111.98464, 39.810292 ], [ -111.985074, 39.810411 ], [ -111.985696, 39.810532 ], [ -111.985936, 39.810583 ], [ -111.986406, 39.81056 ], [ -111.986561, 39.810578 ], [ -111.986592, 39.810587 ], [ -111.986906, 39.810675 ], [ -111.987199, 39.810785 ], [ -111.987553, 39.810944 ], [ -111.987881, 39.811094 ], [ -111.987989, 39.811152 ], [ -111.988344, 39.81133 ], [ -111.9885, 39.811441 ], [ -111.988707, 39.811588 ], [ -111.988784, 39.811641 ], [ -111.989159, 39.811764 ], [ -111.989439, 39.811735 ], [ -111.989694, 39.81162 ], [ -111.989821, 39.811475 ], [ -111.989845, 39.811367 ], [ -111.98987, 39.811258 ], [ -111.989817, 39.810794 ], [ -111.98977, 39.810344 ], [ -111.989765, 39.810015 ], [ -111.98977, 39.809836 ], [ -111.989759, 39.809719 ], [ -111.989798, 39.809356 ], [ -111.9899, 39.809154 ], [ -111.989818, 39.808066 ], [ -111.989814, 39.808044 ], [ -111.989704, 39.807791 ], [ -111.989624, 39.807552 ], [ -111.989621, 39.807291 ], [ -111.989627, 39.807281 ], [ -111.989747, 39.807105 ], [ -111.989892, 39.806907 ], [ -111.989923, 39.806865 ], [ -111.989926, 39.806535 ], [ -111.989967, 39.806419 ], [ -111.989996, 39.806377 ], [ -111.990059, 39.806193 ], [ -111.990075, 39.80611 ], [ -111.990215, 39.805711 ], [ -111.990242, 39.805658 ], [ -111.990314, 39.805515 ], [ -111.990468, 39.805302 ], [ -111.990489, 39.805259 ], [ -111.990516, 39.805201 ], [ -111.990548, 39.805134 ], [ -111.990755, 39.804921 ], [ -111.991032, 39.804707 ], [ -111.99127, 39.804579 ], [ -111.991649, 39.804417 ], [ -111.992023, 39.804208 ], [ -111.992112, 39.804146 ], [ -111.992371, 39.803975 ], [ -111.992461, 39.803904 ], [ -111.992566, 39.803823 ], [ -111.992752, 39.803679 ], [ -111.993145, 39.803364 ], [ -111.993466, 39.80305 ], [ -111.993738, 39.80281 ], [ -111.994043, 39.802501 ], [ -111.994348, 39.802147 ], [ -111.994609, 39.80191 ], [ -111.994787, 39.801741 ], [ -111.994999, 39.801541 ], [ -111.99518, 39.801468 ], [ -111.995355, 39.801471 ], [ -111.995595, 39.801519 ], [ -111.995917, 39.801588 ], [ -111.99635, 39.801625 ], [ -111.996735, 39.801466 ], [ -111.996784, 39.801437 ], [ -111.996917, 39.801371 ], [ -111.997202, 39.80122 ], [ -111.997626, 39.801022 ], [ -111.997671, 39.801012 ], [ -111.997908, 39.800955 ], [ -111.998121, 39.800905 ], [ -111.998482, 39.800862 ], [ -111.998781, 39.800913 ], [ -111.999079, 39.800924 ], [ -111.999417, 39.800912 ], [ -111.999756, 39.800914 ], [ -112.000221, 39.800956 ], [ -112.000405, 39.800971 ], [ -112.000517, 39.800988 ], [ -112.000616, 39.801006 ], [ -112.000813, 39.800957 ], [ -112.001333, 39.800704 ], [ -112.001423, 39.800658 ], [ -112.001607, 39.800512 ], [ -112.001787, 39.800407 ], [ -112.00209, 39.80035 ], [ -112.002382, 39.80033 ], [ -112.002812, 39.800231 ], [ -112.003079, 39.80013 ], [ -112.003282, 39.79998 ], [ -112.003361, 39.799781 ], [ -112.003317, 39.799578 ], [ -112.003259, 39.799191 ], [ -112.00323, 39.798827 ], [ -112.003208, 39.798498 ], [ -112.003209, 39.798174 ], [ -112.003282, 39.798006 ], [ -112.003373, 39.797825 ], [ -112.003416, 39.797591 ], [ -112.003406, 39.797303 ], [ -112.003409, 39.797095 ], [ -112.003512, 39.79695 ], [ -112.003644, 39.796796 ], [ -112.003805, 39.796583 ], [ -112.003953, 39.796352 ], [ -112.004153, 39.796039 ], [ -112.004412, 39.795762 ], [ -112.004682, 39.795499 ], [ -112.005019, 39.795347 ], [ -112.005413, 39.795145 ], [ -112.005703, 39.79503 ], [ -112.006093, 39.794883 ], [ -112.006512, 39.794753 ], [ -112.006767, 39.794683 ], [ -112.007046, 39.794551 ], [ -112.007249, 39.794503 ], [ -112.007509, 39.79445 ], [ -112.007523, 39.794447 ], [ -112.007693, 39.794468 ], [ -112.007807, 39.794551 ], [ -112.007855, 39.79458 ], [ -112.007877, 39.794592 ], [ -112.007913, 39.794636 ], [ -112.008046, 39.794874 ], [ -112.008122, 39.794928 ], [ -112.008209, 39.795022 ], [ -112.008404, 39.795164 ], [ -112.008691, 39.795288 ], [ -112.008861, 39.795318 ], [ -112.009102, 39.795411 ], [ -112.009406, 39.795431 ], [ -112.009776, 39.795324 ], [ -112.010137, 39.795082 ], [ -112.010607, 39.794787 ], [ -112.010727, 39.794712 ], [ -112.011045, 39.794497 ], [ -112.011392, 39.794291 ], [ -112.011693, 39.794104 ], [ -112.012046, 39.793831 ], [ -112.012344, 39.793499 ], [ -112.01262, 39.793168 ], [ -112.012855, 39.792855 ], [ -112.013009, 39.792602 ], [ -112.01317, 39.792424 ], [ -112.013395, 39.792287 ], [ -112.013615, 39.792141 ], [ -112.013772, 39.792086 ], [ -112.013938, 39.792058 ], [ -112.014087, 39.792034 ], [ -112.014338, 39.792027 ], [ -112.014788, 39.791983 ], [ -112.014857, 39.791977 ], [ -112.015137, 39.791957 ], [ -112.015429, 39.791995 ], [ -112.01564, 39.792006 ], [ -112.015844, 39.791982 ], [ -112.016156, 39.791777 ], [ -112.016334, 39.791577 ], [ -112.016482, 39.79135 ], [ -112.016638, 39.791098 ], [ -112.016762, 39.790896 ], [ -112.016934, 39.790716 ], [ -112.017132, 39.790615 ], [ -112.017456, 39.790436 ], [ -112.017867, 39.79023 ], [ -112.018203, 39.789997 ], [ -112.018397, 39.789725 ], [ -112.018591, 39.789404 ], [ -112.018802, 39.789064 ], [ -112.018984, 39.788733 ], [ -112.019177, 39.788367 ], [ -112.019337, 39.7881 ], [ -112.019418, 39.787926 ], [ -112.019456, 39.787846 ], [ -112.019507, 39.787737 ], [ -112.01966, 39.787462 ], [ -112.019756, 39.787254 ], [ -112.019865, 39.7871 ], [ -112.02009, 39.786926 ], [ -112.020338, 39.786794 ], [ -112.020607, 39.786701 ], [ -112.020827, 39.786605 ], [ -112.021083, 39.786521 ], [ -112.021421, 39.786487 ], [ -112.021625, 39.786476 ], [ -112.021899, 39.786424 ], [ -112.022137, 39.786345 ], [ -112.022376, 39.78628 ], [ -112.022556, 39.786269 ], [ -112.022744, 39.786313 ], [ -112.022944, 39.786397 ], [ -112.023129, 39.786428 ], [ -112.023364, 39.786402 ], [ -112.023457, 39.786388 ], [ -112.023708, 39.786385 ], [ -112.024065, 39.786391 ], [ -112.024335, 39.786479 ], [ -112.02454, 39.786572 ], [ -112.024774, 39.786525 ], [ -112.025063, 39.786346 ], [ -112.025339, 39.786087 ], [ -112.02555, 39.785752 ], [ -112.025719, 39.785359 ], [ -112.025761, 39.785043 ], [ -112.025821, 39.784754 ], [ -112.025881, 39.784425 ], [ -112.02591, 39.784127 ], [ -112.025878, 39.784038 ], [ -112.025825, 39.78382 ], [ -112.025756, 39.78346 ], [ -112.025786, 39.783136 ], [ -112.02588, 39.782896 ], [ -112.025985, 39.782787 ], [ -112.0262, 39.782686 ], [ -112.026466, 39.782627 ], [ -112.026956, 39.782521 ], [ -112.027213, 39.782488 ], [ -112.027796, 39.782379 ], [ -112.028221, 39.782357 ], [ -112.028658, 39.782313 ], [ -112.028983, 39.782268 ], [ -112.029217, 39.782186 ], [ -112.029459, 39.781995 ], [ -112.029672, 39.781759 ], [ -112.029931, 39.781527 ], [ -112.030133, 39.781363 ], [ -112.030253, 39.781276 ], [ -112.030335, 39.781217 ], [ -112.030527, 39.781156 ], [ -112.030806, 39.781109 ], [ -112.03097, 39.7811 ], [ -112.03111, 39.781093 ], [ -112.031308, 39.781095 ], [ -112.031642, 39.781137 ], [ -112.031835, 39.781172 ], [ -112.03211, 39.781246 ], [ -112.032463, 39.781369 ], [ -112.03271, 39.781484 ], [ -112.033121, 39.781683 ], [ -112.033474, 39.781842 ], [ -112.033939, 39.782072 ], [ -112.034343, 39.782186 ], [ -112.034801, 39.782321 ], [ -112.035141, 39.782444 ], [ -112.035611, 39.782598 ], [ -112.035992, 39.782748 ], [ -112.036521, 39.782949 ], [ -112.036868, 39.783132 ], [ -112.03722, 39.783237 ], [ -112.037461, 39.783287 ], [ -112.037531, 39.783301 ], [ -112.037992, 39.783329 ], [ -112.039242, 39.78334 ], [ -112.039487, 39.783357 ], [ -112.040035, 39.783356 ], [ -112.040556, 39.783391 ], [ -112.040884, 39.783443 ], [ -112.041246, 39.783453 ], [ -112.041327, 39.783447 ], [ -112.041561, 39.783427 ], [ -112.041793, 39.783308 ], [ -112.041919, 39.783158 ], [ -112.042445, 39.782771 ], [ -112.043055, 39.782202 ], [ -112.043246, 39.782079 ], [ -112.043513, 39.781977 ], [ -112.043769, 39.781935 ], [ -112.04414, 39.781724 ], [ -112.044423, 39.78151 ], [ -112.044599, 39.78122 ], [ -112.044671, 39.780944 ], [ -112.044663, 39.780842 ], [ -112.044678, 39.780761 ], [ -112.044684, 39.780727 ], [ -112.04453, 39.780143 ], [ -112.044526, 39.779882 ], [ -112.04456, 39.779792 ], [ -112.044657, 39.779643 ], [ -112.044836, 39.779501 ], [ -112.045119, 39.7793 ], [ -112.045425, 39.77909 ], [ -112.04565, 39.778877 ], [ -112.045988, 39.778482 ], [ -112.046103, 39.778199 ], [ -112.04613, 39.778132 ], [ -112.04614, 39.778106 ], [ -112.046159, 39.778047 ], [ -112.046509, 39.777437 ], [ -112.04679, 39.77706 ], [ -112.046952, 39.776937 ], [ -112.047184, 39.776849 ], [ -112.047411, 39.776816 ], [ -112.048151, 39.77675 ], [ -112.048507, 39.776734 ], [ -112.048997, 39.776702 ], [ -112.049382, 39.77669 ], [ -112.049757, 39.776722 ], [ -112.04996, 39.77668 ], [ -112.05015, 39.776507 ], [ -112.0503, 39.776339 ], [ -112.050357, 39.776293 ], [ -112.050596, 39.776246 ], [ -112.050724, 39.776254 ], [ -112.050918, 39.776338 ], [ -112.051301, 39.776569 ], [ -112.051548, 39.776711 ], [ -112.051801, 39.776817 ], [ -112.052109, 39.776965 ], [ -112.052401, 39.777086 ], [ -112.052571, 39.777129 ], [ -112.052875, 39.777154 ], [ -112.053244, 39.777258 ], [ -112.053688, 39.777246 ], [ -112.053902, 39.777214 ], [ -112.054125, 39.777185 ], [ -112.054673, 39.77711 ], [ -112.055035, 39.777125 ], [ -112.055434, 39.777242 ], [ -112.055692, 39.777308 ], [ -112.055947, 39.777423 ], [ -112.056029, 39.777473 ], [ -112.05616, 39.777554 ], [ -112.056184, 39.777568 ], [ -112.056195, 39.777575 ], [ -112.056358, 39.777675 ], [ -112.056508, 39.777766 ], [ -112.056798, 39.777997 ], [ -112.057112, 39.778211 ], [ -112.057431, 39.778412 ], [ -112.057708, 39.778607 ], [ -112.057925, 39.778758 ], [ -112.05801, 39.778818 ], [ -112.058334, 39.779079 ], [ -112.05857, 39.779279 ], [ -112.058814, 39.779507 ], [ -112.059104, 39.779779 ], [ -112.059115, 39.779789 ], [ -112.059346, 39.780006 ], [ -112.05953, 39.780131 ], [ -112.059748, 39.78026 ], [ -112.059994, 39.78033 ], [ -112.060063, 39.780379 ], [ -112.060218, 39.78049 ], [ -112.060269, 39.780705 ], [ -112.060275, 39.780715 ], [ -112.060269, 39.78075 ], [ -112.060309, 39.781046 ], [ -112.060265, 39.781271 ], [ -112.060247, 39.781582 ], [ -112.060343, 39.781744 ], [ -112.060504, 39.781909 ], [ -112.060692, 39.782033 ], [ -112.06095, 39.782153 ], [ -112.061284, 39.782213 ], [ -112.061763, 39.782222 ], [ -112.062148, 39.782173 ], [ -112.062509, 39.78211 ], [ -112.063055, 39.781953 ], [ -112.063277, 39.78192 ], [ -112.063579, 39.781918 ], [ -112.063632, 39.781916 ], [ -112.063911, 39.781801 ], [ -112.064172, 39.781651 ], [ -112.064311, 39.781568 ], [ -112.064622, 39.781332 ], [ -112.064922, 39.781094 ], [ -112.065312, 39.780662 ], [ -112.065642, 39.780416 ], [ -112.065954, 39.780206 ], [ -112.06616, 39.779942 ], [ -112.0663, 39.779635 ], [ -112.066426, 39.779408 ], [ -112.06655, 39.779115 ], [ -112.0666, 39.778965 ], [ -112.066673, 39.778785 ], [ -112.066793, 39.778576 ], [ -112.067, 39.778372 ], [ -112.067183, 39.778184 ], [ -112.067535, 39.777853 ], [ -112.067678, 39.777699 ], [ -112.06784, 39.777584 ], [ -112.068071, 39.777452 ], [ -112.068327, 39.777364 ], [ -112.068502, 39.777349 ], [ -112.06887, 39.777377 ], [ -112.069263, 39.777495 ], [ -112.069744, 39.777666 ], [ -112.070179, 39.777811 ], [ -112.070518, 39.777857 ], [ -112.070998, 39.777961 ], [ -112.071076, 39.777984 ], [ -112.071344, 39.778057 ], [ -112.071652, 39.778096 ], [ -112.07173, 39.778088 ], [ -112.07201, 39.778042 ], [ -112.072138, 39.778045 ], [ -112.072414, 39.778101 ], [ -112.072608, 39.778207 ], [ -112.072857, 39.778448 ], [ -112.073052, 39.778667 ], [ -112.07326, 39.778895 ], [ -112.073343, 39.77895 ], [ -112.073365, 39.778973 ], [ -112.073742, 39.779129 ], [ -112.073754, 39.779127 ], [ -112.073837, 39.779142 ], [ -112.074461, 39.779091 ], [ -112.074662, 39.77888 ], [ -112.074949, 39.778578 ], [ -112.075094, 39.7785 ], [ -112.075433, 39.778509 ], [ -112.075829, 39.778502 ], [ -112.076185, 39.778485 ], [ -112.076541, 39.778482 ], [ -112.076893, 39.778568 ], [ -112.077287, 39.778723 ], [ -112.077691, 39.778831 ], [ -112.078094, 39.778846 ], [ -112.07838, 39.778825 ], [ -112.078683, 39.778845 ], [ -112.078931, 39.778978 ], [ -112.079104, 39.77921 ], [ -112.07936, 39.779496 ], [ -112.079722, 39.779854 ], [ -112.080076, 39.780107 ], [ -112.080196, 39.780248 ], [ -112.080278, 39.780336 ], [ -112.080377, 39.780727 ], [ -112.080416, 39.780992 ], [ -112.080433, 39.781066 ], [ -112.080496, 39.781285 ], [ -112.080536, 39.781305 ], [ -112.080603, 39.781345 ], [ -112.080686, 39.781394 ], [ -112.08092, 39.781437 ], [ -112.081177, 39.781457 ], [ -112.081545, 39.781435 ], [ -112.08206, 39.781364 ], [ -112.08257, 39.7813 ], [ -112.082956, 39.78126 ], [ -112.083183, 39.781285 ], [ -112.083523, 39.781376 ], [ -112.083881, 39.781499 ], [ -112.084197, 39.781559 ], [ -112.084571, 39.78156 ], [ -112.085051, 39.781632 ], [ -112.08557, 39.781623 ], [ -112.086019, 39.781547 ], [ -112.086323, 39.781562 ], [ -112.086499, 39.7816 ], [ -112.086903, 39.781705 ], [ -112.087394, 39.781759 ], [ -112.087921, 39.781813 ], [ -112.088534, 39.781816 ], [ -112.089088, 39.781793 ], [ -112.089584, 39.781779 ], [ -112.089789, 39.781827 ], [ -112.089842, 39.781862 ], [ -112.089843, 39.781928 ], [ -112.089844, 39.781952 ], [ -112.0898, 39.782101 ], [ -112.089567, 39.78243 ], [ -112.089434, 39.782627 ], [ -112.089298, 39.782854 ], [ -112.089231, 39.783056 ], [ -112.089094, 39.783306 ], [ -112.088928, 39.78347 ], [ -112.088725, 39.78358 ], [ -112.088582, 39.783735 ], [ -112.088463, 39.783966 ], [ -112.088353, 39.784115 ], [ -112.088182, 39.78455 ], [ -112.088185, 39.784563 ], [ -112.088211, 39.784708 ], [ -112.08833, 39.784851 ], [ -112.088356, 39.784876 ], [ -112.088388, 39.784912 ], [ -112.088635, 39.785141 ], [ -112.08864, 39.785207 ], [ -112.088694, 39.785293 ], [ -112.088655, 39.785428 ], [ -112.088557, 39.785501 ], [ -112.088098, 39.785649 ], [ -112.08775, 39.785828 ], [ -112.087438, 39.786034 ], [ -112.087389, 39.786097 ], [ -112.087295, 39.786215 ], [ -112.087176, 39.786442 ], [ -112.087168, 39.786667 ], [ -112.087176, 39.786825 ], [ -112.087215, 39.787041 ], [ -112.087217, 39.787174 ], [ -112.087219, 39.787284 ], [ -112.087163, 39.787487 ], [ -112.086925, 39.78794 ], [ -112.086835, 39.788156 ], [ -112.086791, 39.788328 ], [ -112.086787, 39.788504 ], [ -112.086796, 39.788537 ], [ -112.086976, 39.788867 ], [ -112.087071, 39.789042 ], [ -112.08725, 39.789626 ], [ -112.087406, 39.790287 ], [ -112.087265, 39.790626 ], [ -112.087045, 39.79075 ], [ -112.085885, 39.791229 ], [ -112.08545, 39.791404 ], [ -112.085149, 39.791569 ], [ -112.085023, 39.791733 ], [ -112.084891, 39.791982 ], [ -112.084801, 39.792095 ], [ -112.08461, 39.79225 ], [ -112.084216, 39.792402 ], [ -112.083658, 39.792597 ], [ -112.08352, 39.792693 ], [ -112.083457, 39.792811 ], [ -112.08343, 39.79291 ], [ -112.083315, 39.79306 ], [ -112.08312, 39.793287 ], [ -112.082907, 39.7935 ], [ -112.082723, 39.793633 ], [ -112.082539, 39.793846 ], [ -112.08243, 39.793937 ], [ -112.082255, 39.793989 ], [ -112.082075, 39.794022 ], [ -112.081714, 39.794129 ], [ -112.081535, 39.794261 ], [ -112.081168, 39.794674 ], [ -112.080927, 39.794933 ], [ -112.080686, 39.795215 ], [ -112.080412, 39.795596 ], [ -112.080183, 39.795909 ], [ -112.079885, 39.796272 ], [ -112.079662, 39.796484 ], [ -112.079441, 39.796673 ], [ -112.079311, 39.796931 ], [ -112.079262, 39.797161 ], [ -112.079133, 39.797486 ], [ -112.078946, 39.797808 ], [ -112.078351, 39.798268 ], [ -112.078074, 39.798496 ], [ -112.077816, 39.798787 ], [ -112.077409, 39.799295 ], [ -112.077179, 39.79955 ], [ -112.076756, 39.800126 ], [ -112.076677, 39.800311 ], [ -112.076722, 39.800576 ], [ -112.076729, 39.800617 ], [ -112.076902, 39.800877 ], [ -112.077104, 39.801104 ], [ -112.077364, 39.801273 ], [ -112.07757, 39.801358 ], [ -112.077699, 39.80141 ], [ -112.078127, 39.801532 ], [ -112.078607, 39.801568 ], [ -112.079112, 39.801557 ], [ -112.079465, 39.801547 ], [ -112.079658, 39.801549 ], [ -112.079799, 39.801634 ], [ -112.079895, 39.80179 ], [ -112.079981, 39.801957 ], [ -112.080023, 39.802101 ], [ -112.080044, 39.802357 ], [ -112.080036, 39.802587 ], [ -112.079965, 39.802643 ], [ -112.079921, 39.802678 ], [ -112.07974, 39.802724 ], [ -112.079579, 39.802843 ], [ -112.079453, 39.803024 ], [ -112.079302, 39.803463 ], [ -112.079236, 39.803702 ], [ -112.079235, 39.804004 ], [ -112.079152, 39.804293 ], [ -112.078969, 39.804565 ], [ -112.07878, 39.804774 ], [ -112.078659, 39.804933 ], [ -112.078563, 39.805096 ], [ -112.078449, 39.805277 ], [ -112.078253, 39.805477 ], [ -112.078145, 39.805667 ], [ -112.077885, 39.806188 ], [ -112.077795, 39.806441 ], [ -112.077673, 39.806834 ], [ -112.077624, 39.80706 ], [ -112.077702, 39.807442 ], [ -112.077762, 39.807703 ], [ -112.077826, 39.808017 ], [ -112.077847, 39.80826 ], [ -112.07788, 39.808494 ], [ -112.077832, 39.808815 ], [ -112.077756, 39.809152 ], [ -112.077625, 39.809393 ], [ -112.077397, 39.809666 ], [ -112.077188, 39.809834 ], [ -112.07677, 39.810018 ], [ -112.076439, 39.810098 ], [ -112.075905, 39.810346 ], [ -112.075744, 39.810478 ], [ -112.07562, 39.810612 ], [ -112.075543, 39.810715 ], [ -112.075515, 39.810813 ], [ -112.075489, 39.81099 ], [ -112.075439, 39.811162 ], [ -112.075312, 39.811311 ], [ -112.075051, 39.811359 ], [ -112.074817, 39.811334 ], [ -112.074413, 39.811329 ], [ -112.074134, 39.811399 ], [ -112.073995, 39.811441 ], [ -112.073703, 39.811479 ], [ -112.073551, 39.811578 ], [ -112.073409, 39.811712 ], [ -112.073131, 39.811885 ], [ -112.072958, 39.812004 ], [ -112.072709, 39.812142 ], [ -112.072612, 39.812324 ], [ -112.072626, 39.812521 ], [ -112.072694, 39.812714 ], [ -112.072647, 39.81303 ], [ -112.072497, 39.813193 ], [ -112.072261, 39.813403 ], [ -112.072025, 39.81363 ], [ -112.071893, 39.813789 ], [ -112.07171, 39.814012 ], [ -112.071561, 39.814216 ], [ -112.071403, 39.814431 ], [ -112.071338, 39.81452 ], [ -112.071162, 39.814832 ], [ -112.071056, 39.815171 ], [ -112.071007, 39.815419 ], [ -112.070978, 39.815798 ], [ -112.070988, 39.81609 ], [ -112.071107, 39.816523 ], [ -112.071252, 39.816872 ], [ -112.071305, 39.817022 ], [ -112.071392, 39.817268 ], [ -112.071468, 39.817631 ], [ -112.071484, 39.817942 ], [ -112.071432, 39.818325 ], [ -112.07133, 39.818516 ], [ -112.071205, 39.818773 ], [ -112.071104, 39.819054 ], [ -112.071061, 39.819243 ], [ -112.070979, 39.819348 ], [ -112.070848, 39.819439 ], [ -112.070645, 39.819535 ], [ -112.070429, 39.819569 ], [ -112.070157, 39.81972 ], [ -112.069902, 39.819894 ], [ -112.069782, 39.820039 ], [ -112.069714, 39.82017 ], [ -112.069591, 39.820545 ], [ -112.069525, 39.820798 ], [ -112.069504, 39.821081 ], [ -112.069477, 39.821492 ], [ -112.069449, 39.821645 ], [ -112.069402, 39.821898 ], [ -112.06932, 39.822296 ], [ -112.069322, 39.822402 ], [ -112.069324, 39.822556 ], [ -112.069325, 39.82262 ], [ -112.069311, 39.822827 ], [ -112.069321, 39.823079 ], [ -112.069163, 39.82345 ], [ -112.06883, 39.823809 ], [ -112.068746, 39.824071 ], [ -112.06865, 39.824279 ], [ -112.068637, 39.824572 ], [ -112.068658, 39.82482 ], [ -112.068723, 39.825144 ], [ -112.068742, 39.825364 ], [ -112.068644, 39.825762 ], [ -112.068578, 39.825963 ], [ -112.068429, 39.826587 ], [ -112.068397, 39.826818 ], [ -112.068262, 39.827531 ], [ -112.068091, 39.827794 ], [ -112.067739, 39.828054 ], [ -112.067667, 39.828199 ], [ -112.067644, 39.828337 ], [ -112.067639, 39.828433 ], [ -112.067595, 39.828587 ], [ -112.06741, 39.828746 ], [ -112.067198, 39.828835 ], [ -112.067103, 39.828875 ], [ -112.066775, 39.829052 ], [ -112.066648, 39.829119 ], [ -112.066343, 39.82927 ], [ -112.066096, 39.829425 ], [ -112.065761, 39.829632 ], [ -112.065614, 39.829722 ], [ -112.065453, 39.82989 ], [ -112.065415, 39.830039 ], [ -112.065452, 39.830174 ], [ -112.065485, 39.830234 ], [ -112.065519, 39.830271 ], [ -112.065549, 39.830284 ], [ -112.065555, 39.830312 ], [ -112.065567, 39.830365 ], [ -112.065607, 39.830412 ], [ -112.065639, 39.830537 ], [ -112.065727, 39.830694 ], [ -112.065947, 39.830915 ], [ -112.065975, 39.830937 ], [ -112.06611, 39.831074 ], [ -112.066388, 39.831391 ], [ -112.06659, 39.831632 ], [ -112.066616, 39.831675 ], [ -112.066624, 39.831684 ], [ -112.066757, 39.831911 ], [ -112.066925, 39.832248 ], [ -112.066949, 39.832264 ], [ -112.066957, 39.832278 ], [ -112.067164, 39.832474 ], [ -112.067377, 39.832652 ], [ -112.067444, 39.832742 ], [ -112.067483, 39.832818 ], [ -112.06774, 39.83305 ], [ -112.068076, 39.833263 ], [ -112.06843, 39.833432 ], [ -112.069011, 39.833637 ], [ -112.069129, 39.833714 ], [ -112.069256, 39.833815 ], [ -112.069337, 39.83395 ], [ -112.069411, 39.834188 ], [ -112.069513, 39.834367 ], [ -112.069697, 39.834559 ], [ -112.069834, 39.834693 ], [ -112.06989, 39.834815 ], [ -112.069979, 39.83502 ], [ -112.070001, 39.835299 ], [ -112.069901, 39.835634 ], [ -112.069826, 39.836053 ], [ -112.069751, 39.836409 ], [ -112.069765, 39.836626 ], [ -112.069885, 39.836873 ], [ -112.070011, 39.837043 ], [ -112.07009, 39.837258 ], [ -112.070183, 39.837622 ], [ -112.070259, 39.837819 ], [ -112.070292, 39.837891 ], [ -112.070497, 39.838122 ], [ -112.070526, 39.838131 ], [ -112.070613, 39.83819 ], [ -112.070801, 39.838265 ], [ -112.071211, 39.838329 ], [ -112.071361, 39.838327 ], [ -112.071708, 39.838383 ], [ -112.071861, 39.838713 ], [ -112.07188, 39.838811 ], [ -112.071911, 39.83888 ], [ -112.07195, 39.838966 ], [ -112.071998, 39.839012 ], [ -112.072043, 39.839024 ], [ -112.072066, 39.839047 ], [ -112.072606, 39.83918 ], [ -112.072765, 39.839215 ], [ -112.072812, 39.839227 ], [ -112.073291, 39.8394 ], [ -112.07377, 39.839532 ], [ -112.074017, 39.839611 ], [ -112.074259, 39.839688 ], [ -112.074575, 39.839726 ], [ -112.074904, 39.839719 ], [ -112.075215, 39.839693 ], [ -112.075237, 39.839824 ], [ -112.075221, 39.839896 ], [ -112.07513, 39.839987 ], [ -112.075097, 39.840022 ], [ -112.07519, 39.840751 ], [ -112.075169, 39.841055 ], [ -112.075165, 39.841216 ], [ -112.075141, 39.841278 ], [ -112.074934, 39.842608 ], [ -112.075022, 39.843033 ], [ -112.074988, 39.843237 ], [ -112.074969, 39.843296 ], [ -112.074903, 39.843471 ], [ -112.074873, 39.8438 ], [ -112.074873, 39.843929 ], [ -112.074848, 39.844077 ], [ -112.074873, 39.844281 ], [ -112.075288, 39.844955 ], [ -112.075272, 39.844976 ], [ -112.075277, 39.84499 ], [ -112.075217, 39.845266 ], [ -112.075028, 39.845529 ], [ -112.074881, 39.845687 ], [ -112.074594, 39.846022 ], [ -112.074385, 39.846273 ], [ -112.074173, 39.846514 ], [ -112.07402, 39.846825 ], [ -112.073948, 39.847075 ], [ -112.073985, 39.847297 ], [ -112.074089, 39.847501 ], [ -112.074306, 39.847762 ], [ -112.074583, 39.848105 ], [ -112.074909, 39.848408 ], [ -112.075077, 39.848508 ], [ -112.07521, 39.848649 ], [ -112.075299, 39.84869 ], [ -112.07535, 39.84896 ], [ -112.075287, 39.84915 ], [ -112.075261, 39.849219 ], [ -112.075158, 39.849869 ], [ -112.075558, 39.850417 ], [ -112.075657, 39.850654 ], [ -112.075705, 39.850736 ], [ -112.075877, 39.851071 ], [ -112.076001, 39.851341 ], [ -112.076235, 39.851727 ], [ -112.076419, 39.851969 ], [ -112.076922, 39.852836 ], [ -112.077146, 39.852903 ], [ -112.077289, 39.852947 ], [ -112.077574, 39.852886 ], [ -112.077906, 39.852801 ], [ -112.078309, 39.852784 ], [ -112.0788, 39.852753 ], [ -112.079139, 39.852799 ], [ -112.079385, 39.852841 ], [ -112.079591, 39.852912 ], [ -112.079943, 39.852976 ], [ -112.08032, 39.853166 ], [ -112.080396, 39.853193 ], [ -112.080609, 39.853259 ], [ -112.080614, 39.853317 ], [ -112.080624, 39.853713 ], [ -112.080624, 39.853751 ], [ -112.080426, 39.853972 ], [ -112.080354, 39.854202 ], [ -112.080223, 39.85442 ], [ -112.080121, 39.854664 ], [ -112.080003, 39.85498 ], [ -112.079957, 39.855181 ], [ -112.079943, 39.855327 ], [ -112.079925, 39.855602 ], [ -112.079921, 39.855631 ], [ -112.07988, 39.856072 ], [ -112.079728, 39.856406 ], [ -112.079563, 39.856723 ], [ -112.07949, 39.856959 ], [ -112.079489, 39.856997 ], [ -112.079505, 39.857471 ], [ -112.079633, 39.857827 ], [ -112.07987, 39.858031 ], [ -112.080019, 39.858233 ], [ -112.080187, 39.858479 ], [ -112.080365, 39.858675 ], [ -112.080511, 39.85904 ], [ -112.080551, 39.859873 ], [ -112.080575, 39.860355 ], [ -112.080605, 39.860434 ], [ -112.08068, 39.860708 ], [ -112.08074, 39.860947 ], [ -112.080758, 39.86103 ], [ -112.080797, 39.861212 ], [ -112.08085, 39.861279 ], [ -112.080976, 39.861472 ], [ -112.081178, 39.861655 ], [ -112.081323, 39.861869 ], [ -112.081383, 39.862058 ], [ -112.081498, 39.862336 ], [ -112.081543, 39.862575 ], [ -112.081567, 39.862664 ], [ -112.081559, 39.86269 ], [ -112.08141, 39.863287 ], [ -112.081382, 39.863472 ], [ -112.081353, 39.863872 ], [ -112.081362, 39.864169 ], [ -112.081291, 39.864769 ], [ -112.08122, 39.865081 ], [ -112.081074, 39.865151 ], [ -112.080871, 39.86521 ], [ -112.080814, 39.865275 ], [ -112.080522, 39.865326 ], [ -112.080309, 39.865388 ], [ -112.080121, 39.865442 ], [ -112.079699, 39.865634 ], [ -112.079389, 39.865896 ], [ -112.079364, 39.865911 ], [ -112.079293, 39.865977 ], [ -112.079085, 39.866092 ], [ -112.07881, 39.866076 ], [ -112.078469, 39.865985 ], [ -112.077988, 39.865908 ], [ -112.077912, 39.865895 ], [ -112.077392, 39.865869 ], [ -112.077014, 39.865897 ], [ -112.076951, 39.865902 ], [ -112.076557, 39.866021 ], [ -112.076221, 39.866159 ], [ -112.076147, 39.86625 ], [ -112.076036, 39.866282 ], [ -112.075917, 39.866514 ], [ -112.075887, 39.866816 ], [ -112.075842, 39.866999 ], [ -112.075795, 39.867064 ], [ -112.075753, 39.867199 ], [ -112.075498, 39.867379 ], [ -112.075401, 39.867447 ], [ -112.075336, 39.867493 ], [ -112.075116, 39.867666 ], [ -112.074793, 39.867944 ], [ -112.074557, 39.868184 ], [ -112.074246, 39.868494 ], [ -112.0741, 39.868628 ], [ -112.073696, 39.868977 ], [ -112.073549, 39.8691 ], [ -112.073402, 39.869237 ], [ -112.073042, 39.869521 ], [ -112.072918, 39.869574 ], [ -112.072887, 39.869595 ], [ -112.072641, 39.869755 ], [ -112.072379, 39.86983 ], [ -112.07215, 39.869764 ], [ -112.071902, 39.869627 ], [ -112.071632, 39.869539 ], [ -112.071253, 39.869584 ], [ -112.07084, 39.869708 ], [ -112.070678, 39.869805 ], [ -112.070579, 39.869865 ], [ -112.070375, 39.870066 ], [ -112.070164, 39.870533 ], [ -112.070089, 39.870698 ], [ -112.069962, 39.870898 ], [ -112.069926, 39.870987 ], [ -112.069802, 39.871245 ], [ -112.069448, 39.871567 ], [ -112.06927, 39.871694 ], [ -112.069037, 39.871849 ], [ -112.068659, 39.872072 ], [ -112.068423, 39.87222 ], [ -112.068187, 39.872487 ], [ -112.06797, 39.872818 ], [ -112.067731, 39.873199 ], [ -112.067473, 39.873517 ], [ -112.067184, 39.873777 ], [ -112.066986, 39.874021 ], [ -112.066984, 39.874171 ], [ -112.066979, 39.874276 ], [ -112.067037, 39.874457 ], [ -112.067202, 39.874923 ], [ -112.067092, 39.875164 ], [ -112.067087, 39.875184 ], [ -112.06708, 39.875209 ], [ -112.067015, 39.875329 ], [ -112.066915, 39.875428 ], [ -112.066776, 39.875547 ], [ -112.066564, 39.875747 ], [ -112.066545, 39.87578 ], [ -112.066382, 39.875958 ], [ -112.066208, 39.876063 ], [ -112.065999, 39.876132 ], [ -112.065509, 39.876177 ], [ -112.06513, 39.876267 ], [ -112.064861, 39.876269 ], [ -112.064777, 39.876287 ], [ -112.064446, 39.876357 ], [ -112.064032, 39.876445 ], [ -112.063754, 39.876504 ], [ -112.063551, 39.876564 ], [ -112.063404, 39.876607 ], [ -112.063285, 39.876796 ], [ -112.063245, 39.877248 ], [ -112.062879, 39.877783 ], [ -112.062893, 39.877918 ], [ -112.062685, 39.878136 ], [ -112.062606, 39.878281 ], [ -112.062213, 39.878636 ], [ -112.061977, 39.878805 ], [ -112.061727, 39.878951 ], [ -112.061252, 39.879298 ], [ -112.061047, 39.879259 ], [ -112.060935, 39.879281 ], [ -112.060806, 39.879304 ], [ -112.06078, 39.879311 ], [ -112.060587, 39.879299 ], [ -112.060079, 39.879313 ], [ -112.059941, 39.879424 ], [ -112.059818, 39.879523 ], [ -112.059582, 39.879759 ], [ -112.059439, 39.879963 ], [ -112.059131, 39.880052 ], [ -112.059147, 39.88038 ], [ -112.059332, 39.880618 ], [ -112.059362, 39.880658 ], [ -112.059454, 39.8808 ], [ -112.0595, 39.880872 ], [ -112.059693, 39.881245 ], [ -112.059644, 39.88188 ], [ -112.059644, 39.882223 ], [ -112.059736, 39.882443 ], [ -112.059832, 39.882708 ], [ -112.059943, 39.883076 ], [ -112.060037, 39.883303 ], [ -112.060074, 39.883392 ], [ -112.060129, 39.883615 ], [ -112.060163, 39.883763 ], [ -112.060175, 39.884069 ], [ -112.060394, 39.884248 ], [ -112.060245, 39.884475 ], [ -112.060188, 39.88456 ], [ -112.059906, 39.884851 ], [ -112.059725, 39.885222 ], [ -112.05944, 39.885734 ], [ -112.05944, 39.885753 ], [ -112.059389, 39.886189 ], [ -112.059328, 39.886402 ], [ -112.059487, 39.886878 ], [ -112.059556, 39.88717 ], [ -112.059416, 39.887289 ], [ -112.059009, 39.887635 ], [ -112.058903, 39.887725 ], [ -112.058826, 39.887791 ], [ -112.058749, 39.887857 ], [ -112.058606, 39.887979 ], [ -112.058558, 39.888021 ], [ -112.058421, 39.888227 ], [ -112.058215, 39.888538 ], [ -112.057994, 39.888653 ], [ -112.057964, 39.888681 ], [ -112.057921, 39.888691 ], [ -112.05775, 39.888781 ], [ -112.057391, 39.888877 ], [ -112.057066, 39.88896 ], [ -112.056999, 39.888999 ], [ -112.056906, 39.889026 ], [ -112.056735, 39.889267 ], [ -112.056721, 39.889606 ], [ -112.056714, 39.889804 ], [ -112.056677, 39.890115 ], [ -112.056465, 39.890374 ], [ -112.056002, 39.89068 ], [ -112.055542, 39.890833 ], [ -112.055419, 39.890893 ], [ -112.054829, 39.891173 ], [ -112.054752, 39.891219 ], [ -112.054498, 39.891383 ], [ -112.054332, 39.891699 ], [ -112.054185, 39.89198 ], [ -112.053809, 39.89261 ], [ -112.053581, 39.892977 ], [ -112.053511, 39.893397 ], [ -112.053524, 39.893482 ], [ -112.053767, 39.893674 ], [ -112.05432, 39.893885 ], [ -112.055086, 39.894006 ], [ -112.055369, 39.894051 ], [ -112.056318, 39.894119 ], [ -112.05694, 39.894235 ], [ -112.057152, 39.894377 ], [ -112.057771, 39.894705 ], [ -112.058026, 39.894928 ], [ -112.058307, 39.895281 ], [ -112.058528, 39.895621 ], [ -112.058663, 39.895678 ], [ -112.058893, 39.895776 ], [ -112.059159, 39.895895 ], [ -112.059506, 39.896459 ], [ -112.059922, 39.897235 ], [ -112.060153, 39.897399 ], [ -112.060336, 39.897587 ], [ -112.06065, 39.897781 ], [ -112.060849, 39.897942 ], [ -112.061106, 39.898141 ], [ -112.061219, 39.898322 ], [ -112.061238, 39.898346 ], [ -112.061321, 39.898443 ], [ -112.061504, 39.898594 ], [ -112.061568, 39.898704 ], [ -112.061588, 39.89874 ], [ -112.061654, 39.898854 ], [ -112.061754, 39.899245 ], [ -112.061761, 39.899667 ], [ -112.061766, 39.899946 ], [ -112.061819, 39.900108 ], [ -112.061829, 39.900182 ], [ -112.062039, 39.900644 ], [ -112.06229, 39.900876 ], [ -112.062371, 39.900951 ], [ -112.062555, 39.901098 ], [ -112.062641, 39.901408 ], [ -112.062567, 39.901607 ], [ -112.062466, 39.901811 ], [ -112.062382, 39.902165 ], [ -112.062345, 39.902317 ], [ -112.062473, 39.902648 ], [ -112.062383, 39.903089 ], [ -112.062343, 39.903281 ], [ -112.062193, 39.903444 ], [ -112.062215, 39.90375 ], [ -112.062214, 39.904084 ], [ -112.062269, 39.904178 ], [ -112.062312, 39.904322 ], [ -112.062467, 39.904527 ], [ -112.062552, 39.90468 ], [ -112.062965, 39.90496 ], [ -112.06313, 39.904926 ], [ -112.063394, 39.905048 ], [ -112.063679, 39.905147 ], [ -112.063756, 39.905187 ], [ -112.064147, 39.905359 ], [ -112.064531, 39.905563 ], [ -112.064691, 39.905746 ], [ -112.065097, 39.905968 ], [ -112.06511, 39.905971 ], [ -112.06526, 39.906043 ], [ -112.065487, 39.906142 ], [ -112.065987, 39.906347 ], [ -112.066065, 39.906431 ], [ -112.066341, 39.906542 ], [ -112.066323, 39.906862 ], [ -112.06651, 39.907202 ], [ -112.066742, 39.907385 ], [ -112.066983, 39.907528 ], [ -112.067253, 39.907623 ], [ -112.067653, 39.907764 ], [ -112.067883, 39.907852 ], [ -112.068144, 39.907937 ], [ -112.068365, 39.908009 ], [ -112.068855, 39.908262 ], [ -112.069172, 39.90838 ], [ -112.069302, 39.908483 ], [ -112.069576, 39.908701 ], [ -112.069839, 39.908949 ], [ -112.070124, 39.909137 ], [ -112.070294, 39.909435 ], [ -112.070297, 39.909468 ], [ -112.070377, 39.909896 ], [ -112.070397, 39.910036 ], [ -112.070604, 39.910192 ], [ -112.07072, 39.910343 ], [ -112.070777, 39.910372 ], [ -112.070829, 39.910418 ], [ -112.070954, 39.910477 ], [ -112.070974, 39.910528 ], [ -112.071014, 39.910626 ], [ -112.071274, 39.910753 ], [ -112.071505, 39.910883 ], [ -112.071631, 39.910947 ], [ -112.071692, 39.910989 ], [ -112.071805, 39.911056 ], [ -112.071923, 39.911126 ], [ -112.072129, 39.911262 ], [ -112.072213, 39.911317 ], [ -112.072664, 39.911328 ], [ -112.072759, 39.911329 ], [ -112.072928, 39.911341 ], [ -112.072979, 39.911323 ], [ -112.073084, 39.911322 ], [ -112.073487, 39.911255 ], [ -112.07393, 39.911143 ], [ -112.074486, 39.911187 ], [ -112.075359, 39.911287 ], [ -112.075527, 39.911285 ], [ -112.075675, 39.911284 ], [ -112.075965, 39.911237 ], [ -112.076054, 39.911186 ], [ -112.076142, 39.911204 ], [ -112.076451, 39.911115 ], [ -112.076603, 39.911159 ], [ -112.076747, 39.911177 ], [ -112.077102, 39.911222 ], [ -112.077501, 39.911322 ], [ -112.077676, 39.911349 ], [ -112.077802, 39.911368 ], [ -112.078092, 39.911412 ], [ -112.078392, 39.911457 ], [ -112.078962, 39.911614 ], [ -112.079411, 39.911867 ], [ -112.079601, 39.912032 ], [ -112.079614, 39.912041 ], [ -112.079875, 39.912264 ], [ -112.080216, 39.912513 ], [ -112.080623, 39.912707 ], [ -112.0808, 39.912809 ], [ -112.081096, 39.913022 ], [ -112.081256, 39.913147 ], [ -112.081403, 39.913556 ], [ -112.081332, 39.913885 ], [ -112.081348, 39.914146 ], [ -112.081436, 39.914564 ], [ -112.081525, 39.914708 ], [ -112.081592, 39.914815 ], [ -112.081672, 39.915035 ], [ -112.081692, 39.915197 ], [ -112.081578, 39.915392 ], [ -112.081342, 39.915647 ], [ -112.081065, 39.915898 ], [ -112.080907, 39.916223 ], [ -112.080711, 39.916463 ], [ -112.080653, 39.916699 ], [ -112.080583, 39.916941 ], [ -112.080601, 39.917075 ], [ -112.080731, 39.917364 ], [ -112.080862, 39.917493 ], [ -112.081169, 39.917684 ], [ -112.081411, 39.917786 ], [ -112.082252, 39.918048 ], [ -112.082697, 39.918121 ], [ -112.082873, 39.918155 ], [ -112.082956, 39.91819 ], [ -112.083197, 39.918247 ], [ -112.083344, 39.918344 ], [ -112.083434, 39.91847 ], [ -112.08346, 39.918613 ], [ -112.083514, 39.918756 ], [ -112.083374, 39.919078 ], [ -112.083259, 39.919259 ], [ -112.08311, 39.919446 ], [ -112.082832, 39.9197 ], [ -112.082753, 39.919823 ], [ -112.082729, 39.920116 ], [ -112.082726, 39.920319 ], [ -112.082758, 39.920458 ], [ -112.082808, 39.92071 ], [ -112.082906, 39.921126 ], [ -112.082904, 39.921484 ], [ -112.082988, 39.921722 ], [ -112.083032, 39.921888 ], [ -112.083389, 39.922231 ], [ -112.083649, 39.922441 ], [ -112.083894, 39.922598 ], [ -112.083939, 39.922627 ], [ -112.084296, 39.922678 ], [ -112.084637, 39.922739 ], [ -112.084931, 39.92283 ], [ -112.085139, 39.923044 ], [ -112.085185, 39.923386 ], [ -112.085299, 39.923845 ], [ -112.085322, 39.923938 ], [ -112.085326, 39.92415 ], [ -112.085227, 39.924398 ], [ -112.085146, 39.924594 ], [ -112.085044, 39.924878 ], [ -112.085055, 39.925176 ], [ -112.085248, 39.925494 ], [ -112.085473, 39.92559 ], [ -112.085529, 39.925602 ], [ -112.085821, 39.92559 ], [ -112.086011, 39.925581 ], [ -112.086249, 39.925534 ], [ -112.086435, 39.925451 ], [ -112.08682, 39.925375 ], [ -112.087135, 39.92535 ], [ -112.087433, 39.925306 ], [ -112.087644, 39.925332 ], [ -112.087967, 39.925387 ], [ -112.087984, 39.925414 ], [ -112.088114, 39.925471 ], [ -112.088419, 39.92585 ], [ -112.088493, 39.926134 ], [ -112.088815, 39.926492 ], [ -112.089245, 39.926654 ], [ -112.089365, 39.926714 ], [ -112.089602, 39.926829 ], [ -112.089722, 39.926888 ], [ -112.089859, 39.92695 ], [ -112.090143, 39.92708 ], [ -112.090382, 39.927189 ], [ -112.090987, 39.927287 ], [ -112.091424, 39.92741 ], [ -112.09184, 39.927537 ], [ -112.092109, 39.927618 ], [ -112.092436, 39.927827 ], [ -112.092596, 39.928037 ], [ -112.09266, 39.928402 ], [ -112.09259, 39.928791 ], [ -112.092596, 39.929171 ], [ -112.0926, 39.929248 ], [ -112.092692, 39.929663 ], [ -112.093026, 39.930042 ], [ -112.093279, 39.930162 ], [ -112.09388, 39.930034 ], [ -112.094404, 39.929899 ], [ -112.095015, 39.92966 ], [ -112.095644, 39.929504 ], [ -112.095876, 39.929413 ], [ -112.096325, 39.929236 ], [ -112.096439, 39.92918 ], [ -112.096719, 39.929044 ], [ -112.096925, 39.928944 ], [ -112.097391, 39.928709 ], [ -112.097897, 39.92845 ], [ -112.098555, 39.928175 ], [ -112.09887, 39.928109 ], [ -112.099247, 39.928272 ], [ -112.099621, 39.928282 ], [ -112.099995, 39.928233 ], [ -112.100141, 39.928223 ], [ -112.100419, 39.928196 ], [ -112.100466, 39.928197 ], [ -112.100824, 39.928194 ], [ -112.101495, 39.928345 ], [ -112.10205, 39.928434 ], [ -112.102375, 39.928485 ], [ -112.10312, 39.928627 ], [ -112.10359, 39.928767 ], [ -112.103729, 39.928991 ], [ -112.103789, 39.929163 ], [ -112.103804, 39.929183 ], [ -112.103806, 39.929218 ], [ -112.103863, 39.929381 ], [ -112.103882, 39.929435 ], [ -112.103935, 39.929771 ], [ -112.103954, 39.929894 ], [ -112.104114, 39.930231 ], [ -112.104137, 39.930285 ], [ -112.104221, 39.930483 ], [ -112.104251, 39.930549 ], [ -112.104308, 39.930805 ], [ -112.104178, 39.931095 ], [ -112.104071, 39.931378 ], [ -112.104026, 39.931497 ], [ -112.103848, 39.931614 ], [ -112.103735, 39.931687 ], [ -112.103523, 39.931826 ], [ -112.103334, 39.932035 ], [ -112.103086, 39.932312 ], [ -112.10294, 39.932687 ], [ -112.102992, 39.933033 ], [ -112.103131, 39.933235 ], [ -112.103405, 39.933621 ], [ -112.103253, 39.933945 ], [ -112.10281, 39.934432 ], [ -112.10255, 39.934651 ], [ -112.1025, 39.934845 ], [ -112.102911, 39.935287 ], [ -112.103232, 39.935897 ], [ -112.103392, 39.936098 ], [ -112.103689, 39.936334 ], [ -112.103734, 39.93636 ], [ -112.104118, 39.936585 ], [ -112.104279, 39.93668 ], [ -112.104684, 39.936996 ], [ -112.104934, 39.937123 ], [ -112.105219, 39.937284 ], [ -112.105483, 39.937427 ], [ -112.105654, 39.937549 ], [ -112.105761, 39.937703 ], [ -112.105825, 39.937891 ], [ -112.105866, 39.938067 ], [ -112.105972, 39.938356 ], [ -112.106114, 39.938653 ], [ -112.106259, 39.939305 ], [ -112.10599, 39.940064 ], [ -112.105668, 39.940774 ], [ -112.105541, 39.941231 ], [ -112.10505, 39.941685 ], [ -112.104604, 39.941952 ], [ -112.104279, 39.94209 ], [ -112.103796, 39.94227 ], [ -112.103394, 39.942396 ], [ -112.103213, 39.942437 ], [ -112.103132, 39.942515 ], [ -112.103061, 39.942756 ], [ -112.103138, 39.942839 ], [ -112.103258, 39.942979 ], [ -112.103448, 39.943201 ], [ -112.103517, 39.943525 ], [ -112.103716, 39.943879 ], [ -112.103719, 39.94405 ], [ -112.103726, 39.944145 ], [ -112.103648, 39.944393 ], [ -112.103461, 39.944755 ], [ -112.1037, 39.945068 ], [ -112.103781, 39.945347 ], [ -112.103674, 39.945632 ], [ -112.103604, 39.945997 ], [ -112.103606, 39.94638 ], [ -112.103607, 39.946479 ], [ -112.10346, 39.946884 ], [ -112.103421, 39.94699 ], [ -112.102965, 39.947427 ], [ -112.102838, 39.947762 ], [ -112.102799, 39.947861 ], [ -112.102717, 39.947983 ], [ -112.102528, 39.94826 ], [ -112.102145, 39.948466 ], [ -112.101526, 39.948621 ], [ -112.101014, 39.94872 ], [ -112.100549, 39.948918 ], [ -112.100242, 39.949142 ], [ -112.100001, 39.949424 ], [ -112.099368, 39.949754 ], [ -112.099143, 39.949959 ], [ -112.098847, 39.950199 ], [ -112.098717, 39.950305 ], [ -112.098649, 39.95035 ], [ -112.098212, 39.950639 ], [ -112.097838, 39.950862 ], [ -112.097667, 39.950964 ], [ -112.097466, 39.951132 ], [ -112.097341, 39.951238 ], [ -112.097247, 39.951322 ], [ -112.097205, 39.951405 ], [ -112.097181, 39.951449 ], [ -112.097109, 39.951592 ], [ -112.096946, 39.951916 ], [ -112.096923, 39.95196 ], [ -112.096845, 39.952109 ], [ -112.096826, 39.952165 ], [ -112.096701, 39.952415 ], [ -112.09653, 39.953065 ], [ -112.096249, 39.953446 ], [ -112.095788, 39.953549 ], [ -112.095196, 39.953546 ], [ -112.094602, 39.95361 ], [ -112.09428, 39.953685 ], [ -112.094118, 39.953831 ], [ -112.094003, 39.953904 ], [ -112.094064, 39.954079 ], [ -112.094089, 39.954221 ], [ -112.094135, 39.954474 ], [ -112.094194, 39.954592 ], [ -112.094238, 39.954678 ], [ -112.094394, 39.954986 ], [ -112.094482, 39.955126 ], [ -112.094547, 39.955229 ], [ -112.094626, 39.955355 ], [ -112.094701, 39.955474 ], [ -112.094773, 39.955622 ], [ -112.094955, 39.955994 ], [ -112.095307, 39.956415 ], [ -112.09547, 39.956544 ], [ -112.095545, 39.956635 ], [ -112.095724, 39.956773 ], [ -112.095817, 39.9568 ], [ -112.096316, 39.95695 ], [ -112.096932, 39.956985 ], [ -112.09734, 39.956909 ], [ -112.09799, 39.956916 ], [ -112.098245, 39.957099 ], [ -112.098272, 39.957135 ], [ -112.098328, 39.957148 ], [ -112.098576, 39.957285 ], [ -112.098968, 39.957399 ], [ -112.099095, 39.957436 ], [ -112.099746, 39.957634 ], [ -112.099881, 39.957667 ], [ -112.100003, 39.957697 ], [ -112.100046, 39.957707 ], [ -112.100156, 39.957732 ], [ -112.100331, 39.957777 ], [ -112.100803, 39.958021 ], [ -112.100964, 39.958134 ], [ -112.101179, 39.958241 ], [ -112.10135, 39.958344 ], [ -112.101449, 39.958376 ], [ -112.101756, 39.958475 ], [ -112.102139, 39.95867 ], [ -112.102424, 39.958888 ], [ -112.102636, 39.959181 ], [ -112.102705, 39.959277 ], [ -112.102813, 39.959508 ], [ -112.102814, 39.959519 ], [ -112.102829, 39.959613 ], [ -112.102836, 39.95966 ], [ -112.102901, 39.959831 ], [ -112.10292, 39.959882 ], [ -112.102934, 39.960023 ], [ -112.102981, 39.960267 ], [ -112.102982, 39.960314 ], [ -112.102968, 39.96039 ], [ -112.10293, 39.96061 ], [ -112.10289, 39.960857 ], [ -112.102835, 39.961195 ], [ -112.10282, 39.961672 ], [ -112.102996, 39.962063 ], [ -112.103144, 39.962277 ], [ -112.103206, 39.962367 ], [ -112.103358, 39.962571 ], [ -112.103505, 39.962765 ], [ -112.103602, 39.962971 ], [ -112.103576, 39.963205 ], [ -112.103546, 39.963473 ], [ -112.10354, 39.963522 ], [ -112.103547, 39.963922 ], [ -112.103672, 39.964412 ], [ -112.103793, 39.964717 ], [ -112.103799, 39.964773 ], [ -112.103941, 39.965126 ], [ -112.104004, 39.965319 ], [ -112.104197, 39.965534 ], [ -112.104235, 39.965587 ], [ -112.104585, 39.96585 ], [ -112.104957, 39.966053 ], [ -112.105348, 39.966333 ], [ -112.105511, 39.966656 ], [ -112.105627, 39.966984 ], [ -112.105791, 39.967353 ], [ -112.105971, 39.967529 ], [ -112.106059, 39.967615 ], [ -112.106444, 39.967868 ], [ -112.106963, 39.968111 ], [ -112.107081, 39.968195 ], [ -112.10729, 39.968414 ], [ -112.107577, 39.968767 ], [ -112.107859, 39.969161 ], [ -112.108167, 39.969455 ], [ -112.108541, 39.969649 ], [ -112.109307, 39.970062 ], [ -112.109512, 39.970283 ], [ -112.109718, 39.970485 ], [ -112.109801, 39.970566 ], [ -112.109804, 39.970639 ], [ -112.109814, 39.970904 ], [ -112.109686, 39.971396 ], [ -112.109615, 39.971739 ], [ -112.109599, 39.97182 ], [ -112.109605, 39.971919 ], [ -112.10963, 39.972311 ], [ -112.109689, 39.972694 ], [ -112.109732, 39.973188 ], [ -112.109831, 39.97353 ], [ -112.109867, 39.973799 ], [ -112.109945, 39.973812 ], [ -112.110139, 39.973835 ], [ -112.110168, 39.973829 ], [ -112.110366, 39.973846 ], [ -112.110888, 39.973713 ], [ -112.111384, 39.97356 ], [ -112.111764, 39.973534 ], [ -112.11202, 39.97355 ], [ -112.112074, 39.973552 ], [ -112.112311, 39.973607 ], [ -112.112589, 39.97369 ], [ -112.112846, 39.973789 ], [ -112.113089, 39.973845 ], [ -112.113165, 39.97386 ], [ -112.11338, 39.973928 ], [ -112.114054, 39.973967 ], [ -112.115019, 39.973844 ], [ -112.116228, 39.973692 ], [ -112.116869, 39.973621 ], [ -112.117096, 39.973606 ], [ -112.11748, 39.973581 ], [ -112.117848, 39.973582 ], [ -112.118311, 39.973628 ], [ -112.119291, 39.973741 ], [ -112.119719, 39.973775 ], [ -112.11979, 39.973794 ], [ -112.120133, 39.97385 ], [ -112.121112, 39.973852 ], [ -112.121469, 39.973885 ], [ -112.121514, 39.973887 ], [ -112.121835, 39.973946 ], [ -112.122751, 39.973987 ], [ -112.122833, 39.974008 ], [ -112.123354, 39.974013 ], [ -112.123417, 39.974015 ], [ -112.123532, 39.974019 ], [ -112.123771, 39.974026 ], [ -112.124249, 39.974094 ], [ -112.124338, 39.974106 ], [ -112.124698, 39.974296 ], [ -112.124916, 39.974442 ], [ -112.125233, 39.974728 ], [ -112.125549, 39.974915 ], [ -112.125711, 39.975012 ], [ -112.126118, 39.975152 ], [ -112.126623, 39.97526 ], [ -112.126963, 39.975292 ], [ -112.127286, 39.975316 ], [ -112.127565, 39.975314 ], [ -112.128229, 39.975384 ], [ -112.128435, 39.97544 ], [ -112.128618, 39.97552 ], [ -112.129024, 39.97566 ], [ -112.1292, 39.975745 ], [ -112.129417, 39.97585 ], [ -112.129562, 39.97592 ], [ -112.129712, 39.976029 ], [ -112.129876, 39.976147 ], [ -112.129924, 39.976179 ], [ -112.130135, 39.976315 ], [ -112.130198, 39.976346 ], [ -112.130368, 39.976464 ], [ -112.130439, 39.976477 ], [ -112.130696, 39.976582 ], [ -112.131138, 39.976739 ], [ -112.131176, 39.976755 ], [ -112.131209, 39.976766 ], [ -112.131551, 39.976925 ], [ -112.131818, 39.977064 ], [ -112.131937, 39.977115 ], [ -112.132139, 39.977203 ], [ -112.132162, 39.977213 ], [ -112.132221, 39.977239 ], [ -112.132261, 39.977252 ], [ -112.132307, 39.977266 ], [ -112.132354, 39.977289 ], [ -112.132414, 39.977319 ], [ -112.132594, 39.977407 ], [ -112.132729, 39.977471 ], [ -112.132765, 39.977507 ], [ -112.133056, 39.977793 ], [ -112.133179, 39.977904 ], [ -112.133273, 39.977973 ], [ -112.133361, 39.978038 ], [ -112.13347, 39.978083 ], [ -112.133528, 39.978122 ], [ -112.133591, 39.978166 ], [ -112.133688, 39.978235 ], [ -112.133743, 39.978273 ], [ -112.134033, 39.978496 ], [ -112.134221, 39.978641 ], [ -112.134374, 39.978702 ], [ -112.134552, 39.97888 ], [ -112.134795, 39.979032 ], [ -112.134939, 39.97916 ], [ -112.135122, 39.979326 ], [ -112.135331, 39.979567 ], [ -112.13544, 39.979805 ], [ -112.135607, 39.980069 ], [ -112.135731, 39.980378 ], [ -112.136015, 39.980988 ], [ -112.136102, 39.981213 ], [ -112.136048, 39.981856 ], [ -112.136082, 39.982136 ], [ -112.136239, 39.982437 ], [ -112.136447, 39.982633 ], [ -112.136685, 39.982815 ], [ -112.136939, 39.982984 ], [ -112.137015, 39.983013 ], [ -112.137328, 39.983133 ], [ -112.137535, 39.983248 ], [ -112.137807, 39.98343 ], [ -112.137993, 39.983645 ], [ -112.138454, 39.983918 ], [ -112.138566, 39.984008 ], [ -112.138678, 39.98418 ], [ -112.138764, 39.984208 ], [ -112.139092, 39.984287 ], [ -112.139234, 39.98434 ], [ -112.139528, 39.984422 ], [ -112.139953, 39.984625 ], [ -112.14035, 39.984914 ], [ -112.140625, 39.98524 ], [ -112.140798, 39.985396 ], [ -112.140964, 39.985584 ], [ -112.14112, 39.985799 ], [ -112.141203, 39.985861 ], [ -112.141258, 39.985996 ], [ -112.141558, 39.986087 ], [ -112.141616, 39.986139 ], [ -112.142067, 39.986708 ], [ -112.142165, 39.986969 ], [ -112.142205, 39.987284 ], [ -112.142199, 39.987609 ], [ -112.142339, 39.987998 ], [ -112.142337, 39.988188 ], [ -112.142226, 39.988549 ], [ -112.142157, 39.988626 ], [ -112.141987, 39.989642 ], [ -112.142252, 39.989747 ], [ -112.142644, 39.989725 ], [ -112.142926, 39.989777 ], [ -112.143327, 39.989867 ], [ -112.143515, 39.989892 ], [ -112.143663, 39.990049 ], [ -112.143971, 39.990316 ], [ -112.144157, 39.990425 ], [ -112.144409, 39.990534 ], [ -112.144623, 39.990668 ], [ -112.144654, 39.990695 ], [ -112.144947, 39.990847 ], [ -112.145312, 39.991198 ], [ -112.145446, 39.991325 ], [ -112.145703, 39.991596 ], [ -112.145964, 39.991819 ], [ -112.146166, 39.991938 ], [ -112.14635, 39.992026 ], [ -112.146484, 39.99209 ], [ -112.14679, 39.992177 ], [ -112.147043, 39.992233 ], [ -112.147553, 39.992264 ], [ -112.147587, 39.99227 ], [ -112.14771, 39.992287 ], [ -112.147812, 39.992305 ], [ -112.1481, 39.99241 ], [ -112.148396, 39.992592 ], [ -112.14883, 39.992993 ], [ -112.148886, 39.993022 ], [ -112.149031, 39.993087 ], [ -112.149318, 39.993107 ], [ -112.149618, 39.9931 ], [ -112.150085, 39.993086 ], [ -112.150391, 39.993141 ], [ -112.150536, 39.993221 ], [ -112.150597, 39.993265 ], [ -112.150675, 39.993288 ], [ -112.150774, 39.993377 ], [ -112.15078, 39.993403 ], [ -112.150865, 39.993455 ], [ -112.151107, 39.99393 ], [ -112.151181, 39.994159 ], [ -112.151226, 39.994384 ], [ -112.151318, 39.994626 ], [ -112.151358, 39.994914 ], [ -112.151349, 39.995085 ], [ -112.151219, 39.995366 ], [ -112.151176, 39.995596 ], [ -112.151156, 39.995795 ], [ -112.151112, 39.995998 ], [ -112.150988, 39.996242 ], [ -112.150903, 39.996419 ], [ -112.150808, 39.996694 ], [ -112.150725, 39.996988 ], [ -112.150683, 39.997268 ], [ -112.150594, 39.997589 ], [ -112.150616, 39.997823 ], [ -112.150719, 39.99806 ], [ -112.151217, 39.998389 ], [ -112.151306, 39.998478 ], [ -112.151446, 39.998664 ], [ -112.151635, 39.998885 ], [ -112.151956, 39.999162 ], [ -112.152257, 39.999306 ], [ -112.152669, 39.999397 ], [ -112.152952, 39.999516 ], [ -112.153028, 39.999519 ], [ -112.153206, 39.999626 ], [ -112.153447, 39.99995 ], [ -112.15348, 39.999953 ], [ -112.153697, 40.000196 ], [ -112.154207, 40.000338 ], [ -112.154362, 40.000376 ], [ -112.154804, 40.000428 ], [ -112.154936, 40.00052 ], [ -112.155149, 40.000857 ], [ -112.15521, 40.001195 ], [ -112.155262, 40.001434 ], [ -112.155357, 40.001834 ], [ -112.155396, 40.002033 ], [ -112.155564, 40.002253 ], [ -112.155766, 40.00237 ], [ -112.156063, 40.002605 ], [ -112.156127, 40.002637 ], [ -112.156273, 40.002734 ], [ -112.156417, 40.002828 ], [ -112.156465, 40.002895 ], [ -112.156708, 40.003046 ], [ -112.156754, 40.003329 ], [ -112.156947, 40.003688 ], [ -112.157215, 40.004033 ], [ -112.157557, 40.004357 ], [ -112.157717, 40.004522 ], [ -112.158018, 40.004695 ], [ -112.158268, 40.004923 ], [ -112.158347, 40.005041 ], [ -112.158378, 40.005165 ], [ -112.158583, 40.005375 ], [ -112.158756, 40.005491 ], [ -112.158976, 40.005558 ], [ -112.159184, 40.005685 ], [ -112.159532, 40.005911 ], [ -112.159711, 40.006192 ], [ -112.160026, 40.006758 ], [ -112.160323, 40.006982 ], [ -112.160588, 40.007122 ], [ -112.160973, 40.007315 ], [ -112.161445, 40.007484 ], [ -112.161729, 40.007553 ], [ -112.16207, 40.007739 ], [ -112.162373, 40.007881 ], [ -112.162657, 40.007933 ], [ -112.163508, 40.008135 ], [ -112.164021, 40.008194 ], [ -112.164148, 40.008236 ], [ -112.16424, 40.008256 ], [ -112.164322, 40.008208 ], [ -112.164355, 40.008141 ], [ -112.164512, 40.008008 ], [ -112.164761, 40.00783 ], [ -112.165251, 40.007681 ], [ -112.165531, 40.007624 ], [ -112.165853, 40.007608 ], [ -112.166133, 40.007573 ], [ -112.166585, 40.007636 ], [ -112.166947, 40.007565 ], [ -112.167204, 40.007486 ], [ -112.16748, 40.007524 ], [ -112.167562, 40.007514 ], [ -112.168038, 40.007599 ], [ -112.168314, 40.007637 ], [ -112.168946, 40.007661 ], [ -112.169172, 40.007668 ], [ -112.169666, 40.007728 ], [ -112.170056, 40.007768 ], [ -112.170402, 40.007823 ], [ -112.170691, 40.007937 ], [ -112.170905, 40.008097 ], [ -112.170995, 40.008205 ], [ -112.171139, 40.008415 ], [ -112.171283, 40.008637 ], [ -112.171445, 40.008876 ], [ -112.171465, 40.008888 ], [ -112.171611, 40.008982 ], [ -112.171742, 40.009066 ], [ -112.171994, 40.009082 ], [ -112.172462, 40.009073 ], [ -112.172762, 40.00911 ], [ -112.173093, 40.009278 ], [ -112.173258, 40.009417 ], [ -112.173292, 40.009461 ], [ -112.173749, 40.009915 ], [ -112.174098, 40.010532 ], [ -112.174172, 40.010702 ], [ -112.174201, 40.010743 ], [ -112.174309, 40.010842 ], [ -112.174369, 40.010864 ], [ -112.174357, 40.010941 ], [ -112.174359, 40.011044 ], [ -112.174606, 40.011024 ], [ -112.174774, 40.011013 ], [ -112.174938, 40.010989 ], [ -112.175179, 40.011035 ], [ -112.175502, 40.011069 ], [ -112.175753, 40.011125 ], [ -112.176308, 40.011273 ], [ -112.176537, 40.01132 ], [ -112.177006, 40.011351 ], [ -112.177293, 40.011294 ], [ -112.177579, 40.011296 ], [ -112.177819, 40.011284 ], [ -112.178136, 40.011299 ], [ -112.178629, 40.011335 ], [ -112.178829, 40.011345 ], [ -112.178907, 40.011357 ], [ -112.179393, 40.011416 ], [ -112.179583, 40.011476 ], [ -112.179662, 40.011517 ], [ -112.179688, 40.011534 ], [ -112.179767, 40.011631 ], [ -112.1798, 40.011656 ], [ -112.179553, 40.01228 ], [ -112.179457, 40.012511 ], [ -112.179344, 40.012733 ], [ -112.179275, 40.012977 ], [ -112.1792, 40.013221 ], [ -112.17895, 40.013647 ], [ -112.178725, 40.013856 ], [ -112.178516, 40.014061 ], [ -112.178347, 40.014374 ], [ -112.17815, 40.014803 ], [ -112.178049, 40.01512 ], [ -112.177955, 40.015445 ], [ -112.17785, 40.015802 ], [ -112.177733, 40.016132 ], [ -112.177685, 40.01639 ], [ -112.177695, 40.016669 ], [ -112.1777, 40.016925 ], [ -112.177662, 40.017125 ], [ -112.177555, 40.017395 ], [ -112.177409, 40.017771 ], [ -112.17728, 40.018069 ], [ -112.17718, 40.018404 ], [ -112.17712, 40.018643 ], [ -112.177019, 40.01894 ], [ -112.176986, 40.019075 ], [ -112.176894, 40.01943 ], [ -112.176942, 40.019906 ], [ -112.176963, 40.020028 ], [ -112.176912, 40.020223 ], [ -112.176845, 40.020404 ], [ -112.176861, 40.020652 ], [ -112.176884, 40.02098 ], [ -112.176946, 40.021173 ], [ -112.176991, 40.021394 ], [ -112.177072, 40.021686 ], [ -112.177134, 40.021856 ], [ -112.177201, 40.021922 ], [ -112.177313, 40.02203 ], [ -112.177566, 40.022145 ], [ -112.177744, 40.022247 ], [ -112.177858, 40.022412 ], [ -112.177903, 40.022628 ], [ -112.177843, 40.022885 ], [ -112.177765, 40.023134 ], [ -112.177704, 40.023337 ], [ -112.177696, 40.023461 ], [ -112.177685, 40.023608 ], [ -112.177677, 40.023828 ], [ -112.177674, 40.023959 ], [ -112.177682, 40.024103 ], [ -112.177664, 40.024348 ], [ -112.177663, 40.02436 ], [ -112.177692, 40.024407 ], [ -112.177734, 40.024476 ], [ -112.177744, 40.024533 ], [ -112.177762, 40.024629 ], [ -112.177705, 40.024747 ], [ -112.17763, 40.02489 ], [ -112.177614, 40.024919 ], [ -112.177611, 40.025077 ], [ -112.177649, 40.025261 ], [ -112.177717, 40.025454 ], [ -112.177727, 40.025661 ], [ -112.177724, 40.025873 ], [ -112.177853, 40.026133 ], [ -112.178, 40.026388 ], [ -112.178047, 40.026568 ], [ -112.178003, 40.026682 ], [ -112.177993, 40.026708 ], [ -112.17794, 40.026847 ], [ -112.177809, 40.027021 ], [ -112.177672, 40.027266 ], [ -112.177575, 40.02742 ], [ -112.177549, 40.027463 ], [ -112.177491, 40.027552 ], [ -112.177325, 40.027837 ], [ -112.17725, 40.027932 ], [ -112.17716, 40.0281 ], [ -112.177032, 40.02825 ], [ -112.177005, 40.028343 ], [ -112.176977, 40.028439 ], [ -112.177063, 40.028637 ], [ -112.177195, 40.028797 ], [ -112.17738, 40.02899 ], [ -112.177506, 40.029177 ], [ -112.177534, 40.029252 ], [ -112.177573, 40.029352 ], [ -112.177563, 40.02947 ], [ -112.177557, 40.029501 ], [ -112.177511, 40.029698 ], [ -112.177394, 40.030025 ], [ -112.177339, 40.030125 ], [ -112.17725, 40.030327 ], [ -112.177079, 40.030589 ], [ -112.176894, 40.030718 ], [ -112.176696, 40.03081 ], [ -112.176516, 40.030915 ], [ -112.176319, 40.031057 ], [ -112.176204, 40.031148 ], [ -112.176072, 40.031325 ], [ -112.175865, 40.031562 ], [ -112.175814, 40.031661 ], [ -112.175739, 40.031752 ], [ -112.175605, 40.031776 ], [ -112.175476, 40.031759 ], [ -112.175376, 40.031742 ], [ -112.175242, 40.031798 ], [ -112.175127, 40.031894 ], [ -112.175094, 40.032043 ], [ -112.175056, 40.032219 ], [ -112.174866, 40.03241 ], [ -112.174709, 40.03251 ], [ -112.174505, 40.03254 ], [ -112.174274, 40.03262 ], [ -112.174252, 40.032631 ], [ -112.17408, 40.03272 ], [ -112.173971, 40.032856 ], [ -112.173971, 40.032876 ], [ -112.173969, 40.033081 ], [ -112.17399, 40.033257 ], [ -112.174045, 40.033432 ], [ -112.174132, 40.033692 ], [ -112.174217, 40.033844 ], [ -112.174265, 40.033942 ], [ -112.174362, 40.03414 ], [ -112.174531, 40.0344 ], [ -112.174718, 40.034722 ], [ -112.174816, 40.034991 ], [ -112.174868, 40.03527 ], [ -112.174851, 40.035439 ], [ -112.174779, 40.03561 ], [ -112.174717, 40.035709 ], [ -112.174609, 40.035827 ], [ -112.174375, 40.035933 ], [ -112.174285, 40.035961 ], [ -112.174195, 40.035989 ], [ -112.173943, 40.036014 ], [ -112.173633, 40.036017 ], [ -112.173301, 40.036178 ], [ -112.17322, 40.036279 ], [ -112.173178, 40.036368 ], [ -112.173128, 40.036658 ], [ -112.173136, 40.037199 ], [ -112.17303, 40.037516 ], [ -112.173015, 40.037609 ], [ -112.172961, 40.037844 ], [ -112.172882, 40.038047 ], [ -112.172804, 40.038264 ], [ -112.172722, 40.038434 ], [ -112.172599, 40.038631 ], [ -112.172456, 40.038813 ], [ -112.17234, 40.038954 ], [ -112.172225, 40.039058 ], [ -112.172122, 40.039195 ], [ -112.172037, 40.039331 ], [ -112.171981, 40.039484 ], [ -112.17198, 40.03958 ], [ -112.17199, 40.039622 ], [ -112.171989, 40.039657 ], [ -112.171997, 40.039783 ], [ -112.172093, 40.039907 ], [ -112.172225, 40.040074 ], [ -112.172332, 40.040172 ], [ -112.172451, 40.040288 ], [ -112.172576, 40.040394 ], [ -112.172767, 40.040577 ], [ -112.173023, 40.040778 ], [ -112.173283, 40.040937 ], [ -112.17352, 40.041106 ], [ -112.173753, 40.041315 ], [ -112.173867, 40.041494 ], [ -112.173929, 40.041683 ], [ -112.174032, 40.041875 ], [ -112.17409, 40.04196 ], [ -112.174104, 40.041992 ], [ -112.174158, 40.042071 ], [ -112.174342, 40.042254 ], [ -112.174546, 40.042481 ], [ -112.174743, 40.042731 ], [ -112.17493, 40.042955 ], [ -112.175144, 40.0432 ], [ -112.175271, 40.043366 ], [ -112.175338, 40.04346 ], [ -112.175488, 40.043717 ], [ -112.175568, 40.043981 ], [ -112.175648, 40.04417 ], [ -112.175751, 40.044376 ], [ -112.175854, 40.044569 ], [ -112.175969, 40.044793 ], [ -112.176083, 40.044936 ], [ -112.176236, 40.04513 ], [ -112.176367, 40.045333 ], [ -112.17646, 40.045633 ], [ -112.176598, 40.045903 ], [ -112.176926, 40.046238 ], [ -112.177148, 40.046546 ], [ -112.177251, 40.046716 ], [ -112.177316, 40.046821 ], [ -112.177407, 40.046967 ], [ -112.17747, 40.047106 ], [ -112.177487, 40.047136 ], [ -112.177614, 40.047356 ], [ -112.1777, 40.04762 ], [ -112.177804, 40.047876 ], [ -112.177908, 40.048096 ], [ -112.178012, 40.048374 ], [ -112.178069, 40.048639 ], [ -112.178114, 40.048794 ], [ -112.178139, 40.04886 ], [ -112.178142, 40.049068 ], [ -112.178128, 40.049311 ], [ -112.178115, 40.0496 ], [ -112.178038, 40.04988 ], [ -112.177959, 40.050052 ], [ -112.177827, 40.050247 ], [ -112.17769, 40.05046 ], [ -112.177623, 40.050636 ], [ -112.177621, 40.050875 ], [ -112.177649, 40.051136 ], [ -112.177735, 40.05137 ], [ -112.177837, 40.051504 ], [ -112.177947, 40.051764 ], [ -112.178039, 40.051997 ], [ -112.178138, 40.052223 ], [ -112.17824, 40.052419 ], [ -112.178356, 40.052679 ], [ -112.178459, 40.052898 ], [ -112.178598, 40.053163 ], [ -112.17872, 40.05338 ], [ -112.178923, 40.053726 ], [ -112.178975, 40.053779 ], [ -112.179121, 40.053858 ], [ -112.179387, 40.054 ], [ -112.179593, 40.054079 ], [ -112.179907, 40.05422 ], [ -112.180011, 40.05427 ], [ -112.18012, 40.054358 ], [ -112.180317, 40.054577 ], [ -112.180431, 40.054715 ], [ -112.180627, 40.05487 ], [ -112.180681, 40.054918 ], [ -112.180694, 40.054943 ], [ -112.181069, 40.05534 ], [ -112.1812, 40.055438 ], [ -112.181396, 40.055686 ], [ -112.18153, 40.055867 ], [ -112.181589, 40.056012 ], [ -112.181688, 40.05629 ], [ -112.181698, 40.0565 ], [ -112.181737, 40.056738 ], [ -112.181735, 40.056898 ], [ -112.181814, 40.057085 ], [ -112.181923, 40.057273 ], [ -112.181958, 40.057325 ], [ -112.182031, 40.057434 ], [ -112.182122, 40.057618 ], [ -112.182178, 40.057766 ], [ -112.182227, 40.057928 ], [ -112.182225, 40.058108 ], [ -112.182176, 40.058325 ], [ -112.182203, 40.058528 ], [ -112.182244, 40.058627 ], [ -112.182318, 40.05885 ], [ -112.18246, 40.059037 ], [ -112.182512, 40.059135 ], [ -112.182744, 40.059313 ], [ -112.182946, 40.05945 ], [ -112.183135, 40.059557 ], [ -112.183347, 40.059613 ], [ -112.183594, 40.059655 ], [ -112.18373, 40.05974 ], [ -112.183777, 40.059807 ], [ -112.18378, 40.059848 ], [ -112.183786, 40.059888 ], [ -112.183769, 40.059964 ], [ -112.183684, 40.060123 ], [ -112.18353, 40.060369 ], [ -112.183386, 40.060592 ], [ -112.183359, 40.060659 ], [ -112.183153, 40.060936 ], [ -112.182911, 40.061214 ], [ -112.182756, 40.061382 ], [ -112.182492, 40.061691 ], [ -112.182324, 40.06185 ], [ -112.182048, 40.062155 ], [ -112.181945, 40.062264 ], [ -112.18188, 40.062372 ], [ -112.181752, 40.062563 ], [ -112.181751, 40.062581 ], [ -112.181713, 40.062748 ], [ -112.181578, 40.062959 ], [ -112.181519, 40.063052 ], [ -112.181462, 40.063232 ], [ -112.181431, 40.063284 ], [ -112.181392, 40.063504 ], [ -112.181273, 40.063748 ], [ -112.181261, 40.06382 ], [ -112.181222, 40.063874 ], [ -112.181211, 40.064066 ], [ -112.181179, 40.064269 ], [ -112.181181, 40.064396 ], [ -112.18115, 40.064537 ], [ -112.181136, 40.064672 ], [ -112.181051, 40.064853 ], [ -112.180892, 40.065102 ], [ -112.180777, 40.065252 ], [ -112.180714, 40.065371 ], [ -112.180626, 40.065709 ], [ -112.180559, 40.066153 ], [ -112.180428, 40.066458 ], [ -112.180401, 40.066593 ], [ -112.180308, 40.066805 ], [ -112.180246, 40.066941 ], [ -112.180199, 40.067042 ], [ -112.180105, 40.06712 ], [ -112.179984, 40.06722 ], [ -112.179839, 40.067289 ], [ -112.179618, 40.067337 ], [ -112.179525, 40.067341 ], [ -112.179041, 40.067332 ], [ -112.178961, 40.067324 ], [ -112.178813, 40.067317 ], [ -112.178584, 40.067293 ], [ -112.178354, 40.067232 ], [ -112.178317, 40.067216 ], [ -112.178089, 40.06714 ], [ -112.177873, 40.067003 ], [ -112.177574, 40.06681 ], [ -112.177401, 40.066687 ], [ -112.177245, 40.066495 ], [ -112.176835, 40.066161 ], [ -112.176249, 40.066154 ], [ -112.175844, 40.066158 ], [ -112.175398, 40.066225 ], [ -112.17503, 40.066198 ], [ -112.174637, 40.06622 ], [ -112.174613, 40.066221 ], [ -112.174321, 40.066237 ], [ -112.174197, 40.066243 ], [ -112.173871, 40.066258 ], [ -112.173665, 40.066243 ], [ -112.1733, 40.066197 ], [ -112.173212, 40.066194 ], [ -112.173149, 40.066239 ], [ -112.173154, 40.066286 ], [ -112.173168, 40.066321 ], [ -112.173174, 40.066367 ], [ -112.173206, 40.066542 ], [ -112.173213, 40.066662 ], [ -112.173215, 40.066718 ], [ -112.173061, 40.066931 ], [ -112.17281, 40.067344 ], [ -112.172654, 40.067575 ], [ -112.172409, 40.067897 ], [ -112.172175, 40.068273 ], [ -112.172018, 40.068685 ], [ -112.171979, 40.069054 ], [ -112.17207, 40.069221 ], [ -112.172111, 40.069315 ], [ -112.172262, 40.069592 ], [ -112.172418, 40.069821 ], [ -112.17265, 40.070021 ], [ -112.172872, 40.070216 ], [ -112.173173, 40.070417 ], [ -112.173434, 40.070563 ], [ -112.173606, 40.07071 ], [ -112.173785, 40.070888 ], [ -112.173924, 40.071097 ], [ -112.174039, 40.071322 ], [ -112.174046, 40.071343 ], [ -112.17409, 40.071477 ], [ -112.174126, 40.071587 ], [ -112.174172, 40.071902 ], [ -112.174179, 40.072321 ], [ -112.17415, 40.072677 ], [ -112.174145, 40.072978 ], [ -112.17418, 40.073337 ], [ -112.174243, 40.073802 ], [ -112.174257, 40.073848 ], [ -112.174296, 40.074012 ], [ -112.174333, 40.074306 ], [ -112.17437, 40.074524 ], [ -112.174455, 40.074722 ], [ -112.174535, 40.074949 ], [ -112.174626, 40.075135 ], [ -112.174814, 40.075457 ], [ -112.174924, 40.075744 ], [ -112.174976, 40.076023 ], [ -112.175146, 40.076391 ], [ -112.175333, 40.076686 ], [ -112.175574, 40.077031 ], [ -112.175778, 40.077294 ], [ -112.175921, 40.077514 ], [ -112.175961, 40.077716 ], [ -112.175911, 40.077843 ], [ -112.175796, 40.078037 ], [ -112.175601, 40.078292 ], [ -112.175396, 40.078539 ], [ -112.175183, 40.078736 ], [ -112.174854, 40.079123 ], [ -112.174718, 40.079252 ], [ -112.174563, 40.07933 ], [ -112.174529, 40.079336 ], [ -112.174343, 40.079443 ], [ -112.174105, 40.079659 ], [ -112.17406, 40.079699 ], [ -112.174022, 40.079894 ], [ -112.174084, 40.080104 ], [ -112.174152, 40.080275 ], [ -112.174333, 40.080584 ], [ -112.174485, 40.08092 ], [ -112.174526, 40.081001 ], [ -112.174536, 40.081033 ], [ -112.174596, 40.081234 ], [ -112.174649, 40.081549 ], [ -112.174548, 40.081834 ], [ -112.174387, 40.082038 ], [ -112.174238, 40.082238 ], [ -112.174071, 40.08242 ], [ -112.174036, 40.082466 ], [ -112.173882, 40.082685 ], [ -112.17367, 40.082921 ], [ -112.173474, 40.083135 ], [ -112.173381, 40.083235 ], [ -112.173228, 40.083498 ], [ -112.17316, 40.083716 ], [ -112.173108, 40.08389 ], [ -112.172983, 40.084085 ], [ -112.172846, 40.084258 ], [ -112.172621, 40.084571 ], [ -112.172507, 40.084677 ], [ -112.172469, 40.084729 ], [ -112.17229, 40.084902 ], [ -112.172123, 40.085061 ], [ -112.171852, 40.085339 ], [ -112.17141, 40.085551 ], [ -112.17127, 40.085547 ], [ -112.171093, 40.085522 ], [ -112.170734, 40.085472 ], [ -112.170282, 40.085458 ], [ -112.169878, 40.085497 ], [ -112.169534, 40.085579 ], [ -112.169172, 40.085686 ], [ -112.168792, 40.085744 ], [ -112.168399, 40.085776 ], [ -112.168113, 40.085845 ], [ -112.167858, 40.085889 ], [ -112.16757, 40.08599 ], [ -112.167255, 40.086093 ], [ -112.16707, 40.086201 ], [ -112.166935, 40.08628 ], [ -112.166681, 40.086468 ], [ -112.166305, 40.086746 ], [ -112.165965, 40.087055 ], [ -112.165715, 40.08727 ], [ -112.165407, 40.087536 ], [ -112.165148, 40.087717 ], [ -112.164856, 40.087801 ], [ -112.164528, 40.087827 ], [ -112.164276, 40.087826 ], [ -112.164118, 40.087827 ], [ -112.163594, 40.087738 ], [ -112.16313, 40.087661 ], [ -112.16276, 40.087647 ], [ -112.162502, 40.087649 ], [ -112.162075, 40.087663 ], [ -112.161606, 40.087703 ], [ -112.161137, 40.087753 ], [ -112.160774, 40.087802 ], [ -112.160413, 40.087909 ], [ -112.160063, 40.088057 ], [ -112.159674, 40.088268 ], [ -112.15936, 40.088415 ], [ -112.158935, 40.088595 ], [ -112.158616, 40.088712 ], [ -112.158567, 40.08874 ], [ -112.158369, 40.088842 ], [ -112.158271, 40.088892 ], [ -112.157946, 40.089107 ], [ -112.157779, 40.089293 ], [ -112.157767, 40.089331 ], [ -112.157712, 40.089501 ], [ -112.15771, 40.089554 ], [ -112.157704, 40.08969 ], [ -112.157725, 40.089928 ], [ -112.157767, 40.090329 ], [ -112.157777, 40.090495 ], [ -112.157792, 40.090734 ], [ -112.157797, 40.090825 ], [ -112.157808, 40.091018 ], [ -112.157802, 40.091356 ], [ -112.157814, 40.091689 ], [ -112.157793, 40.091987 ], [ -112.157785, 40.09209 ], [ -112.157696, 40.092334 ], [ -112.157641, 40.092596 ], [ -112.157627, 40.092658 ], [ -112.157618, 40.092722 ], [ -112.157606, 40.092858 ], [ -112.157632, 40.093087 ], [ -112.157649, 40.093362 ], [ -112.157617, 40.093934 ], [ -112.157592, 40.09416 ], [ -112.157589, 40.094336 ], [ -112.157594, 40.094633 ], [ -112.15758, 40.094836 ], [ -112.157554, 40.095061 ], [ -112.157545, 40.095232 ], [ -112.15754, 40.095299 ], [ -112.157543, 40.095433 ], [ -112.15749, 40.095641 ], [ -112.157428, 40.095854 ], [ -112.157417, 40.095902 ], [ -112.157377, 40.096003 ], [ -112.157271, 40.096329 ], [ -112.157205, 40.096577 ], [ -112.157196, 40.096636 ], [ -112.157178, 40.096753 ], [ -112.157173, 40.09705 ], [ -112.157189, 40.097291 ], [ -112.157187, 40.097378 ], [ -112.157183, 40.097561 ], [ -112.157178, 40.097759 ], [ -112.157157, 40.097912 ], [ -112.15715, 40.097948 ], [ -112.15712, 40.098169 ], [ -112.157014, 40.09849 ], [ -112.15693, 40.098663 ], [ -112.156906, 40.098712 ], [ -112.15668, 40.098863 ], [ -112.156353, 40.098925 ], [ -112.156061, 40.098955 ], [ -112.155775, 40.099079 ], [ -112.155485, 40.099226 ], [ -112.155278, 40.099348 ], [ -112.155188, 40.0994 ], [ -112.154958, 40.099691 ], [ -112.154844, 40.099946 ], [ -112.154788, 40.100071 ], [ -112.154716, 40.100238 ], [ -112.154602, 40.100496 ], [ -112.154505, 40.100677 ], [ -112.154387, 40.100939 ], [ -112.154291, 40.101211 ], [ -112.154244, 40.101522 ], [ -112.154232, 40.101865 ], [ -112.154289, 40.102135 ], [ -112.154271, 40.102446 ], [ -112.154188, 40.102708 ], [ -112.154044, 40.10288 ], [ -112.153958, 40.102954 ], [ -112.153836, 40.103097 ], [ -112.153701, 40.103149 ], [ -112.15351, 40.10325 ], [ -112.153254, 40.10337 ], [ -112.152965, 40.103621 ], [ -112.152846, 40.103717 ], [ -112.152743, 40.103808 ], [ -112.152479, 40.103995 ], [ -112.152271, 40.10424 ], [ -112.152196, 40.104312 ], [ -112.152035, 40.104467 ], [ -112.151844, 40.104645 ], [ -112.151561, 40.104887 ], [ -112.151521, 40.104916 ], [ -112.151296, 40.105078 ], [ -112.151124, 40.105242 ], [ -112.15105, 40.105291 ], [ -112.150984, 40.105498 ], [ -112.151, 40.105708 ], [ -112.151105, 40.106004 ], [ -112.151154, 40.106161 ], [ -112.151088, 40.106432 ], [ -112.151039, 40.106775 ], [ -112.151038, 40.106785 ], [ -112.150978, 40.106949 ], [ -112.150926, 40.107131 ], [ -112.150892, 40.107298 ], [ -112.151018, 40.107472 ], [ -112.151197, 40.107614 ], [ -112.151415, 40.107693 ], [ -112.151751, 40.107771 ], [ -112.152064, 40.107886 ], [ -112.152347, 40.107986 ], [ -112.152592, 40.108089 ], [ -112.152613, 40.108097 ], [ -112.152883, 40.108162 ], [ -112.153171, 40.108183 ], [ -112.153336, 40.108189 ], [ -112.153642, 40.108249 ], [ -112.153942, 40.108327 ], [ -112.154166, 40.108402 ], [ -112.154367, 40.108484 ], [ -112.154654, 40.108611 ], [ -112.15467, 40.108617 ], [ -112.154882, 40.108746 ], [ -112.155015, 40.108952 ], [ -112.155103, 40.109293 ], [ -112.155104, 40.109447 ], [ -112.155114, 40.109668 ], [ -112.155249, 40.109848 ], [ -112.155344, 40.10995 ], [ -112.155484, 40.110043 ], [ -112.155584, 40.110189 ], [ -112.155666, 40.110318 ], [ -112.155775, 40.110528 ], [ -112.15584, 40.11065 ], [ -112.155914, 40.110793 ], [ -112.155961, 40.111152 ], [ -112.155897, 40.111523 ], [ -112.155827, 40.111848 ], [ -112.155838, 40.112163 ], [ -112.155812, 40.112264 ], [ -112.155788, 40.112363 ], [ -112.155766, 40.112452 ], [ -112.155752, 40.112664 ], [ -112.155796, 40.112803 ], [ -112.155947, 40.113058 ], [ -112.156157, 40.113291 ], [ -112.156317, 40.113397 ], [ -112.156883, 40.113712 ], [ -112.157012, 40.113819 ], [ -112.157057, 40.113844 ], [ -112.157259, 40.114005 ], [ -112.157414, 40.114098 ], [ -112.157573, 40.114137 ], [ -112.157705, 40.114143 ], [ -112.157813, 40.114148 ], [ -112.157851, 40.114141 ], [ -112.158053, 40.114105 ], [ -112.158114, 40.114096 ], [ -112.158334, 40.114075 ], [ -112.158598, 40.114072 ], [ -112.158839, 40.114089 ], [ -112.159092, 40.114094 ], [ -112.159205, 40.114106 ], [ -112.159634, 40.114163 ], [ -112.159812, 40.114196 ], [ -112.15983, 40.114198 ], [ -112.159962, 40.114239 ], [ -112.160086, 40.11424 ], [ -112.160179, 40.114241 ], [ -112.160279, 40.114243 ], [ -112.160361, 40.114243 ], [ -112.160525, 40.114224 ], [ -112.160688, 40.114192 ], [ -112.160813, 40.114238 ], [ -112.160859, 40.114321 ], [ -112.16095, 40.114714 ], [ -112.161035, 40.115285 ], [ -112.161114, 40.115579 ], [ -112.161126, 40.115888 ], [ -112.161154, 40.116181 ], [ -112.161176, 40.116601 ], [ -112.161283, 40.116908 ], [ -112.161451, 40.117122 ], [ -112.161656, 40.117327 ], [ -112.161686, 40.117364 ], [ -112.161913, 40.117517 ], [ -112.162092, 40.117663 ], [ -112.162365, 40.117832 ], [ -112.162636, 40.117946 ], [ -112.16291, 40.118082 ], [ -112.162973, 40.118116 ], [ -112.163316, 40.118229 ], [ -112.163605, 40.118353 ], [ -112.163817, 40.118468 ], [ -112.164032, 40.118583 ], [ -112.164123, 40.118695 ], [ -112.164169, 40.118749 ], [ -112.16422, 40.118977 ], [ -112.164242, 40.119193 ], [ -112.164222, 40.119428 ], [ -112.164192, 40.119725 ], [ -112.164185, 40.1199 ], [ -112.16418, 40.12005 ], [ -112.164192, 40.120138 ], [ -112.164243, 40.120275 ], [ -112.16425, 40.1207 ], [ -112.164274, 40.120789 ], [ -112.164295, 40.121071 ], [ -112.16429, 40.121457 ], [ -112.164257, 40.121676 ], [ -112.164189, 40.121889 ], [ -112.164161, 40.122026 ], [ -112.16415, 40.1221 ], [ -112.164016, 40.122475 ], [ -112.163868, 40.122733 ], [ -112.16374, 40.122934 ], [ -112.163644, 40.123108 ], [ -112.163614, 40.123189 ], [ -112.16365, 40.12336 ], [ -112.163731, 40.123442 ], [ -112.163856, 40.123473 ], [ -112.164031, 40.123555 ], [ -112.164177, 40.123658 ], [ -112.164352, 40.123752 ], [ -112.16446, 40.123882 ], [ -112.164604, 40.124029 ], [ -112.165055, 40.12434 ], [ -112.165364, 40.124488 ], [ -112.165595, 40.124588 ], [ -112.165672, 40.124625 ], [ -112.166061, 40.12494 ], [ -112.166613, 40.125326 ], [ -112.166812, 40.125405 ], [ -112.166991, 40.125484 ], [ -112.167275, 40.125711 ], [ -112.167413, 40.125872 ], [ -112.167558, 40.126082 ], [ -112.167642, 40.126212 ], [ -112.167749, 40.126314 ], [ -112.168181, 40.126508 ], [ -112.168405, 40.126596 ], [ -112.168758, 40.126712 ], [ -112.169286, 40.126843 ], [ -112.170054, 40.126932 ], [ -112.17046, 40.126949 ], [ -112.170853, 40.126977 ], [ -112.171347, 40.127008 ], [ -112.171782, 40.127093 ], [ -112.1721, 40.127162 ], [ -112.172568, 40.127369 ], [ -112.17281, 40.127484 ], [ -112.17297, 40.127549 ], [ -112.173255, 40.127763 ], [ -112.173464, 40.127973 ], [ -112.173684, 40.128191 ], [ -112.173828, 40.128343 ], [ -112.17399, 40.12853 ], [ -112.174274, 40.128721 ], [ -112.174577, 40.128884 ], [ -112.174776, 40.129167 ], [ -112.17485, 40.129342 ], [ -112.174856, 40.129679 ], [ -112.17486, 40.129702 ], [ -112.174887, 40.129859 ], [ -112.174996, 40.130025 ], [ -112.175067, 40.130146 ], [ -112.17526, 40.130288 ], [ -112.175466, 40.130412 ], [ -112.17559, 40.13046 ], [ -112.175748, 40.130539 ], [ -112.175899, 40.13064 ], [ -112.176101, 40.130806 ], [ -112.176251, 40.130999 ], [ -112.176269, 40.131037 ], [ -112.176324, 40.131155 ], [ -112.176322, 40.131372 ], [ -112.176269, 40.131496 ], [ -112.176249, 40.131544 ], [ -112.176175, 40.131689 ], [ -112.176055, 40.131807 ], [ -112.175874, 40.131953 ], [ -112.175712, 40.132099 ], [ -112.175536, 40.132407 ], [ -112.17544, 40.132651 ], [ -112.175379, 40.132859 ], [ -112.175186, 40.133221 ], [ -112.175049, 40.133434 ], [ -112.17489, 40.133594 ], [ -112.17487, 40.133616 ], [ -112.174661, 40.13378 ], [ -112.17433, 40.133978 ], [ -112.173947, 40.134189 ], [ -112.173674, 40.13439 ], [ -112.173387, 40.134681 ], [ -112.173231, 40.134908 ], [ -112.17306, 40.135251 ], [ -112.17302, 40.135328 ], [ -112.172898, 40.135668 ], [ -112.172798, 40.135971 ], [ -112.172757, 40.136322 ], [ -112.172774, 40.136369 ], [ -112.172843, 40.136551 ], [ -112.173024, 40.136763 ], [ -112.173088, 40.136837 ], [ -112.173209, 40.137039 ], [ -112.173228, 40.13739 ], [ -112.173163, 40.137737 ], [ -112.172982, 40.138144 ], [ -112.17283, 40.138533 ], [ -112.172667, 40.138972 ], [ -112.172619, 40.139225 ], [ -112.172698, 40.139491 ], [ -112.172781, 40.139782 ], [ -112.172779, 40.140011 ], [ -112.172655, 40.140297 ], [ -112.172586, 40.140524 ], [ -112.172555, 40.140622 ], [ -112.172419, 40.140898 ], [ -112.172236, 40.141197 ], [ -112.172092, 40.14137 ], [ -112.171919, 40.141525 ], [ -112.171684, 40.141758 ], [ -112.171382, 40.142061 ], [ -112.171215, 40.142253 ], [ -112.170886, 40.142589 ], [ -112.170528, 40.142792 ], [ -112.170247, 40.142892 ], [ -112.169939, 40.143059 ], [ -112.169812, 40.143276 ], [ -112.169766, 40.143473 ], [ -112.169703, 40.143759 ], [ -112.169691, 40.144061 ], [ -112.169651, 40.144253 ], [ -112.169642, 40.144296 ], [ -112.169478, 40.144631 ], [ -112.169406, 40.14469 ], [ -112.169339, 40.144745 ], [ -112.169048, 40.144896 ], [ -112.16878, 40.145034 ], [ -112.168545, 40.145365 ], [ -112.168408, 40.145587 ], [ -112.168178, 40.14586 ], [ -112.168011, 40.146073 ], [ -112.167998, 40.146094 ], [ -112.167862, 40.146291 ], [ -112.16785, 40.146346 ], [ -112.167769, 40.146666 ], [ -112.167815, 40.146922 ], [ -112.16793, 40.147137 ], [ -112.168274, 40.147359 ], [ -112.168613, 40.147611 ], [ -112.168922, 40.147795 ], [ -112.169206, 40.147958 ], [ -112.169602, 40.148111 ], [ -112.169945, 40.148257 ], [ -112.170687, 40.148411 ], [ -112.170954, 40.148553 ], [ -112.171273, 40.148703 ], [ -112.171341, 40.148757 ], [ -112.171523, 40.148912 ], [ -112.171556, 40.148949 ], [ -112.171739, 40.149147 ], [ -112.171818, 40.149269 ], [ -112.171874, 40.149388 ], [ -112.171933, 40.149533 ], [ -112.172024, 40.149704 ], [ -112.172099, 40.149982 ], [ -112.17215, 40.150216 ], [ -112.17215, 40.15059 ], [ -112.17225, 40.15089 ], [ -112.172406, 40.151087 ], [ -112.172597, 40.151284 ], [ -112.172734, 40.151431 ], [ -112.172921, 40.151695 ], [ -112.173149, 40.152301 ], [ -112.173258, 40.152497 ], [ -112.173413, 40.152762 ], [ -112.173523, 40.153002 ], [ -112.173559, 40.153109 ], [ -112.173628, 40.153311 ], [ -112.173811, 40.1536 ], [ -112.173961, 40.153797 ], [ -112.174007, 40.15404 ], [ -112.173993, 40.154288 ], [ -112.17395, 40.154491 ], [ -112.173894, 40.154685 ], [ -112.173763, 40.154916 ], [ -112.173557, 40.155198 ], [ -112.173461, 40.15529 ], [ -112.173412, 40.155337 ], [ -112.173343, 40.155403 ], [ -112.173076, 40.155585 ], [ -112.172659, 40.155882 ], [ -112.172567, 40.155949 ], [ -112.172357, 40.156102 ], [ -112.172161, 40.156279 ], [ -112.171865, 40.156476 ], [ -112.171517, 40.156727 ], [ -112.170942, 40.157103 ], [ -112.170599, 40.157309 ], [ -112.170268, 40.157542 ], [ -112.169822, 40.157853 ], [ -112.169345, 40.158105 ], [ -112.169048, 40.158287 ], [ -112.168932, 40.158357 ], [ -112.168708, 40.158486 ], [ -112.168628, 40.158536 ], [ -112.168375, 40.158732 ], [ -112.167755, 40.159211 ], [ -112.167664, 40.15929 ], [ -112.16735, 40.159553 ], [ -112.166963, 40.159931 ], [ -112.166552, 40.160296 ], [ -112.166096, 40.160724 ], [ -112.16565, 40.161093 ], [ -112.165456, 40.161235 ], [ -112.165064, 40.161522 ], [ -112.164624, 40.161865 ], [ -112.164409, 40.161975 ], [ -112.163963, 40.162015 ], [ -112.163676, 40.162014 ], [ -112.163272, 40.16207 ], [ -112.162827, 40.162132 ], [ -112.162809, 40.162135 ], [ -112.162288, 40.162275 ], [ -112.161821, 40.16242 ], [ -112.161219, 40.162551 ], [ -112.160868, 40.162618 ], [ -112.160358, 40.162682 ], [ -112.160023, 40.162725 ], [ -112.159643, 40.162786 ], [ -112.159301, 40.16292 ], [ -112.159177, 40.162973 ], [ -112.158888, 40.163241 ], [ -112.158685, 40.163387 ], [ -112.158571, 40.163606 ], [ -112.158465, 40.163944 ], [ -112.15841, 40.16417 ], [ -112.158264, 40.164532 ], [ -112.158197, 40.164758 ], [ -112.1582, 40.16492 ], [ -112.158105, 40.165187 ], [ -112.158071, 40.165282 ], [ -112.157968, 40.165404 ], [ -112.157868, 40.165508 ], [ -112.157719, 40.165664 ], [ -112.157494, 40.165855 ], [ -112.157338, 40.165992 ], [ -112.157071, 40.166197 ], [ -112.156774, 40.166362 ], [ -112.156524, 40.166468 ], [ -112.156408, 40.166501 ], [ -112.156215, 40.166625 ], [ -112.15611, 40.166689 ], [ -112.156047, 40.16673 ], [ -112.15596, 40.166843 ], [ -112.155898, 40.166952 ], [ -112.155841, 40.167047 ], [ -112.155766, 40.167239 ], [ -112.155741, 40.167391 ], [ -112.155727, 40.167634 ], [ -112.155689, 40.167828 ], [ -112.155669, 40.167995 ], [ -112.155588, 40.168077 ], [ -112.155484, 40.168155 ], [ -112.155373, 40.168209 ], [ -112.15521, 40.168319 ], [ -112.15513, 40.168451 ], [ -112.155079, 40.168551 ], [ -112.155128, 40.168676 ], [ -112.155195, 40.168811 ], [ -112.155285, 40.168972 ], [ -112.155383, 40.169147 ], [ -112.155528, 40.169393 ], [ -112.155704, 40.169706 ], [ -112.155783, 40.169904 ], [ -112.155874, 40.170056 ], [ -112.155899, 40.170168 ], [ -112.155872, 40.170263 ], [ -112.155849, 40.170327 ], [ -112.155797, 40.170381 ], [ -112.155745, 40.170409 ], [ -112.155576, 40.170492 ], [ -112.155383, 40.170507 ], [ -112.155084, 40.170582 ], [ -112.154908, 40.170601 ], [ -112.154616, 40.170654 ], [ -112.154306, 40.170739 ], [ -112.154043, 40.170822 ], [ -112.153755, 40.17088 ], [ -112.153702, 40.170891 ], [ -112.153341, 40.170964 ], [ -112.153054, 40.171039 ], [ -112.152729, 40.171213 ], [ -112.152286, 40.171452 ], [ -112.152046, 40.171527 ], [ -112.151722, 40.171565 ], [ -112.151543, 40.171586 ], [ -112.151309, 40.171593 ], [ -112.150986, 40.171617 ], [ -112.150391, 40.171652 ], [ -112.150077, 40.171695 ], [ -112.149994, 40.171686 ], [ -112.149906, 40.171676 ], [ -112.149759, 40.171658 ], [ -112.149494, 40.171606 ], [ -112.149107, 40.171587 ], [ -112.148695, 40.171614 ], [ -112.148537, 40.171643 ], [ -112.148336, 40.171605 ], [ -112.148315, 40.1716 ], [ -112.147683, 40.1715 ], [ -112.147532, 40.171441 ], [ -112.147363, 40.171354 ], [ -112.147331, 40.171335 ], [ -112.147173, 40.171198 ], [ -112.146883, 40.171059 ], [ -112.146872, 40.171052 ], [ -112.1466, 40.170955 ], [ -112.146329, 40.170917 ], [ -112.145935, 40.170903 ], [ -112.145701, 40.170959 ], [ -112.145515, 40.171074 ], [ -112.145394, 40.171169 ], [ -112.145244, 40.171328 ], [ -112.145018, 40.171466 ], [ -112.144988, 40.171497 ], [ -112.144751, 40.171716 ], [ -112.144628, 40.172087 ], [ -112.144551, 40.17238 ], [ -112.144498, 40.172599 ], [ -112.144468, 40.172761 ], [ -112.144432, 40.173014 ], [ -112.144383, 40.173249 ], [ -112.144387, 40.173487 ], [ -112.144466, 40.173589 ], [ -112.144495, 40.173626 ], [ -112.144655, 40.1737 ], [ -112.144891, 40.173762 ], [ -112.144991, 40.173782 ], [ -112.145092, 40.17379 ], [ -112.145168, 40.173799 ], [ -112.145433, 40.173874 ], [ -112.145484, 40.173883 ], [ -112.145659, 40.17393 ], [ -112.145758, 40.173954 ], [ -112.145841, 40.17403 ], [ -112.145908, 40.174146 ], [ -112.14598, 40.174276 ], [ -112.146006, 40.174398 ], [ -112.146021, 40.174614 ], [ -112.146031, 40.174803 ], [ -112.14605, 40.175006 ], [ -112.146061, 40.175235 ], [ -112.146058, 40.175501 ], [ -112.146059, 40.175666 ], [ -112.146166, 40.175799 ], [ -112.146237, 40.175896 ], [ -112.146409, 40.176015 ], [ -112.14647, 40.176186 ], [ -112.146574, 40.176387 ], [ -112.146599, 40.176518 ], [ -112.146628, 40.176819 ], [ -112.146606, 40.176887 ], [ -112.146662, 40.177103 ], [ -112.146739, 40.177343 ], [ -112.146824, 40.177607 ], [ -112.14686, 40.177687 ], [ -112.146856, 40.177817 ], [ -112.146817, 40.177921 ], [ -112.146765, 40.178079 ], [ -112.146727, 40.178174 ], [ -112.146712, 40.17835 ], [ -112.146889, 40.178384 ], [ -112.147112, 40.17836 ], [ -112.147166, 40.178357 ], [ -112.147305, 40.178355 ], [ -112.147486, 40.17834 ], [ -112.147709, 40.178275 ], [ -112.147863, 40.178241 ], [ -112.148113, 40.17819 ], [ -112.14823, 40.178164 ], [ -112.148418, 40.178167 ], [ -112.148653, 40.178205 ], [ -112.148803, 40.178242 ], [ -112.148961, 40.178301 ], [ -112.149126, 40.178371 ], [ -112.149369, 40.178486 ], [ -112.1498, 40.178635 ], [ -112.150396, 40.1788 ], [ -112.150621, 40.178861 ], [ -112.151009, 40.17892 ], [ -112.151532, 40.178946 ], [ -112.152067, 40.178983 ], [ -112.152302, 40.178986 ], [ -112.152568, 40.179001 ], [ -112.152614, 40.179008 ], [ -112.152679, 40.179021 ], [ -112.15275, 40.179056 ], [ -112.152811, 40.179195 ], [ -112.152807, 40.179326 ], [ -112.152833, 40.179474 ], [ -112.152855, 40.179722 ], [ -112.152846, 40.179906 ], [ -112.152863, 40.180213 ], [ -112.152878, 40.180388 ], [ -112.153038, 40.180857 ], [ -112.153106, 40.180998 ], [ -112.153179, 40.181196 ], [ -112.153214, 40.181305 ], [ -112.153272, 40.181488 ], [ -112.153323, 40.181685 ], [ -112.153361, 40.181847 ], [ -112.153373, 40.182158 ], [ -112.153329, 40.182398 ], [ -112.153279, 40.182573 ], [ -112.153173, 40.182885 ], [ -112.153066, 40.183184 ], [ -112.15297, 40.183401 ], [ -112.152851, 40.183636 ], [ -112.152737, 40.183835 ], [ -112.152607, 40.184166 ], [ -112.152506, 40.184405 ], [ -112.152386, 40.184623 ], [ -112.152276, 40.184754 ], [ -112.152158, 40.184825 ], [ -112.152038, 40.184892 ], [ -112.151787, 40.184994 ], [ -112.15163, 40.185054 ], [ -112.15125, 40.185193 ], [ -112.151041, 40.185307 ], [ -112.150931, 40.185399 ], [ -112.150815, 40.185517 ], [ -112.150742, 40.185693 ], [ -112.150701, 40.185977 ], [ -112.150692, 40.186212 ], [ -112.150616, 40.186613 ], [ -112.150578, 40.186785 ], [ -112.150583, 40.187068 ], [ -112.150638, 40.187217 ], [ -112.150613, 40.187433 ], [ -112.150499, 40.187682 ], [ -112.150339, 40.187846 ], [ -112.150176, 40.187983 ], [ -112.149707, 40.188262 ], [ -112.149675, 40.18828 ], [ -112.149022, 40.188548 ], [ -112.148718, 40.188628 ], [ -112.148448, 40.188656 ], [ -112.148228, 40.188653 ], [ -112.148172, 40.188651 ], [ -112.147991, 40.188685 ], [ -112.147746, 40.188786 ], [ -112.147589, 40.1889 ], [ -112.147409, 40.189037 ], [ -112.147101, 40.18919 ], [ -112.146951, 40.189362 ], [ -112.146871, 40.189488 ], [ -112.146838, 40.189655 ], [ -112.146867, 40.189683 ], [ -112.146876, 40.18969 ], [ -112.146918, 40.189723 ], [ -112.147254, 40.189922 ], [ -112.147402, 40.189997 ], [ -112.147716, 40.190165 ], [ -112.147947, 40.190284 ], [ -112.148077, 40.190333 ], [ -112.148142, 40.190351 ], [ -112.148418, 40.190412 ], [ -112.148696, 40.190479 ], [ -112.148714, 40.190484 ], [ -112.148727, 40.190509 ], [ -112.148739, 40.190534 ], [ -112.148775, 40.190605 ], [ -112.148785, 40.190843 ], [ -112.148426, 40.191491 ], [ -112.148419, 40.191802 ], [ -112.148462, 40.191896 ], [ -112.148577, 40.191966 ], [ -112.148867, 40.19218 ], [ -112.148926, 40.192265 ], [ -112.148941, 40.192463 ], [ -112.148881, 40.192784 ], [ -112.148783, 40.193181 ], [ -112.148747, 40.193492 ], [ -112.148689, 40.193853 ], [ -112.14867, 40.19416 ], [ -112.14866, 40.194606 ], [ -112.148731, 40.194897 ], [ -112.148561, 40.195355 ], [ -112.1486, 40.195539 ], [ -112.14862, 40.195678 ], [ -112.14888, 40.195766 ], [ -112.149197, 40.195798 ], [ -112.149497, 40.195833 ], [ -112.149768, 40.195844 ], [ -112.149933, 40.195912 ], [ -112.150004, 40.195941 ], [ -112.150195, 40.196074 ], [ -112.150562, 40.196278 ], [ -112.150734, 40.196366 ], [ -112.150909, 40.196464 ], [ -112.15106, 40.196548 ], [ -112.151404, 40.196702 ], [ -112.151828, 40.196819 ], [ -112.15205, 40.196864 ], [ -112.152324, 40.196918 ], [ -112.152543, 40.196972 ], [ -112.152655, 40.19701 ], [ -112.15303, 40.197039 ], [ -112.15306, 40.19704 ], [ -112.153142, 40.19705 ], [ -112.153466, 40.197109 ], [ -112.153838, 40.197191 ], [ -112.154169, 40.197332 ], [ -112.154505, 40.19741 ], [ -112.154923, 40.197451 ], [ -112.155211, 40.197457 ], [ -112.155427, 40.197401 ], [ -112.155556, 40.197368 ], [ -112.155848, 40.197239 ], [ -112.155881, 40.197224 ], [ -112.156049, 40.19716 ], [ -112.156162, 40.197096 ], [ -112.156431, 40.19699 ], [ -112.156636, 40.19697 ], [ -112.156962, 40.197015 ], [ -112.157435, 40.197179 ], [ -112.158037, 40.197329 ], [ -112.15873, 40.197592 ], [ -112.159208, 40.197814 ], [ -112.159501, 40.197991 ], [ -112.159705, 40.198155 ], [ -112.160002, 40.198462 ], [ -112.160367, 40.198778 ], [ -112.160399, 40.198849 ], [ -112.160479, 40.199096 ], [ -112.160499, 40.199245 ], [ -112.160361, 40.199417 ], [ -112.160218, 40.199653 ], [ -112.160064, 40.199875 ], [ -112.159897, 40.20008 ], [ -112.159776, 40.200261 ], [ -112.159668, 40.200442 ], [ -112.159557, 40.200634 ], [ -112.159365, 40.200959 ], [ -112.159078, 40.201309 ], [ -112.158881, 40.201495 ], [ -112.158725, 40.201668 ], [ -112.158366, 40.201978 ], [ -112.158169, 40.202137 ], [ -112.158022, 40.202246 ], [ -112.157928, 40.202315 ], [ -112.157695, 40.202588 ], [ -112.157596, 40.202705 ], [ -112.157471, 40.202852 ], [ -112.157322, 40.203065 ], [ -112.157242, 40.203232 ], [ -112.157253, 40.203282 ], [ -112.15728, 40.203413 ], [ -112.157325, 40.203637 ], [ -112.157336, 40.203912 ], [ -112.157423, 40.204177 ], [ -112.157466, 40.204284 ], [ -112.157563, 40.204495 ], [ -112.157698, 40.204831 ], [ -112.157791, 40.20511 ], [ -112.157885, 40.205429 ], [ -112.157904, 40.205546 ], [ -112.157985, 40.205815 ], [ -112.158006, 40.205863 ], [ -112.158114, 40.206107 ], [ -112.158216, 40.206281 ], [ -112.158324, 40.206366 ], [ -112.158472, 40.206531 ], [ -112.158581, 40.206629 ], [ -112.158541, 40.206719 ], [ -112.158366, 40.206789 ], [ -112.158231, 40.206822 ], [ -112.158038, 40.206868 ], [ -112.157971, 40.206888 ], [ -112.157917, 40.206904 ], [ -112.157834, 40.206929 ], [ -112.157763, 40.206939 ], [ -112.157614, 40.207116 ], [ -112.157476, 40.207294 ], [ -112.157343, 40.207448 ], [ -112.157118, 40.207666 ], [ -112.156788, 40.207971 ], [ -112.156494, 40.208294 ], [ -112.156379, 40.208421 ], [ -112.156118, 40.208627 ], [ -112.155699, 40.208865 ], [ -112.155468, 40.208959 ], [ -112.155413, 40.208993 ], [ -112.154962, 40.209169 ], [ -112.1545, 40.20928 ], [ -112.154237, 40.209337 ], [ -112.154041, 40.209446 ], [ -112.153929, 40.209571 ], [ -112.15384, 40.20969 ], [ -112.153787, 40.209767 ], [ -112.153665, 40.209872 ], [ -112.153497, 40.209991 ], [ -112.153299, 40.210087 ], [ -112.153124, 40.210174 ], [ -112.152855, 40.210245 ], [ -112.152656, 40.210269 ], [ -112.152541, 40.210306 ], [ -112.152449, 40.210341 ], [ -112.15183, 40.210529 ], [ -112.151674, 40.210573 ], [ -112.1512, 40.210704 ], [ -112.150843, 40.210798 ], [ -112.150525, 40.210987 ], [ -112.150475, 40.211008 ], [ -112.150371, 40.21111 ], [ -112.15028, 40.211321 ], [ -112.150207, 40.211466 ], [ -112.150188, 40.211527 ], [ -112.150133, 40.21156 ], [ -112.150081, 40.211606 ], [ -112.149895, 40.211702 ], [ -112.149761, 40.211762 ], [ -112.149621, 40.211853 ], [ -112.1495, 40.212004 ], [ -112.149486, 40.212174 ], [ -112.149582, 40.212317 ], [ -112.149684, 40.212411 ], [ -112.149892, 40.212572 ], [ -112.150152, 40.212646 ], [ -112.150418, 40.21276 ], [ -112.150672, 40.212821 ], [ -112.150795, 40.212855 ], [ -112.15085, 40.212958 ], [ -112.150829, 40.213098 ], [ -112.150819, 40.213215 ], [ -112.150844, 40.213305 ], [ -112.150893, 40.213399 ], [ -112.151024, 40.21347 ], [ -112.151124, 40.213514 ], [ -112.151279, 40.213607 ], [ -112.15158, 40.213781 ], [ -112.151913, 40.213943 ], [ -112.152127, 40.214072 ], [ -112.152359, 40.214196 ], [ -112.15254, 40.214327 ], [ -112.152708, 40.214403 ], [ -112.153323, 40.214603 ], [ -112.153599, 40.214638 ], [ -112.154023, 40.214697 ], [ -112.15443, 40.214747 ], [ -112.154743, 40.214843 ], [ -112.154939, 40.215003 ], [ -112.15503, 40.215147 ], [ -112.15505, 40.215286 ], [ -112.155015, 40.215406 ], [ -112.154974, 40.215512 ], [ -112.154947, 40.215542 ], [ -112.154941, 40.215551 ], [ -112.154857, 40.215708 ], [ -112.154713, 40.215863 ], [ -112.154533, 40.216022 ], [ -112.154359, 40.21615 ], [ -112.154081, 40.216365 ], [ -112.153872, 40.216543 ], [ -112.153839, 40.216571 ], [ -112.153672, 40.216836 ], [ -112.153568, 40.217296 ], [ -112.15349, 40.217549 ], [ -112.153457, 40.217685 ], [ -112.153457, 40.217701 ], [ -112.15346, 40.217838 ], [ -112.153544, 40.217972 ], [ -112.15367, 40.218093 ], [ -112.153848, 40.218217 ], [ -112.154143, 40.218304 ], [ -112.154386, 40.218423 ], [ -112.154594, 40.218561 ], [ -112.155025, 40.21866 ], [ -112.15536, 40.21876 ], [ -112.155716, 40.218856 ], [ -112.156135, 40.218924 ], [ -112.156495, 40.219055 ], [ -112.156714, 40.219166 ], [ -112.15675, 40.219211 ], [ -112.156823, 40.219331 ], [ -112.156889, 40.219403 ], [ -112.156944, 40.219404 ], [ -112.156996, 40.219406 ], [ -112.157096, 40.219356 ], [ -112.157151, 40.219288 ], [ -112.157162, 40.219242 ], [ -112.15719, 40.21917 ], [ -112.157226, 40.219102 ], [ -112.157339, 40.218948 ], [ -112.157466, 40.218834 ], [ -112.157676, 40.218715 ], [ -112.158079, 40.218491 ], [ -112.158274, 40.218367 ], [ -112.158519, 40.218188 ], [ -112.15884, 40.218005 ], [ -112.159183, 40.217866 ], [ -112.159657, 40.217731 ], [ -112.159803, 40.217685 ], [ -112.160177, 40.217568 ], [ -112.160498, 40.217416 ], [ -112.160708, 40.217333 ], [ -112.161117, 40.217176 ], [ -112.161397, 40.217083 ], [ -112.161449, 40.217073 ], [ -112.161481, 40.217068 ], [ -112.161532, 40.217059 ], [ -112.161815, 40.217116 ], [ -112.162057, 40.217193 ], [ -112.162318, 40.217344 ], [ -112.162539, 40.217554 ], [ -112.162669, 40.217674 ], [ -112.16276, 40.217758 ], [ -112.162974, 40.217918 ], [ -112.163212, 40.218083 ], [ -112.163509, 40.218237 ], [ -112.163724, 40.218361 ], [ -112.163952, 40.218413 ], [ -112.164005, 40.218416 ], [ -112.164129, 40.218425 ], [ -112.164352, 40.218391 ], [ -112.164649, 40.218284 ], [ -112.165046, 40.218133 ], [ -112.165357, 40.218028 ], [ -112.165648, 40.217923 ], [ -112.165999, 40.217852 ], [ -112.166236, 40.217894 ], [ -112.166417, 40.217973 ], [ -112.166602, 40.218022 ], [ -112.166933, 40.218149 ], [ -112.167224, 40.218326 ], [ -112.167437, 40.218468 ], [ -112.167749, 40.218816 ], [ -112.167933, 40.218918 ], [ -112.168379, 40.219184 ], [ -112.168698, 40.219307 ], [ -112.168876, 40.219409 ], [ -112.168961, 40.219538 ], [ -112.168992, 40.219637 ], [ -112.168963, 40.219766 ], [ -112.168891, 40.219903 ], [ -112.168782, 40.220099 ], [ -112.168483, 40.220694 ], [ -112.168407, 40.220872 ], [ -112.168369, 40.221165 ], [ -112.168366, 40.221245 ], [ -112.168362, 40.221347 ], [ -112.168396, 40.221472 ], [ -112.168408, 40.221582 ], [ -112.168441, 40.221708 ], [ -112.168527, 40.221854 ], [ -112.168621, 40.222028 ], [ -112.16884, 40.222292 ], [ -112.169073, 40.222523 ], [ -112.169415, 40.222795 ], [ -112.169603, 40.222977 ], [ -112.169686, 40.223064 ], [ -112.16981, 40.223169 ], [ -112.170066, 40.223356 ], [ -112.1702, 40.223589 ], [ -112.170214, 40.223624 ], [ -112.170286, 40.223804 ], [ -112.170329, 40.223988 ], [ -112.170355, 40.224083 ], [ -112.170388, 40.224299 ], [ -112.170411, 40.224578 ], [ -112.170426, 40.224812 ], [ -112.170473, 40.225158 ], [ -112.170524, 40.225387 ], [ -112.170539, 40.225567 ], [ -112.170575, 40.225694 ], [ -112.170595, 40.22572 ], [ -112.170803, 40.225876 ], [ -112.171189, 40.225899 ], [ -112.171509, 40.225918 ], [ -112.17195, 40.225923 ], [ -112.172292, 40.225981 ], [ -112.172777, 40.226171 ], [ -112.173144, 40.226298 ], [ -112.17351, 40.226411 ], [ -112.173758, 40.22649 ], [ -112.174133, 40.226587 ], [ -112.174354, 40.226632 ], [ -112.174483, 40.226613 ], [ -112.174565, 40.226603 ], [ -112.174882, 40.226573 ], [ -112.175052, 40.226553 ], [ -112.175067, 40.22655 ], [ -112.175122, 40.226547 ], [ -112.175245, 40.226521 ], [ -112.175416, 40.226542 ], [ -112.175559, 40.22664 ], [ -112.175667, 40.226796 ], [ -112.175754, 40.226916 ], [ -112.175842, 40.227038 ], [ -112.176033, 40.227234 ], [ -112.176301, 40.227439 ], [ -112.176527, 40.227603 ], [ -112.17657, 40.227634 ], [ -112.176642, 40.227685 ], [ -112.176688, 40.227717 ], [ -112.176803, 40.227891 ], [ -112.176807, 40.227901 ], [ -112.176847, 40.228049 ], [ -112.176868, 40.228247 ], [ -112.176849, 40.228654 ], [ -112.17683, 40.228903 ], [ -112.176789, 40.229112 ], [ -112.17678, 40.229351 ], [ -112.176806, 40.229478 ], [ -112.176898, 40.229948 ], [ -112.176929, 40.230035 ], [ -112.177056, 40.230178 ], [ -112.177344, 40.230487 ], [ -112.177471, 40.230595 ], [ -112.177498, 40.230611 ], [ -112.177805, 40.230791 ], [ -112.178108, 40.230982 ], [ -112.178341, 40.231154 ], [ -112.178399, 40.231198 ], [ -112.178429, 40.231221 ], [ -112.178614, 40.231359 ], [ -112.178725, 40.231407 ], [ -112.179035, 40.231535 ], [ -112.179189, 40.231606 ], [ -112.179351, 40.231784 ], [ -112.179471, 40.231977 ], [ -112.179591, 40.232097 ], [ -112.179684, 40.232226 ], [ -112.179693, 40.23224 ], [ -112.179723, 40.232358 ], [ -112.179738, 40.23242 ], [ -112.179754, 40.232668 ], [ -112.179753, 40.232856 ], [ -112.179753, 40.232885 ], [ -112.179705, 40.23324 ], [ -112.179726, 40.233456 ], [ -112.179767, 40.233726 ], [ -112.179766, 40.233795 ], [ -112.179764, 40.233947 ], [ -112.179742, 40.234026 ], [ -112.179676, 40.234254 ], [ -112.179582, 40.234606 ], [ -112.179545, 40.234855 ], [ -112.179474, 40.235148 ], [ -112.179419, 40.235455 ], [ -112.179367, 40.235774 ], [ -112.179372, 40.236077 ], [ -112.17932, 40.236465 ], [ -112.17932, 40.236799 ], [ -112.179315, 40.237213 ], [ -112.179291, 40.237484 ], [ -112.17927, 40.237722 ], [ -112.179252, 40.237934 ], [ -112.179231, 40.238092 ], [ -112.17919, 40.238315 ], [ -112.179172, 40.238417 ], [ -112.17917, 40.238553 ], [ -112.179164, 40.23866 ], [ -112.179151, 40.238908 ], [ -112.179174, 40.2392 ], [ -112.179181, 40.239295 ], [ -112.179186, 40.239453 ], [ -112.179176, 40.239591 ], [ -112.179179, 40.239707 ], [ -112.179167, 40.239831 ], [ -112.179156, 40.239992 ], [ -112.179139, 40.240228 ], [ -112.179117, 40.240589 ], [ -112.179096, 40.240823 ], [ -112.179047, 40.241031 ], [ -112.179007, 40.24124 ], [ -112.178998, 40.241306 ], [ -112.178982, 40.241381 ], [ -112.178968, 40.241463 ], [ -112.178956, 40.241536 ], [ -112.178935, 40.241721 ], [ -112.178907, 40.241873 ], [ -112.178898, 40.241924 ], [ -112.178856, 40.242231 ], [ -112.178854, 40.242461 ], [ -112.178877, 40.242776 ], [ -112.178923, 40.24305 ], [ -112.178971, 40.243469 ], [ -112.179016, 40.243714 ], [ -112.179009, 40.243959 ], [ -112.179012, 40.244135 ], [ -112.179035, 40.244396 ], [ -112.179006, 40.244722 ], [ -112.17914, 40.244999 ], [ -112.179169, 40.245069 ], [ -112.17922, 40.245195 ], [ -112.17928, 40.245441 ], [ -112.17933, 40.245642 ], [ -112.179409, 40.245957 ], [ -112.179389, 40.246292 ], [ -112.179384, 40.246496 ], [ -112.179355, 40.24692 ], [ -112.179374, 40.247019 ], [ -112.1794, 40.247144 ], [ -112.179417, 40.2472 ], [ -112.179469, 40.247387 ], [ -112.179595, 40.247575 ], [ -112.179651, 40.247741 ], [ -112.179667, 40.247975 ], [ -112.179617, 40.248232 ], [ -112.179589, 40.24834 ], [ -112.179564, 40.248463 ], [ -112.179487, 40.248639 ], [ -112.179466, 40.248687 ], [ -112.179448, 40.248729 ], [ -112.179403, 40.248831 ], [ -112.179388, 40.248865 ], [ -112.179279, 40.249074 ], [ -112.179277, 40.249204 ], [ -112.179326, 40.249365 ], [ -112.179384, 40.249391 ], [ -112.179499, 40.249444 ], [ -112.179534, 40.24946 ], [ -112.179571, 40.249464 ], [ -112.179734, 40.24948 ], [ -112.17997, 40.249509 ], [ -112.180181, 40.249489 ], [ -112.180312, 40.249474 ], [ -112.180568, 40.249472 ], [ -112.180615, 40.249484 ], [ -112.180686, 40.24949 ], [ -112.181045, 40.249539 ], [ -112.181494, 40.249626 ], [ -112.181728, 40.249682 ], [ -112.181751, 40.249683 ], [ -112.181854, 40.249709 ], [ -112.182172, 40.249702 ], [ -112.182705, 40.2497 ], [ -112.182824, 40.2497 ], [ -112.183089, 40.249702 ], [ -112.183911, 40.249963 ], [ -112.183947, 40.250016 ], [ -112.184107, 40.250239 ], [ -112.18423, 40.250409 ], [ -112.184317, 40.250579 ], [ -112.184391, 40.250745 ], [ -112.184521, 40.251035 ], [ -112.184522, 40.251095 ], [ -112.184535, 40.251253 ], [ -112.184523, 40.251348 ], [ -112.184502, 40.251484 ], [ -112.184458, 40.251665 ], [ -112.184384, 40.251819 ], [ -112.184179, 40.2521 ], [ -112.184163, 40.252121 ], [ -112.183981, 40.252305 ], [ -112.183766, 40.252487 ], [ -112.183602, 40.252647 ], [ -112.183344, 40.252992 ], [ -112.183309, 40.253173 ], [ -112.183294, 40.25329 ], [ -112.183288, 40.253344 ], [ -112.183367, 40.253541 ], [ -112.183494, 40.253742 ], [ -112.18368, 40.254263 ], [ -112.183843, 40.254608 ], [ -112.183945, 40.255002 ], [ -112.184062, 40.25534 ], [ -112.184055, 40.255575 ], [ -112.183984, 40.255841 ], [ -112.183813, 40.256176 ], [ -112.183665, 40.256471 ], [ -112.183518, 40.256775 ], [ -112.183518, 40.256792 ], [ -112.183515, 40.256931 ], [ -112.183511, 40.257121 ], [ -112.183517, 40.257149 ], [ -112.183537, 40.257401 ], [ -112.183639, 40.257599 ], [ -112.183668, 40.257769 ], [ -112.183843, 40.258132 ], [ -112.183968, 40.258229 ], [ -112.184123, 40.2583 ], [ -112.184198, 40.258334 ], [ -112.184678, 40.258558 ], [ -112.185339, 40.258701 ], [ -112.185637, 40.258762 ], [ -112.185829, 40.258809 ], [ -112.186237, 40.258944 ], [ -112.186575, 40.259098 ], [ -112.186822, 40.259286 ], [ -112.186885, 40.259338 ], [ -112.187261, 40.259663 ], [ -112.187416, 40.259767 ], [ -112.187564, 40.259863 ], [ -112.187836, 40.2601 ], [ -112.187958, 40.260206 ], [ -112.188286, 40.260463 ], [ -112.188514, 40.260712 ], [ -112.188621, 40.260833 ], [ -112.188971, 40.261114 ], [ -112.189158, 40.261265 ], [ -112.18923, 40.261328 ], [ -112.189332, 40.261417 ], [ -112.189461, 40.261532 ], [ -112.189571, 40.261661 ], [ -112.189803, 40.261869 ], [ -112.190034, 40.26211 ], [ -112.190057, 40.262166 ], [ -112.190153, 40.262327 ], [ -112.190288, 40.26266 ], [ -112.19045, 40.262811 ], [ -112.190706, 40.263011 ], [ -112.19111, 40.263227 ], [ -112.191313, 40.263419 ], [ -112.191588, 40.263628 ], [ -112.191792, 40.263887 ], [ -112.191867, 40.263987 ], [ -112.192086, 40.264276 ], [ -112.192196, 40.2645 ], [ -112.1922, 40.264566 ], [ -112.192205, 40.264649 ], [ -112.192213, 40.264761 ], [ -112.192212, 40.264818 ], [ -112.19221, 40.264892 ], [ -112.19212, 40.265167 ], [ -112.192027, 40.265321 ], [ -112.191997, 40.26547 ], [ -112.19198, 40.265561 ], [ -112.191976, 40.265729 ], [ -112.191973, 40.26584 ], [ -112.192042, 40.266137 ], [ -112.192244, 40.266382 ], [ -112.192259, 40.2664 ], [ -112.192441, 40.266704 ], [ -112.192561, 40.266866 ], [ -112.192602, 40.267194 ], [ -112.192631, 40.267449 ], [ -112.192653, 40.267793 ], [ -112.192672, 40.268148 ], [ -112.192695, 40.268468 ], [ -112.192817, 40.26871 ], [ -112.192898, 40.268939 ], [ -112.192837, 40.269034 ], [ -112.192754, 40.269165 ], [ -112.192655, 40.269233 ], [ -112.192633, 40.269248 ], [ -112.192498, 40.269317 ], [ -112.192382, 40.269382 ], [ -112.192288, 40.269467 ], [ -112.192184, 40.269562 ], [ -112.192103, 40.269636 ], [ -112.191965, 40.269768 ], [ -112.191712, 40.2701 ], [ -112.191724, 40.270493 ], [ -112.191725, 40.270569 ], [ -112.191748, 40.270856 ], [ -112.191813, 40.271112 ], [ -112.191788, 40.271414 ], [ -112.191692, 40.271627 ], [ -112.191466, 40.271823 ], [ -112.191388, 40.271861 ], [ -112.191221, 40.271942 ], [ -112.191126, 40.271985 ], [ -112.191047, 40.272021 ], [ -112.190883, 40.272095 ], [ -112.190578, 40.27217 ], [ -112.190329, 40.27238 ], [ -112.19004, 40.272657 ], [ -112.189798, 40.272885 ], [ -112.189547, 40.273068 ], [ -112.189257, 40.273323 ], [ -112.189161, 40.273424 ], [ -112.189146, 40.27344 ], [ -112.18905, 40.273541 ], [ -112.189064, 40.273694 ], [ -112.189079, 40.273847 ], [ -112.189084, 40.273931 ], [ -112.189095, 40.27409 ], [ -112.189102, 40.274153 ], [ -112.189129, 40.274355 ], [ -112.189083, 40.274652 ], [ -112.189087, 40.27479 ], [ -112.189078, 40.274883 ], [ -112.189004, 40.275263 ], [ -112.188992, 40.275448 ], [ -112.188976, 40.275677 ], [ -112.189, 40.276069 ], [ -112.189007, 40.276148 ], [ -112.189022, 40.27633 ], [ -112.189028, 40.27665 ], [ -112.189015, 40.276938 ], [ -112.189001, 40.277016 ], [ -112.188967, 40.2772 ], [ -112.188849, 40.277494 ], [ -112.188765, 40.277742 ], [ -112.188718, 40.278072 ], [ -112.188666, 40.27846 ], [ -112.188572, 40.278835 ], [ -112.188406, 40.279444 ], [ -112.188473, 40.279649 ], [ -112.188506, 40.279754 ], [ -112.188598, 40.279996 ], [ -112.188713, 40.280175 ], [ -112.188876, 40.28039 ], [ -112.188996, 40.280546 ], [ -112.189202, 40.280797 ], [ -112.189291, 40.280899 ], [ -112.189319, 40.281156 ], [ -112.189277, 40.281441 ], [ -112.189234, 40.281645 ], [ -112.189107, 40.281869 ], [ -112.188964, 40.282096 ], [ -112.188798, 40.282296 ], [ -112.188676, 40.282446 ], [ -112.188527, 40.282654 ], [ -112.188372, 40.282872 ], [ -112.188205, 40.283086 ], [ -112.188114, 40.283258 ], [ -112.188074, 40.28365 ], [ -112.188067, 40.283911 ], [ -112.188097, 40.284128 ], [ -112.188108, 40.28421 ], [ -112.188165, 40.284478 ], [ -112.188218, 40.284775 ], [ -112.188214, 40.284947 ], [ -112.188211, 40.28505 ], [ -112.188344, 40.285296 ], [ -112.188445, 40.285367 ], [ -112.188474, 40.285433 ], [ -112.188439, 40.285702 ], [ -112.188052, 40.28607 ], [ -112.187978, 40.286099 ], [ -112.187818, 40.286162 ], [ -112.187665, 40.28625 ], [ -112.187589, 40.286294 ], [ -112.187294, 40.286456 ], [ -112.18721, 40.286462 ], [ -112.187, 40.286475 ], [ -112.186689, 40.286516 ], [ -112.186659, 40.28652 ], [ -112.186502, 40.286603 ], [ -112.186482, 40.286649 ], [ -112.18645, 40.286729 ], [ -112.186477, 40.286772 ], [ -112.186495, 40.286858 ], [ -112.186528, 40.286896 ], [ -112.186562, 40.286939 ], [ -112.186583, 40.286987 ], [ -112.186609, 40.287044 ], [ -112.186648, 40.287091 ], [ -112.186706, 40.28716 ], [ -112.186863, 40.287379 ], [ -112.186984, 40.287558 ], [ -112.187199, 40.287772 ], [ -112.187263, 40.287906 ], [ -112.187353, 40.288183 ], [ -112.187356, 40.288193 ], [ -112.18738, 40.288297 ], [ -112.187458, 40.288454 ], [ -112.187606, 40.288709 ], [ -112.187719, 40.288897 ], [ -112.187871, 40.289162 ], [ -112.188031, 40.289365 ], [ -112.188228, 40.289757 ], [ -112.18833, 40.290046 ], [ -112.188425, 40.290284 ], [ -112.188438, 40.290319 ], [ -112.188461, 40.290602 ], [ -112.188446, 40.290626 ], [ -112.188405, 40.290701 ], [ -112.188352, 40.290796 ], [ -112.188324, 40.29086 ], [ -112.188295, 40.290927 ], [ -112.188239, 40.291049 ], [ -112.188136, 40.291177 ], [ -112.18798, 40.2913 ], [ -112.18781, 40.291442 ], [ -112.187643, 40.291578 ], [ -112.187441, 40.291833 ], [ -112.18739, 40.291956 ], [ -112.187356, 40.292036 ], [ -112.187394, 40.292144 ], [ -112.187412, 40.292156 ], [ -112.187434, 40.292171 ], [ -112.187507, 40.292219 ], [ -112.187598, 40.292367 ], [ -112.187694, 40.29251 ], [ -112.187776, 40.292802 ], [ -112.187809, 40.292996 ], [ -112.187841, 40.293225 ], [ -112.187886, 40.293396 ], [ -112.187914, 40.293657 ], [ -112.187928, 40.293744 ], [ -112.187947, 40.293864 ], [ -112.18812, 40.293974 ], [ -112.188195, 40.294014 ], [ -112.188244, 40.294041 ], [ -112.188405, 40.294143 ], [ -112.188702, 40.294279 ], [ -112.188721, 40.294315 ], [ -112.188736, 40.294339 ], [ -112.188811, 40.294458 ], [ -112.188943, 40.294659 ], [ -112.189047, 40.294818 ], [ -112.189219, 40.295072 ], [ -112.189236, 40.295097 ], [ -112.189388, 40.29526 ], [ -112.189503, 40.295369 ], [ -112.1897, 40.295558 ], [ -112.190005, 40.295812 ], [ -112.19008, 40.295946 ], [ -112.190146, 40.296059 ], [ -112.190154, 40.296089 ], [ -112.190214, 40.296318 ], [ -112.190173, 40.296442 ], [ -112.19015, 40.296484 ], [ -112.190026, 40.296612 ], [ -112.189856, 40.296781 ], [ -112.189779, 40.296998 ], [ -112.189707, 40.29726 ], [ -112.189502, 40.297654 ], [ -112.18945, 40.298033 ], [ -112.189437, 40.298219 ], [ -112.189428, 40.298568 ], [ -112.189431, 40.298623 ], [ -112.189536, 40.298924 ], [ -112.189639, 40.299094 ], [ -112.189737, 40.299305 ], [ -112.189768, 40.29952 ], [ -112.189791, 40.299687 ], [ -112.189795, 40.299953 ], [ -112.189799, 40.300142 ], [ -112.189938, 40.300366 ], [ -112.190107, 40.300603 ], [ -112.190414, 40.300982 ], [ -112.190625, 40.301282 ], [ -112.190781, 40.301479 ], [ -112.191027, 40.301755 ], [ -112.191231, 40.301983 ], [ -112.191399, 40.302152 ], [ -112.19161, 40.302425 ], [ -112.191681, 40.302542 ], [ -112.191767, 40.302681 ], [ -112.191852, 40.302828 ], [ -112.19187, 40.303184 ], [ -112.191983, 40.303565 ], [ -112.192034, 40.30379 ], [ -112.19208, 40.3041 ], [ -112.192148, 40.304157 ], [ -112.192192, 40.304195 ], [ -112.192302, 40.304287 ], [ -112.192431, 40.304327 ], [ -112.192633, 40.304364 ], [ -112.192727, 40.304382 ], [ -112.192921, 40.304448 ], [ -112.19295, 40.304459 ], [ -112.193089, 40.304513 ], [ -112.193135, 40.304531 ], [ -112.193188, 40.304555 ], [ -112.193341, 40.304618 ], [ -112.193349, 40.304629 ], [ -112.193475, 40.304799 ], [ -112.193748, 40.305013 ], [ -112.193756, 40.305024 ], [ -112.194024, 40.305242 ], [ -112.194166, 40.305336 ], [ -112.19456, 40.305597 ], [ -112.19494, 40.305778 ], [ -112.195273, 40.305964 ], [ -112.195585, 40.306171 ], [ -112.195611, 40.306183 ], [ -112.195754, 40.306216 ], [ -112.195955, 40.306281 ], [ -112.19628, 40.306377 ], [ -112.196508, 40.306408 ], [ -112.196601, 40.306415 ], [ -112.196641, 40.306418 ], [ -112.196679, 40.306426 ], [ -112.197, 40.306494 ], [ -112.197063, 40.306523 ], [ -112.19716, 40.306575 ], [ -112.197462, 40.306689 ], [ -112.197628, 40.306732 ], [ -112.197689, 40.306736 ], [ -112.197875, 40.306748 ], [ -112.198112, 40.306807 ], [ -112.198605, 40.306915 ], [ -112.198566, 40.306983 ], [ -112.198544, 40.307022 ], [ -112.198493, 40.307058 ], [ -112.198348, 40.307226 ], [ -112.198285, 40.307304 ], [ -112.198164, 40.307458 ], [ -112.198048, 40.307563 ], [ -112.197933, 40.307717 ], [ -112.197909, 40.307753 ], [ -112.197784, 40.307939 ], [ -112.197646, 40.30808 ], [ -112.19749, 40.308339 ], [ -112.197384, 40.308579 ], [ -112.197352, 40.308804 ], [ -112.197387, 40.309115 ], [ -112.197462, 40.309339 ], [ -112.197513, 40.309631 ], [ -112.197553, 40.309862 ], [ -112.197623, 40.310139 ], [ -112.197638, 40.310379 ], [ -112.19765, 40.310414 ], [ -112.197749, 40.310575 ], [ -112.19794, 40.310744 ], [ -112.198119, 40.310985 ], [ -112.198213, 40.311219 ], [ -112.198246, 40.311332 ], [ -112.198273, 40.311458 ], [ -112.198353, 40.311575 ], [ -112.19841, 40.311659 ], [ -112.198428, 40.311703 ], [ -112.198456, 40.311968 ], [ -112.198504, 40.312306 ], [ -112.198498, 40.312426 ], [ -112.198485, 40.312648 ], [ -112.198462, 40.313013 ], [ -112.19837, 40.313451 ], [ -112.197943, 40.314231 ], [ -112.197705, 40.314769 ], [ -112.197613, 40.314991 ], [ -112.197532, 40.315152 ], [ -112.197483, 40.315405 ], [ -112.197442, 40.31552 ], [ -112.197454, 40.315862 ], [ -112.197481, 40.316082 ], [ -112.197362, 40.316336 ], [ -112.19712, 40.316604 ], [ -112.197092, 40.316639 ], [ -112.197083, 40.316662 ], [ -112.19706, 40.316723 ], [ -112.197046, 40.31676 ], [ -112.197007, 40.316865 ], [ -112.196781, 40.317106 ], [ -112.196698, 40.317144 ], [ -112.19654, 40.317216 ], [ -112.196449, 40.317258 ], [ -112.196005, 40.317446 ], [ -112.195615, 40.317488 ], [ -112.195165, 40.317559 ], [ -112.195023, 40.317543 ], [ -112.194835, 40.317522 ], [ -112.194595, 40.317579 ], [ -112.194368, 40.317733 ], [ -112.194351, 40.317744 ], [ -112.194329, 40.317759 ], [ -112.194298, 40.31778 ], [ -112.194181, 40.317878 ], [ -112.194113, 40.317935 ], [ -112.193858, 40.318168 ], [ -112.1938, 40.318233 ], [ -112.193702, 40.318345 ], [ -112.193555, 40.318684 ], [ -112.193427, 40.319118 ], [ -112.193434, 40.319519 ], [ -112.193531, 40.319644 ], [ -112.193578, 40.319711 ], [ -112.193654, 40.319813 ], [ -112.193662, 40.320061 ], [ -112.193629, 40.320228 ], [ -112.193574, 40.320459 ], [ -112.193464, 40.320884 ], [ -112.193398, 40.321105 ], [ -112.1932, 40.321602 ], [ -112.193138, 40.321802 ], [ -112.193077, 40.322038 ], [ -112.192896, 40.322366 ], [ -112.19281, 40.322503 ], [ -112.192714, 40.322715 ], [ -112.192682, 40.322891 ], [ -112.192713, 40.323031 ], [ -112.192763, 40.323146 ], [ -112.192848, 40.323327 ], [ -112.192889, 40.323369 ], [ -112.192986, 40.323473 ], [ -112.193369, 40.323806 ], [ -112.193751, 40.324106 ], [ -112.193971, 40.324238 ], [ -112.194026, 40.324263 ], [ -112.194164, 40.324327 ], [ -112.194328, 40.324401 ], [ -112.194728, 40.324633 ], [ -112.194871, 40.324705 ], [ -112.195176, 40.324821 ], [ -112.195484, 40.324957 ], [ -112.195663, 40.325108 ], [ -112.195793, 40.325233 ], [ -112.195927, 40.325362 ], [ -112.196009, 40.325449 ], [ -112.196113, 40.325559 ], [ -112.196233, 40.325693 ], [ -112.196276, 40.325836 ], [ -112.196185, 40.326017 ], [ -112.195991, 40.326161 ], [ -112.195933, 40.326199 ], [ -112.195709, 40.326347 ], [ -112.195487, 40.326434 ], [ -112.195335, 40.326495 ], [ -112.195305, 40.326501 ], [ -112.195276, 40.326506 ], [ -112.19486, 40.32659 ], [ -112.194707, 40.326636 ], [ -112.19455, 40.326682 ], [ -112.194403, 40.326725 ], [ -112.194094, 40.326917 ], [ -112.193975, 40.327083 ], [ -112.193916, 40.327163 ], [ -112.193888, 40.327248 ], [ -112.193832, 40.327411 ], [ -112.193788, 40.327569 ], [ -112.193674, 40.327796 ], [ -112.193609, 40.327855 ], [ -112.193483, 40.327969 ], [ -112.193268, 40.328121 ], [ -112.193251, 40.328133 ], [ -112.193209, 40.328164 ], [ -112.193018, 40.328305 ], [ -112.192861, 40.328421 ], [ -112.192676, 40.328513 ], [ -112.192412, 40.328642 ], [ -112.191975, 40.328872 ], [ -112.191562, 40.329112 ], [ -112.19106, 40.32939 ], [ -112.190768, 40.329515 ], [ -112.190445, 40.329589 ], [ -112.190212, 40.329642 ], [ -112.189547, 40.329734 ], [ -112.189114, 40.329861 ], [ -112.188798, 40.329945 ], [ -112.188481, 40.330038 ], [ -112.188036, 40.330146 ], [ -112.187762, 40.330245 ], [ -112.187556, 40.330316 ], [ -112.187439, 40.330353 ], [ -112.187259, 40.33041 ], [ -112.186685, 40.330638 ], [ -112.186435, 40.33073 ], [ -112.186299, 40.33076 ], [ -112.185904, 40.330867 ], [ -112.185504, 40.330992 ], [ -112.185487, 40.330997 ], [ -112.185199, 40.331092 ], [ -112.185148, 40.331109 ], [ -112.185078, 40.331132 ], [ -112.184771, 40.331247 ], [ -112.184722, 40.331261 ], [ -112.184572, 40.331317 ], [ -112.184045, 40.331503 ], [ -112.183566, 40.331701 ], [ -112.183216, 40.331867 ], [ -112.182794, 40.331943 ], [ -112.18265, 40.331959 ], [ -112.182482, 40.331978 ], [ -112.182053, 40.332014 ], [ -112.181836, 40.332048 ], [ -112.181713, 40.332067 ], [ -112.181271, 40.33204 ], [ -112.180946, 40.331976 ], [ -112.180658, 40.331988 ], [ -112.180276, 40.332037 ], [ -112.179935, 40.332135 ], [ -112.179686, 40.332308 ], [ -112.179397, 40.332568 ], [ -112.179141, 40.332772 ], [ -112.178925, 40.332885 ], [ -112.178661, 40.333046 ], [ -112.178327, 40.333206 ], [ -112.178122, 40.333306 ], [ -112.177892, 40.33339 ], [ -112.177432, 40.333642 ], [ -112.177199, 40.333817 ], [ -112.176998, 40.334093 ], [ -112.176762, 40.334374 ], [ -112.176507, 40.334616 ], [ -112.176427, 40.334655 ], [ -112.176145, 40.334777 ], [ -112.175958, 40.334896 ], [ -112.175717, 40.335236 ], [ -112.175576, 40.335647 ], [ -112.175533, 40.335837 ], [ -112.175582, 40.335967 ], [ -112.175679, 40.336083 ], [ -112.175845, 40.336154 ], [ -112.176339, 40.3365 ], [ -112.176485, 40.336697 ], [ -112.176619, 40.337006 ], [ -112.176822, 40.33719 ], [ -112.177, 40.337255 ], [ -112.177151, 40.337474 ], [ -112.177316, 40.337737 ], [ -112.177443, 40.338016 ], [ -112.177655, 40.33837 ], [ -112.177771, 40.338607 ], [ -112.177993, 40.338853 ], [ -112.178175, 40.339025 ], [ -112.178426, 40.339371 ], [ -112.178625, 40.339621 ], [ -112.178819, 40.339997 ], [ -112.178854, 40.340145 ], [ -112.178895, 40.340227 ], [ -112.178939, 40.340392 ], [ -112.178984, 40.340754 ], [ -112.179037, 40.341046 ], [ -112.17907, 40.341252 ], [ -112.179128, 40.341476 ], [ -112.179291, 40.341718 ], [ -112.179513, 40.341981 ], [ -112.179749, 40.342317 ], [ -112.179899, 40.342518 ], [ -112.180146, 40.34284 ], [ -112.18039, 40.343315 ], [ -112.180632, 40.3437 ], [ -112.180741, 40.343843 ], [ -112.180814, 40.344253 ], [ -112.180852, 40.344495 ], [ -112.180873, 40.344652 ], [ -112.181067, 40.344992 ], [ -112.181132, 40.345325 ], [ -112.181219, 40.345594 ], [ -112.181297, 40.345751 ], [ -112.181366, 40.345885 ], [ -112.181686, 40.346072 ], [ -112.182008, 40.346266 ], [ -112.182399, 40.346416 ], [ -112.182637, 40.346575 ], [ -112.182736, 40.34664 ], [ -112.182762, 40.346652 ], [ -112.182858, 40.346714 ], [ -112.182913, 40.346749 ], [ -112.183079, 40.346895 ], [ -112.183167, 40.346972 ], [ -112.183247, 40.347032 ], [ -112.183349, 40.347109 ], [ -112.183456, 40.347189 ], [ -112.183519, 40.347231 ], [ -112.183701, 40.347353 ], [ -112.183902, 40.347438 ], [ -112.184076, 40.347512 ], [ -112.184233, 40.347553 ], [ -112.18428, 40.347557 ], [ -112.18433, 40.347579 ], [ -112.184646, 40.347645 ], [ -112.185083, 40.347996 ], [ -112.185097, 40.348019 ], [ -112.185239, 40.348252 ], [ -112.185343, 40.348489 ], [ -112.185419, 40.348772 ], [ -112.185526, 40.349288 ], [ -112.185666, 40.349765 ], [ -112.185807, 40.350057 ], [ -112.185851, 40.350236 ], [ -112.185874, 40.350555 ], [ -112.185949, 40.350794 ], [ -112.186037, 40.350901 ], [ -112.186052, 40.350916 ], [ -112.186312, 40.351157 ], [ -112.186471, 40.351365 ], [ -112.186687, 40.351583 ], [ -112.186695, 40.351591 ], [ -112.18682, 40.351758 ], [ -112.187004, 40.352271 ], [ -112.187095, 40.352521 ], [ -112.187641, 40.354031 ], [ -112.187766, 40.354379 ], [ -112.18784, 40.354531 ], [ -112.187984, 40.354714 ], [ -112.188076, 40.354885 ], [ -112.188247, 40.354956 ], [ -112.18846, 40.354984 ], [ -112.188695, 40.354973 ], [ -112.188998, 40.3551 ], [ -112.189189, 40.355242 ], [ -112.189328, 40.355529 ], [ -112.189348, 40.355589 ], [ -112.189407, 40.355686 ], [ -112.189532, 40.355999 ], [ -112.189561, 40.356142 ], [ -112.189685, 40.356345 ], [ -112.189771, 40.356572 ], [ -112.189994, 40.356829 ], [ -112.190198, 40.357057 ], [ -112.190538, 40.357296 ], [ -112.190962, 40.35763 ], [ -112.191152, 40.357731 ], [ -112.191468, 40.357931 ], [ -112.191868, 40.358259 ], [ -112.192156, 40.358581 ], [ -112.192824, 40.359079 ], [ -112.192968, 40.359199 ], [ -112.193224, 40.359336 ], [ -112.19345, 40.359518 ], [ -112.193737, 40.35971 ], [ -112.193987, 40.359869 ], [ -112.194139, 40.360142 ], [ -112.194249, 40.360359 ], [ -112.194335, 40.360599 ], [ -112.19438, 40.360788 ], [ -112.194329, 40.360928 ], [ -112.194272, 40.361028 ], [ -112.194251, 40.361177 ], [ -112.194293, 40.361194 ], [ -112.194358, 40.361221 ], [ -112.194504, 40.361198 ], [ -112.194587, 40.361208 ], [ -112.194719, 40.36133 ], [ -112.194765, 40.361577 ], [ -112.194757, 40.361694 ], [ -112.194767, 40.36177 ], [ -112.194796, 40.361983 ], [ -112.194797, 40.362219 ], [ -112.194743, 40.362819 ], [ -112.194653, 40.363182 ], [ -112.194624, 40.363263 ], [ -112.194488, 40.363607 ], [ -112.19444, 40.363697 ], [ -112.194422, 40.363732 ], [ -112.194334, 40.363897 ], [ -112.194187, 40.364213 ], [ -112.194072, 40.36439 ], [ -112.193918, 40.364644 ], [ -112.193764, 40.364884 ], [ -112.193645, 40.365183 ], [ -112.193574, 40.365531 ], [ -112.193532, 40.365797 ], [ -112.193514, 40.366103 ], [ -112.193548, 40.366382 ], [ -112.193596, 40.366778 ], [ -112.193622, 40.367224 ], [ -112.193667, 40.367444 ], [ -112.193712, 40.36766 ], [ -112.193737, 40.367759 ], [ -112.193728, 40.367894 ], [ -112.193666, 40.36802 ], [ -112.193641, 40.368063 ], [ -112.193545, 40.368211 ], [ -112.193384, 40.368411 ], [ -112.193205, 40.368638 ], [ -112.192911, 40.368885 ], [ -112.19277, 40.369003 ], [ -112.192631, 40.369101 ], [ -112.19238, 40.369273 ], [ -112.192205, 40.369448 ], [ -112.192044, 40.369614 ], [ -112.191811, 40.369747 ], [ -112.191608, 40.369907 ], [ -112.191369, 40.370053 ], [ -112.191084, 40.370174 ], [ -112.190778, 40.370285 ], [ -112.190491, 40.370364 ], [ -112.190227, 40.370443 ], [ -112.190035, 40.370558 ], [ -112.189968, 40.37062 ], [ -112.18989, 40.370739 ], [ -112.189851, 40.370808 ], [ -112.18978, 40.371123 ], [ -112.189644, 40.371431 ], [ -112.189501, 40.371685 ], [ -112.189346, 40.371921 ], [ -112.189164, 40.372093 ], [ -112.188969, 40.372236 ], [ -112.188765, 40.372364 ], [ -112.188749, 40.372387 ], [ -112.188734, 40.372487 ], [ -112.188804, 40.37253 ], [ -112.188911, 40.372602 ], [ -112.189144, 40.372788 ], [ -112.189406, 40.372947 ], [ -112.189579, 40.373103 ], [ -112.189808, 40.37331 ], [ -112.189944, 40.373433 ], [ -112.190142, 40.373615 ], [ -112.190301, 40.373772 ], [ -112.190307, 40.37378 ], [ -112.190394, 40.373873 ], [ -112.19053, 40.374005 ], [ -112.190541, 40.374022 ], [ -112.190612, 40.374131 ], [ -112.190804, 40.374265 ], [ -112.190879, 40.374317 ], [ -112.191038, 40.374469 ], [ -112.191177, 40.374728 ], [ -112.191169, 40.3748 ], [ -112.191201, 40.3749 ], [ -112.19123, 40.374924 ], [ -112.191263, 40.375059 ], [ -112.191383, 40.375184 ], [ -112.191522, 40.375398 ], [ -112.19172, 40.375604 ], [ -112.191884, 40.375881 ], [ -112.191995, 40.376168 ], [ -112.192052, 40.37637 ], [ -112.192137, 40.376536 ], [ -112.192503, 40.376907 ], [ -112.192876, 40.37728 ], [ -112.192988, 40.377391 ], [ -112.193168, 40.377571 ], [ -112.193405, 40.377951 ], [ -112.193684, 40.378444 ], [ -112.193897, 40.378829 ], [ -112.194103, 40.379156 ], [ -112.194411, 40.379544 ], [ -112.194797, 40.379761 ], [ -112.195016, 40.37979 ], [ -112.195313, 40.379931 ], [ -112.195603, 40.380036 ], [ -112.195938, 40.380309 ], [ -112.196296, 40.380601 ], [ -112.196715, 40.38098 ], [ -112.196921, 40.381302 ], [ -112.197051, 40.381439 ], [ -112.197321, 40.381694 ], [ -112.197596, 40.381876 ], [ -112.198037, 40.38211 ], [ -112.198411, 40.382269 ], [ -112.19876, 40.382324 ], [ -112.199169, 40.382545 ], [ -112.199459, 40.382911 ], [ -112.199475, 40.382952 ], [ -112.199546, 40.38314 ], [ -112.199728, 40.383449 ], [ -112.20001, 40.383752 ], [ -112.200244, 40.383984 ], [ -112.200426, 40.384257 ], [ -112.200625, 40.38457 ], [ -112.200819, 40.384852 ], [ -112.200888, 40.385094 ], [ -112.200967, 40.38531 ], [ -112.201083, 40.385565 ], [ -112.201162, 40.385902 ], [ -112.201268, 40.386196 ], [ -112.201306, 40.386428 ], [ -112.201375, 40.387034 ], [ -112.201428, 40.387309 ], [ -112.20154, 40.387641 ], [ -112.201605, 40.387992 ], [ -112.201585, 40.388154 ], [ -112.201453, 40.38839 ], [ -112.201305, 40.388644 ], [ -112.201096, 40.388867 ], [ -112.200749, 40.389084 ], [ -112.200445, 40.389319 ], [ -112.200155, 40.389611 ], [ -112.199955, 40.389915 ], [ -112.199759, 40.390173 ], [ -112.199612, 40.390351 ], [ -112.199595, 40.390371 ], [ -112.199405, 40.390564 ], [ -112.199401, 40.390593 ], [ -112.199347, 40.390792 ], [ -112.19934, 40.390819 ], [ -112.199363, 40.390891 ], [ -112.199399, 40.390973 ], [ -112.199415, 40.391 ], [ -112.199432, 40.391028 ], [ -112.199475, 40.391101 ], [ -112.199591, 40.391357 ], [ -112.1996, 40.391492 ], [ -112.199603, 40.39155 ], [ -112.199617, 40.391586 ], [ -112.199691, 40.391865 ], [ -112.199695, 40.391953 ], [ -112.199705, 40.392115 ], [ -112.19968, 40.392404 ], [ -112.199663, 40.392751 ], [ -112.199635, 40.39313 ], [ -112.199549, 40.393599 ], [ -112.199408, 40.393883 ], [ -112.199324, 40.394076 ], [ -112.199231, 40.3943 ], [ -112.199153, 40.394558 ], [ -112.199147, 40.394896 ], [ -112.199189, 40.39521 ], [ -112.199218, 40.395287 ], [ -112.199343, 40.395624 ], [ -112.199466, 40.395929 ], [ -112.19959, 40.396274 ], [ -112.199747, 40.396502 ], [ -112.199782, 40.396566 ], [ -112.19985, 40.396699 ], [ -112.199932, 40.396876 ], [ -112.200012, 40.397158 ], [ -112.200051, 40.397356 ], [ -112.19999, 40.397807 ], [ -112.199971, 40.397871 ], [ -112.199871, 40.398127 ], [ -112.199698, 40.39839 ], [ -112.199487, 40.398715 ], [ -112.19931, 40.399052 ], [ -112.199165, 40.399252 ], [ -112.199028, 40.399442 ], [ -112.198716, 40.399824 ], [ -112.198658, 40.399893 ], [ -112.198566, 40.399996 ], [ -112.198497, 40.400101 ], [ -112.198494, 40.400254 ], [ -112.198588, 40.400541 ], [ -112.198633, 40.400791 ], [ -112.198615, 40.401081 ], [ -112.198743, 40.401296 ], [ -112.198947, 40.401515 ], [ -112.199155, 40.401986 ], [ -112.199183, 40.402103 ], [ -112.199232, 40.402318 ], [ -112.199379, 40.402637 ], [ -112.199424, 40.402726 ], [ -112.199489, 40.402856 ], [ -112.199701, 40.403151 ], [ -112.199783, 40.403246 ], [ -112.199815, 40.40329 ], [ -112.199854, 40.403497 ], [ -112.199847, 40.403584 ], [ -112.199814, 40.403911 ], [ -112.199732, 40.404232 ], [ -112.199692, 40.404642 ], [ -112.199644, 40.404927 ], [ -112.199585, 40.405279 ], [ -112.199513, 40.405536 ], [ -112.199478, 40.40565 ], [ -112.199435, 40.405789 ], [ -112.199222, 40.406062 ], [ -112.199166, 40.406224 ], [ -112.199046, 40.406415 ], [ -112.198942, 40.406578 ], [ -112.198804, 40.406769 ], [ -112.198675, 40.4071 ], [ -112.198565, 40.407495 ], [ -112.198558, 40.407519 ], [ -112.198486, 40.407772 ], [ -112.198417, 40.407958 ], [ -112.198379, 40.408061 ], [ -112.198332, 40.408391 ], [ -112.198249, 40.408698 ], [ -112.198285, 40.409098 ], [ -112.198401, 40.409268 ], [ -112.198556, 40.409403 ], [ -112.198671, 40.40955 ], [ -112.19867, 40.409603 ], [ -112.198666, 40.409804 ], [ -112.198686, 40.410145 ], [ -112.198709, 40.410437 ], [ -112.19868, 40.410547 ], [ -112.198679, 40.410662 ], [ -112.198601, 40.410942 ], [ -112.198528, 40.411109 ], [ -112.198362, 40.411386 ], [ -112.19824, 40.411653 ], [ -112.19809, 40.412006 ], [ -112.198052, 40.412105 ], [ -112.197994, 40.412245 ], [ -112.197842, 40.412643 ], [ -112.197771, 40.413022 ], [ -112.19776, 40.413154 ], [ -112.19778, 40.413338 ], [ -112.197808, 40.413696 ], [ -112.197839, 40.413928 ], [ -112.197885, 40.414138 ], [ -112.19791, 40.414595 ], [ -112.197907, 40.414869 ], [ -112.197912, 40.414932 ], [ -112.197861, 40.415049 ], [ -112.197769, 40.41518 ], [ -112.197605, 40.415326 ], [ -112.197444, 40.415472 ], [ -112.197265, 40.415654 ], [ -112.19698, 40.415882 ], [ -112.196823, 40.416004 ], [ -112.196544, 40.416233 ], [ -112.196325, 40.416488 ], [ -112.196151, 40.416674 ], [ -112.19598, 40.416811 ], [ -112.195891, 40.416931 ], [ -112.19567, 40.417165 ], [ -112.195551, 40.41734 ], [ -112.195407, 40.417673 ], [ -112.195188, 40.418111 ], [ -112.195104, 40.418347 ], [ -112.195077, 40.418561 ], [ -112.195071, 40.418842 ], [ -112.195095, 40.419387 ], [ -112.195096, 40.419501 ], [ -112.195083, 40.419592 ], [ -112.195029, 40.41985 ], [ -112.194979, 40.420256 ], [ -112.194958, 40.420308 ], [ -112.194917, 40.420547 ], [ -112.194793, 40.420823 ], [ -112.194724, 40.420959 ], [ -112.19467, 40.421062 ], [ -112.194639, 40.421109 ], [ -112.194669, 40.421176 ], [ -112.194746, 40.421207 ], [ -112.194865, 40.421237 ], [ -112.194982, 40.421254 ], [ -112.195249, 40.421314 ], [ -112.195534, 40.421419 ], [ -112.195759, 40.421552 ], [ -112.195916, 40.421669 ], [ -112.195956, 40.421709 ], [ -112.19606, 40.421811 ], [ -112.196345, 40.421966 ], [ -112.196735, 40.422254 ], [ -112.196986, 40.422517 ], [ -112.197183, 40.422686 ], [ -112.197476, 40.422931 ], [ -112.197739, 40.423131 ], [ -112.19805, 40.423389 ], [ -112.198105, 40.423514 ], [ -112.198222, 40.423783 ], [ -112.198309, 40.424035 ], [ -112.198415, 40.424335 ], [ -112.198462, 40.4247 ], [ -112.198535, 40.425064 ], [ -112.198604, 40.425356 ], [ -112.198636, 40.425531 ], [ -112.198656, 40.425657 ], [ -112.198798, 40.425679 ], [ -112.198964, 40.425713 ], [ -112.199279, 40.425889 ], [ -112.199636, 40.426034 ], [ -112.200022, 40.426242 ], [ -112.200284, 40.426356 ], [ -112.200587, 40.426515 ], [ -112.200827, 40.426646 ], [ -112.200969, 40.426758 ], [ -112.201452, 40.427106 ], [ -112.201565, 40.427201 ], [ -112.201726, 40.427319 ], [ -112.202013, 40.427474 ], [ -112.202401, 40.427735 ], [ -112.202527, 40.427892 ], [ -112.2026, 40.42799 ], [ -112.202823, 40.428205 ], [ -112.202995, 40.428364 ], [ -112.203241, 40.428569 ], [ -112.203421, 40.428761 ], [ -112.203559, 40.428909 ], [ -112.203774, 40.429072 ], [ -112.203978, 40.429264 ], [ -112.204128, 40.429393 ], [ -112.204277, 40.429505 ], [ -112.204462, 40.429647 ], [ -112.204686, 40.429932 ], [ -112.204736, 40.430094 ], [ -112.204745, 40.430301 ], [ -112.204778, 40.430481 ], [ -112.204821, 40.430597 ], [ -112.204825, 40.430805 ], [ -112.204869, 40.430935 ], [ -112.204901, 40.431074 ], [ -112.20499, 40.431141 ], [ -112.205244, 40.431156 ], [ -112.205564, 40.431234 ], [ -112.205905, 40.431283 ], [ -112.206356, 40.431365 ], [ -112.206593, 40.431422 ], [ -112.206724, 40.43151 ], [ -112.206837, 40.431545 ], [ -112.207061, 40.431529 ], [ -112.20725, 40.431514 ], [ -112.207502, 40.431533 ], [ -112.207887, 40.431638 ], [ -112.208327, 40.431718 ], [ -112.208526, 40.431743 ], [ -112.208781, 40.431849 ], [ -112.208869, 40.431883 ], [ -112.209274, 40.432042 ], [ -112.209418, 40.432158 ], [ -112.209525, 40.43226 ], [ -112.209559, 40.432338 ], [ -112.209562, 40.432352 ], [ -112.209541, 40.432457 ], [ -112.209521, 40.432749 ], [ -112.209485, 40.433068 ], [ -112.209407, 40.433342 ], [ -112.209365, 40.433578 ], [ -112.20936, 40.433815 ], [ -112.20936, 40.434167 ], [ -112.209375, 40.434443 ], [ -112.209494, 40.434582 ], [ -112.209611, 40.43482 ], [ -112.209619, 40.434839 ], [ -112.209677, 40.435115 ], [ -112.209654, 40.435475 ], [ -112.209718, 40.435767 ], [ -112.209719, 40.435791 ], [ -112.209733, 40.435965 ], [ -112.209861, 40.436166 ], [ -112.210021, 40.436566 ], [ -112.210068, 40.436648 ], [ -112.210198, 40.436875 ], [ -112.210229, 40.437097 ], [ -112.210245, 40.437141 ], [ -112.210329, 40.437615 ], [ -112.210457, 40.437975 ], [ -112.210473, 40.438004 ], [ -112.210604, 40.438487 ], [ -112.210735, 40.438882 ], [ -112.210759, 40.439241 ], [ -112.210831, 40.439634 ], [ -112.210813, 40.439888 ], [ -112.210842, 40.440237 ], [ -112.210844, 40.440381 ], [ -112.210924, 40.440556 ], [ -112.210978, 40.440609 ], [ -112.211121, 40.440716 ], [ -112.211196, 40.440762 ], [ -112.211331, 40.440845 ], [ -112.211669, 40.44103 ], [ -112.211795, 40.441154 ], [ -112.211893, 40.441271 ], [ -112.21202, 40.441499 ], [ -112.212113, 40.441791 ], [ -112.212279, 40.442123 ], [ -112.212292, 40.442235 ], [ -112.212596, 40.442723 ], [ -112.212688, 40.442938 ], [ -112.212739, 40.44315 ], [ -112.212738, 40.443397 ], [ -112.212736, 40.443608 ], [ -112.212734, 40.443861 ], [ -112.212732, 40.444046 ], [ -112.21277, 40.444181 ], [ -112.212872, 40.444297 ], [ -112.21298, 40.444413 ], [ -112.213096, 40.444605 ], [ -112.213171, 40.444798 ], [ -112.213167, 40.444996 ], [ -112.213123, 40.44518 ], [ -112.213119, 40.44525 ], [ -112.213059, 40.445508 ], [ -112.212939, 40.445739 ], [ -112.212808, 40.445943 ], [ -112.212774, 40.445966 ], [ -112.212686, 40.446078 ], [ -112.212675, 40.446164 ], [ -112.212725, 40.446267 ], [ -112.212791, 40.446365 ], [ -112.212859, 40.446545 ], [ -112.212867, 40.446671 ], [ -112.212865, 40.446794 ], [ -112.212848, 40.446914 ], [ -112.212825, 40.44717 ], [ -112.212797, 40.447343 ], [ -112.212766, 40.447568 ], [ -112.21277, 40.447802 ], [ -112.212825, 40.447946 ], [ -112.212865, 40.44818 ], [ -112.212847, 40.448477 ], [ -112.212822, 40.448743 ], [ -112.212818, 40.448865 ], [ -112.21281, 40.449036 ], [ -112.21289, 40.449215 ], [ -112.213071, 40.449466 ], [ -112.213163, 40.449629 ], [ -112.213225, 40.449771 ], [ -112.21335, 40.449982 ], [ -112.213453, 40.450209 ], [ -112.21346, 40.450363 ], [ -112.213416, 40.450593 ], [ -112.21332, 40.450837 ], [ -112.21338, 40.450956 ], [ -112.213399, 40.450994 ], [ -112.213484, 40.451119 ], [ -112.21358, 40.451217 ], [ -112.213852, 40.45157 ], [ -112.213977, 40.451641 ], [ -112.214079, 40.451739 ], [ -112.214118, 40.451951 ], [ -112.214178, 40.45231 ], [ -112.214168, 40.452428 ], [ -112.214158, 40.452541 ], [ -112.214029, 40.452883 ], [ -112.213803, 40.453134 ], [ -112.213595, 40.453361 ], [ -112.213501, 40.453581 ], [ -112.213454, 40.453691 ], [ -112.213405, 40.453931 ], [ -112.213353, 40.454332 ], [ -112.213302, 40.454774 ], [ -112.213227, 40.455108 ], [ -112.213159, 40.455312 ], [ -112.213103, 40.455483 ], [ -112.212899, 40.455758 ], [ -112.212884, 40.455778 ], [ -112.212758, 40.455982 ], [ -112.212698, 40.456073 ], [ -112.212582, 40.456264 ], [ -112.212489, 40.456481 ], [ -112.212465, 40.456563 ], [ -112.212401, 40.456783 ], [ -112.212354, 40.457144 ], [ -112.212421, 40.457357 ], [ -112.212402, 40.457643 ], [ -112.212346, 40.457987 ], [ -112.212374, 40.458284 ], [ -112.212385, 40.458558 ], [ -112.212367, 40.458664 ], [ -112.212334, 40.458832 ], [ -112.212254, 40.459114 ], [ -112.21225, 40.45917 ], [ -112.212245, 40.459226 ], [ -112.212219, 40.459282 ], [ -112.212162, 40.45927 ], [ -112.211991, 40.45927 ], [ -112.21176, 40.459213 ], [ -112.211448, 40.459226 ], [ -112.21127, 40.459192 ], [ -112.210952, 40.459208 ], [ -112.210675, 40.459211 ], [ -112.210287, 40.459206 ], [ -112.209997, 40.459191 ], [ -112.209449, 40.459247 ], [ -112.209096, 40.459291 ], [ -112.208738, 40.459367 ], [ -112.208256, 40.459488 ], [ -112.207934, 40.4596 ], [ -112.207776, 40.459652 ], [ -112.207711, 40.459675 ], [ -112.20753, 40.459793 ], [ -112.207395, 40.459881 ], [ -112.207152, 40.460078 ], [ -112.206832, 40.460287 ], [ -112.206564, 40.460475 ], [ -112.20619, 40.460628 ], [ -112.205924, 40.460644 ], [ -112.205777, 40.46065 ], [ -112.205441, 40.460667 ], [ -112.204845, 40.460637 ], [ -112.204521, 40.460649 ], [ -112.204155, 40.460653 ], [ -112.203875, 40.460653 ], [ -112.203531, 40.460682 ], [ -112.203154, 40.460749 ], [ -112.202732, 40.460857 ], [ -112.202415, 40.460969 ], [ -112.202058, 40.461085 ], [ -112.201799, 40.461124 ], [ -112.201352, 40.4612 ], [ -112.201276, 40.461209 ], [ -112.20094, 40.46125 ], [ -112.200358, 40.461405 ], [ -112.199608, 40.461642 ], [ -112.199426, 40.461679 ], [ -112.199115, 40.461751 ], [ -112.198937, 40.461787 ], [ -112.198745, 40.461827 ], [ -112.198211, 40.46194 ], [ -112.197811, 40.462039 ], [ -112.197482, 40.462101 ], [ -112.196941, 40.462116 ], [ -112.196739, 40.462122 ], [ -112.196421, 40.462139 ], [ -112.196057, 40.462196 ], [ -112.195862, 40.462226 ], [ -112.195781, 40.462241 ], [ -112.195686, 40.462259 ], [ -112.195594, 40.462305 ], [ -112.19554, 40.462343 ], [ -112.195383, 40.462485 ], [ -112.195303, 40.462648 ], [ -112.195112, 40.462863 ], [ -112.194928, 40.463109 ], [ -112.194784, 40.463273 ], [ -112.194675, 40.463441 ], [ -112.194623, 40.463549 ], [ -112.194572, 40.463654 ], [ -112.1944, 40.463912 ], [ -112.194214, 40.46409 ], [ -112.193946, 40.464228 ], [ -112.193793, 40.464288 ], [ -112.193554, 40.46433 ], [ -112.193388, 40.464364 ], [ -112.193238, 40.464563 ], [ -112.193174, 40.464617 ], [ -112.193127, 40.464619 ], [ -112.192976, 40.464783 ], [ -112.192915, 40.46484 ], [ -112.192826, 40.464924 ], [ -112.192611, 40.465147 ], [ -112.192438, 40.465347 ], [ -112.192397, 40.465444 ], [ -112.192328, 40.465623 ], [ -112.192298, 40.465763 ], [ -112.192225, 40.465979 ], [ -112.192145, 40.46612 ], [ -112.192076, 40.466251 ], [ -112.191996, 40.466373 ], [ -112.191933, 40.466469 ], [ -112.191724, 40.46666 ], [ -112.191591, 40.466811 ], [ -112.191465, 40.466965 ], [ -112.191232, 40.467201 ], [ -112.191001, 40.467465 ], [ -112.190893, 40.467637 ], [ -112.190702, 40.467919 ], [ -112.190653, 40.468144 ], [ -112.19055, 40.468298 ], [ -112.190433, 40.46839 ], [ -112.190387, 40.468426 ], [ -112.190369, 40.46844 ], [ -112.19027, 40.468518 ], [ -112.1902, 40.468541 ], [ -112.189926, 40.468557 ], [ -112.189717, 40.468546 ], [ -112.189304, 40.468555 ], [ -112.189144, 40.468537 ], [ -112.188955, 40.468518 ], [ -112.188725, 40.468495 ], [ -112.188619, 40.468485 ], [ -112.188367, 40.46845 ], [ -112.18819, 40.468448 ], [ -112.187982, 40.468432 ], [ -112.187545, 40.468474 ], [ -112.186995, 40.468398 ], [ -112.186688, 40.468361 ], [ -112.186217, 40.468362 ], [ -112.185903, 40.46836 ], [ -112.185426, 40.468329 ], [ -112.184917, 40.468275 ], [ -112.184485, 40.468194 ], [ -112.184052, 40.46813 ], [ -112.183663, 40.468081 ], [ -112.183108, 40.468042 ], [ -112.182848, 40.468026 ], [ -112.182576, 40.467997 ], [ -112.182287, 40.467956 ], [ -112.181979, 40.467877 ], [ -112.181778, 40.467848 ], [ -112.1815, 40.467774 ], [ -112.181134, 40.467778 ], [ -112.180786, 40.467831 ], [ -112.180706, 40.467859 ], [ -112.180541, 40.467919 ], [ -112.180375, 40.467907 ], [ -112.180175, 40.467941 ], [ -112.180035, 40.468023 ], [ -112.179866, 40.46812 ], [ -112.179789, 40.468126 ], [ -112.179654, 40.468135 ], [ -112.179505, 40.468096 ], [ -112.179162, 40.468041 ], [ -112.178861, 40.467981 ], [ -112.178351, 40.467842 ], [ -112.177961, 40.467779 ], [ -112.177723, 40.467696 ], [ -112.177339, 40.467655 ], [ -112.177119, 40.467575 ], [ -112.176887, 40.467447 ], [ -112.176779, 40.467345 ], [ -112.176512, 40.46724 ], [ -112.176412, 40.467227 ], [ -112.176223, 40.467243 ], [ -112.176117, 40.467244 ], [ -112.175998, 40.467209 ], [ -112.175853, 40.467166 ], [ -112.17559, 40.46715 ], [ -112.175324, 40.467094 ], [ -112.175028, 40.467043 ], [ -112.174744, 40.466978 ], [ -112.174377, 40.466914 ], [ -112.174147, 40.466903 ], [ -112.17386, 40.466933 ], [ -112.173675, 40.466929 ], [ -112.173605, 40.466927 ], [ -112.173164, 40.467009 ], [ -112.172862, 40.467065 ], [ -112.172849, 40.467044 ], [ -112.172778, 40.466928 ], [ -112.172754, 40.466888 ], [ -112.172729, 40.466832 ], [ -112.172716, 40.466819 ], [ -112.172647, 40.466703 ], [ -112.172614, 40.46656 ], [ -112.172225, 40.465921 ], [ -112.172059, 40.465616 ], [ -112.171941, 40.465479 ], [ -112.170337, 40.464691 ], [ -112.166756, 40.46293 ], [ -112.166429, 40.462802 ], [ -112.166221, 40.462679 ], [ -112.166036, 40.46256 ], [ -112.165863, 40.462446 ], [ -112.165727, 40.462415 ], [ -112.16556, 40.462344 ], [ -112.165507, 40.462323 ], [ -112.165407, 40.462284 ], [ -112.165234, 40.462289 ], [ -112.165139, 40.462309 ], [ -112.16495, 40.462375 ], [ -112.16469, 40.46245 ], [ -112.164502, 40.46246 ], [ -112.164212, 40.462435 ], [ -112.164052, 40.462405 ], [ -112.163796, 40.462286 ], [ -112.16364, 40.462233 ], [ -112.163399, 40.462155 ], [ -112.163185, 40.462094 ], [ -112.163049, 40.462048 ], [ -112.162943, 40.462034 ], [ -112.162665, 40.462 ], [ -112.162434, 40.461922 ], [ -112.16222, 40.461851 ], [ -112.161941, 40.461722 ], [ -112.161629, 40.461479 ], [ -112.161327, 40.461401 ], [ -112.160996, 40.461315 ], [ -112.160735, 40.46124 ], [ -112.160497, 40.461139 ], [ -112.160308, 40.461096 ], [ -112.160166, 40.461065 ], [ -112.160056, 40.461009 ], [ -112.159967, 40.461041 ], [ -112.159882, 40.461117 ], [ -112.159618, 40.461339 ], [ -112.159412, 40.461479 ], [ -112.159192, 40.461669 ], [ -112.158993, 40.461826 ], [ -112.158831, 40.461984 ], [ -112.158669, 40.462174 ], [ -112.158434, 40.462331 ], [ -112.158362, 40.462371 ], [ -112.158347, 40.462382 ], [ -112.158139, 40.462578 ], [ -112.15788, 40.462796 ], [ -112.157694, 40.462995 ], [ -112.157533, 40.463244 ], [ -112.157379, 40.463394 ], [ -112.157175, 40.463569 ], [ -112.156957, 40.463679 ], [ -112.156743, 40.463808 ], [ -112.156625, 40.463885 ], [ -112.156418, 40.464104 ], [ -112.156397, 40.464126 ], [ -112.15627, 40.464339 ], [ -112.156243, 40.464501 ], [ -112.156232, 40.464568 ], [ -112.156219, 40.464637 ], [ -112.156177, 40.46486 ], [ -112.156083, 40.465063 ], [ -112.155957, 40.465343 ], [ -112.155888, 40.465504 ], [ -112.155809, 40.465752 ], [ -112.155765, 40.465846 ], [ -112.155661, 40.466002 ], [ -112.155618, 40.466169 ], [ -112.155677, 40.466357 ], [ -112.155713, 40.466469 ], [ -112.155804, 40.466644 ], [ -112.155983, 40.466813 ], [ -112.156113, 40.466912 ], [ -112.156158, 40.466992 ], [ -112.156166, 40.467071 ], [ -112.156167, 40.4671 ], [ -112.156135, 40.467151 ], [ -112.156016, 40.467229 ], [ -112.155835, 40.467267 ], [ -112.155662, 40.467309 ], [ -112.155452, 40.46736 ], [ -112.155312, 40.467421 ], [ -112.155115, 40.467527 ], [ -112.154856, 40.467673 ], [ -112.154673, 40.467797 ], [ -112.154653, 40.46781 ], [ -112.154348, 40.467985 ], [ -112.154151, 40.468099 ], [ -112.154104, 40.468127 ], [ -112.153923, 40.46821 ], [ -112.153642, 40.468357 ], [ -112.153489, 40.468399 ], [ -112.153272, 40.468455 ], [ -112.153135, 40.468484 ], [ -112.153071, 40.468488 ], [ -112.152971, 40.468495 ], [ -112.152917, 40.468499 ], [ -112.15275, 40.468463 ], [ -112.15263, 40.468389 ], [ -112.152429, 40.468333 ], [ -112.152229, 40.468298 ], [ -112.15208, 40.468291 ], [ -112.151833, 40.468239 ], [ -112.151519, 40.468175 ], [ -112.151322, 40.468123 ], [ -112.150968, 40.468027 ], [ -112.150781, 40.468034 ], [ -112.150575, 40.468049 ], [ -112.150407, 40.468166 ], [ -112.150321, 40.468241 ], [ -112.150143, 40.468354 ], [ -112.150112, 40.468392 ], [ -112.149949, 40.468544 ], [ -112.149913, 40.468571 ], [ -112.149817, 40.468658 ], [ -112.149776, 40.468686 ], [ -112.149681, 40.468792 ], [ -112.14953, 40.468915 ], [ -112.149314, 40.469084 ], [ -112.149213, 40.469157 ], [ -112.149111, 40.469262 ], [ -112.149067, 40.469343 ], [ -112.148962, 40.469479 ], [ -112.148851, 40.469566 ], [ -112.148756, 40.469594 ], [ -112.148718, 40.469604 ], [ -112.148523, 40.469583 ], [ -112.148222, 40.469559 ], [ -112.147917, 40.469571 ], [ -112.147612, 40.469624 ], [ -112.147484, 40.469696 ], [ -112.147343, 40.469754 ], [ -112.147203, 40.469808 ], [ -112.14705, 40.469895 ], [ -112.146736, 40.470092 ], [ -112.146296, 40.470308 ], [ -112.146067, 40.470414 ], [ -112.146037, 40.470422 ], [ -112.14592, 40.470456 ], [ -112.145791, 40.470447 ], [ -112.145624, 40.470427 ], [ -112.145602, 40.470426 ], [ -112.145216, 40.470404 ], [ -112.14485, 40.470389 ], [ -112.144436, 40.470272 ], [ -112.14412, 40.470285 ], [ -112.143884, 40.470328 ], [ -112.143678, 40.470352 ], [ -112.143512, 40.4704 ], [ -112.143389, 40.470433 ], [ -112.143306, 40.470434 ], [ -112.143217, 40.470437 ], [ -112.143098, 40.470382 ], [ -112.142955, 40.470281 ], [ -112.142783, 40.470165 ], [ -112.142585, 40.469987 ], [ -112.142357, 40.469773 ], [ -112.142047, 40.469578 ], [ -112.14179, 40.469419 ], [ -112.141529, 40.469272 ], [ -112.141439, 40.469164 ], [ -112.141353, 40.468999 ], [ -112.141227, 40.468766 ], [ -112.141124, 40.46859 ], [ -112.141091, 40.468538 ], [ -112.140989, 40.468491 ], [ -112.14093, 40.468471 ], [ -112.140841, 40.468488 ], [ -112.140667, 40.468529 ], [ -112.140429, 40.468623 ], [ -112.140329, 40.468642 ], [ -112.14013, 40.468631 ], [ -112.139663, 40.468622 ], [ -112.139644, 40.468619 ], [ -112.139164, 40.468554 ], [ -112.139042, 40.468526 ], [ -112.138795, 40.46847 ], [ -112.138724, 40.468381 ], [ -112.138706, 40.468326 ], [ -112.138679, 40.468134 ], [ -112.138575, 40.467923 ], [ -112.13846, 40.467758 ], [ -112.138084, 40.4675 ], [ -112.137767, 40.467253 ], [ -112.137718, 40.467216 ], [ -112.137189, 40.466936 ], [ -112.137009, 40.466791 ], [ -112.136678, 40.466678 ], [ -112.136388, 40.466618 ], [ -112.136176, 40.466597 ], [ -112.135813, 40.466499 ], [ -112.135697, 40.466468 ], [ -112.13568, 40.466463 ], [ -112.135585, 40.466436 ], [ -112.135542, 40.466424 ], [ -112.135012, 40.466261 ], [ -112.134925, 40.466224 ], [ -112.134646, 40.466106 ], [ -112.134541, 40.465969 ], [ -112.134268, 40.465745 ], [ -112.134142, 40.465579 ], [ -112.133996, 40.465324 ], [ -112.133756, 40.465106 ], [ -112.133438, 40.464866 ], [ -112.1331, 40.464682 ], [ -112.132828, 40.464617 ], [ -112.132545, 40.46455 ], [ -112.132335, 40.464517 ], [ -112.132112, 40.464489 ], [ -112.131821, 40.464441 ], [ -112.131721, 40.464373 ], [ -112.131649, 40.464293 ], [ -112.131606, 40.464187 ], [ -112.131594, 40.464158 ], [ -112.131465, 40.463848 ], [ -112.131303, 40.463542 ], [ -112.131288, 40.463508 ], [ -112.131075, 40.463127 ], [ -112.130914, 40.46294 ], [ -112.130855, 40.462811 ], [ -112.13057, 40.462606 ], [ -112.130214, 40.462411 ], [ -112.130012, 40.462264 ], [ -112.129722, 40.461907 ], [ -112.129534, 40.461795 ], [ -112.129257, 40.461637 ], [ -112.129181, 40.461587 ], [ -112.129075, 40.461528 ], [ -112.128757, 40.461403 ], [ -112.128453, 40.461303 ], [ -112.128277, 40.461195 ], [ -112.128258, 40.461183 ], [ -112.127938, 40.461037 ], [ -112.127741, 40.460881 ], [ -112.127412, 40.460548 ], [ -112.127244, 40.460378 ], [ -112.127173, 40.460283 ], [ -112.126971, 40.460001 ], [ -112.126802, 40.459867 ], [ -112.126521, 40.459618 ], [ -112.126102, 40.45932 ], [ -112.126084, 40.45931 ], [ -112.125943, 40.459264 ], [ -112.125844, 40.459217 ], [ -112.125823, 40.459171 ], [ -112.125804, 40.459127 ], [ -112.125763, 40.459032 ], [ -112.1257, 40.458993 ], [ -112.125648, 40.458962 ], [ -112.125414, 40.458896 ], [ -112.125069, 40.458818 ], [ -112.124872, 40.458739 ], [ -112.124606, 40.458643 ], [ -112.124252, 40.458555 ], [ -112.123923, 40.458337 ], [ -112.123834, 40.458221 ], [ -112.123691, 40.458065 ], [ -112.123643, 40.457942 ], [ -112.123597, 40.457827 ], [ -112.12341, 40.457503 ], [ -112.123352, 40.45728 ], [ -112.123033, 40.456873 ], [ -112.122994, 40.456835 ], [ -112.122983, 40.456818 ], [ -112.122939, 40.456767 ], [ -112.122584, 40.456323 ], [ -112.12245, 40.456175 ], [ -112.122425, 40.456154 ], [ -112.122318, 40.456033 ], [ -112.122256, 40.455898 ], [ -112.122062, 40.455503 ], [ -112.121939, 40.455245 ], [ -112.121521, 40.454608 ], [ -112.121285, 40.454236 ], [ -112.120636, 40.453536 ], [ -112.120623, 40.453521 ], [ -112.12023, 40.453242 ], [ -112.120072, 40.453154 ], [ -112.119825, 40.453017 ], [ -112.119557, 40.452893 ], [ -112.11934, 40.452713 ], [ -112.119311, 40.452689 ], [ -112.118927, 40.45255 ], [ -112.118824, 40.452526 ], [ -112.118186, 40.452362 ], [ -112.11792, 40.452234 ], [ -112.117722, 40.452101 ], [ -112.117605, 40.452034 ], [ -112.117464, 40.451957 ], [ -112.117181, 40.451763 ], [ -112.117024, 40.451608 ], [ -112.116698, 40.451424 ], [ -112.116517, 40.451354 ], [ -112.116406, 40.451313 ], [ -112.116282, 40.45131 ], [ -112.115982, 40.451303 ], [ -112.115602, 40.451207 ], [ -112.115573, 40.451191 ], [ -112.115503, 40.451153 ], [ -112.115299, 40.451041 ], [ -112.114781, 40.450696 ], [ -112.114685, 40.450544 ], [ -112.114638, 40.450473 ], [ -112.114557, 40.450347 ], [ -112.11439, 40.450212 ], [ -112.114251, 40.450016 ], [ -112.114022, 40.449514 ], [ -112.114087, 40.449229 ], [ -112.114106, 40.449021 ], [ -112.114023, 40.448685 ], [ -112.113927, 40.44851 ], [ -112.113815, 40.4483 ], [ -112.113697, 40.44814 ], [ -112.11354, 40.447915 ], [ -112.113417, 40.447461 ], [ -112.11346, 40.44724 ], [ -112.113516, 40.446953 ], [ -112.113584, 40.446717 ], [ -112.113625, 40.446537 ], [ -112.113803, 40.446247 ], [ -112.113895, 40.446079 ], [ -112.113952, 40.445971 ], [ -112.114148, 40.445738 ], [ -112.114236, 40.445449 ], [ -112.114234, 40.445262 ], [ -112.114239, 40.445107 ], [ -112.114299, 40.444831 ], [ -112.114327, 40.444759 ], [ -112.114401, 40.444569 ], [ -112.114451, 40.444411 ], [ -112.114568, 40.444085 ], [ -112.114575, 40.443978 ], [ -112.114619, 40.443292 ], [ -112.114581, 40.443035 ], [ -112.114578, 40.442912 ], [ -112.11457, 40.44272 ], [ -112.114559, 40.442574 ], [ -112.114555, 40.442249 ], [ -112.114531, 40.44187 ], [ -112.114508, 40.441554 ], [ -112.114424, 40.441289 ], [ -112.114166, 40.44099 ], [ -112.113952, 40.440817 ], [ -112.11366, 40.440567 ], [ -112.11352, 40.440343 ], [ -112.113385, 40.440196 ], [ -112.113001, 40.439715 ], [ -112.112655, 40.439459 ], [ -112.112445, 40.439249 ], [ -112.112261, 40.439072 ], [ -112.112093, 40.438918 ], [ -112.112036, 40.438916 ], [ -112.111988, 40.438916 ], [ -112.1119, 40.438951 ], [ -112.111691, 40.439084 ], [ -112.111429, 40.439288 ], [ -112.111022, 40.439594 ], [ -112.110701, 40.439863 ], [ -112.11025, 40.440201 ], [ -112.11003, 40.44041 ], [ -112.109605, 40.44065 ], [ -112.109385, 40.440768 ], [ -112.109323, 40.440801 ], [ -112.108987, 40.440906 ], [ -112.108936, 40.440916 ], [ -112.10855, 40.441055 ], [ -112.108024, 40.44128 ], [ -112.107672, 40.441423 ], [ -112.107392, 40.441575 ], [ -112.107111, 40.441731 ], [ -112.107027, 40.441783 ], [ -112.106701, 40.441979 ], [ -112.106375, 40.442166 ], [ -112.105908, 40.442321 ], [ -112.105669, 40.442391 ], [ -112.105373, 40.442436 ], [ -112.105273, 40.442455 ], [ -112.10506, 40.44248 ], [ -112.104581, 40.442591 ], [ -112.104326, 40.442749 ], [ -112.104103, 40.442939 ], [ -112.103903, 40.443104 ], [ -112.103569, 40.443454 ], [ -112.103319, 40.44365 ], [ -112.103033, 40.443864 ], [ -112.102815, 40.443947 ], [ -112.10256, 40.444147 ], [ -112.102359, 40.444391 ], [ -112.10215, 40.44466 ], [ -112.10208, 40.444736 ], [ -112.101988, 40.444837 ], [ -112.101901, 40.444942 ], [ -112.101867, 40.444983 ], [ -112.101747, 40.445124 ], [ -112.101629, 40.445225 ], [ -112.101506, 40.445333 ], [ -112.101402, 40.445415 ], [ -112.101169, 40.445545 ], [ -112.1009, 40.445643 ], [ -112.100673, 40.445715 ], [ -112.100346, 40.445804 ], [ -112.100162, 40.445857 ], [ -112.099976, 40.445911 ], [ -112.099711, 40.446017 ], [ -112.099368, 40.446201 ], [ -112.099141, 40.446311 ], [ -112.098896, 40.446413 ], [ -112.098558, 40.446515 ], [ -112.098407, 40.446543 ], [ -112.098152, 40.446586 ], [ -112.097995, 40.44663 ], [ -112.097671, 40.4468 ], [ -112.097549, 40.446848 ], [ -112.097409, 40.446882 ], [ -112.097038, 40.447007 ], [ -112.096845, 40.447036 ], [ -112.096785, 40.447033 ], [ -112.096661, 40.447028 ], [ -112.096473, 40.44703 ], [ -112.096219, 40.447033 ], [ -112.096114, 40.447039 ], [ -112.095988, 40.447046 ], [ -112.095912, 40.447035 ], [ -112.095841, 40.447024 ], [ -112.095798, 40.447022 ], [ -112.095467, 40.447048 ], [ -112.095404, 40.447067 ], [ -112.095038, 40.447175 ], [ -112.094928, 40.44723 ], [ -112.094619, 40.447328 ], [ -112.094257, 40.447483 ], [ -112.094105, 40.447575 ], [ -112.094045, 40.447617 ], [ -112.093707, 40.447757 ], [ -112.093551, 40.44783 ], [ -112.093511, 40.447837 ], [ -112.093417, 40.447856 ], [ -112.093295, 40.447845 ], [ -112.093071, 40.447797 ], [ -112.092829, 40.447754 ], [ -112.092777, 40.447752 ], [ -112.092605, 40.447743 ], [ -112.092554, 40.447733 ], [ -112.092298, 40.447679 ], [ -112.09198, 40.447717 ], [ -112.091756, 40.447775 ], [ -112.091581, 40.447816 ], [ -112.09138, 40.447859 ], [ -112.091027, 40.447897 ], [ -112.090779, 40.447882 ], [ -112.090598, 40.447854 ], [ -112.090501, 40.447839 ], [ -112.090218, 40.447815 ], [ -112.089957, 40.447781 ], [ -112.089534, 40.447732 ], [ -112.089277, 40.447763 ], [ -112.088666, 40.447836 ], [ -112.08854, 40.447885 ], [ -112.088288, 40.447994 ], [ -112.088186, 40.448082 ], [ -112.088058, 40.448205 ], [ -112.087901, 40.44835 ], [ -112.087791, 40.448395 ], [ -112.087713, 40.448386 ], [ -112.087599, 40.44837 ], [ -112.08751, 40.448368 ], [ -112.08682, 40.448162 ], [ -112.086245, 40.447919 ], [ -112.085797, 40.447783 ], [ -112.085369, 40.447667 ], [ -112.085042, 40.447598 ], [ -112.084619, 40.447579 ], [ -112.084, 40.447558 ], [ -112.083724, 40.447581 ], [ -112.083211, 40.447623 ], [ -112.083107, 40.447659 ], [ -112.082808, 40.447763 ], [ -112.082441, 40.447849 ], [ -112.082202, 40.447931 ], [ -112.08194, 40.448068 ], [ -112.081647, 40.448179 ], [ -112.081532, 40.448212 ], [ -112.081427, 40.448248 ], [ -112.08128, 40.448194 ], [ -112.081268, 40.448183 ], [ -112.081215, 40.448127 ], [ -112.08113, 40.448013 ], [ -112.081097, 40.447871 ], [ -112.081047, 40.447746 ], [ -112.081025, 40.447705 ], [ -112.08095, 40.447517 ], [ -112.080783, 40.447336 ], [ -112.080752, 40.447302 ], [ -112.08038, 40.44697 ], [ -112.079939, 40.446868 ], [ -112.079889, 40.446858 ], [ -112.079606, 40.446766 ], [ -112.079244, 40.44671 ], [ -112.07908, 40.446653 ], [ -112.07902, 40.446632 ], [ -112.078786, 40.446615 ], [ -112.078709, 40.446635 ], [ -112.078644, 40.446653 ], [ -112.078447, 40.446708 ], [ -112.078347, 40.446736 ], [ -112.078145, 40.446738 ], [ -112.077989, 40.44674 ], [ -112.077842, 40.446719 ], [ -112.077807, 40.446715 ], [ -112.077605, 40.446677 ], [ -112.077564, 40.446678 ], [ -112.07752, 40.446695 ], [ -112.077479, 40.446712 ], [ -112.077177, 40.446928 ], [ -112.076912, 40.447034 ], [ -112.076725, 40.447106 ], [ -112.076666, 40.447127 ], [ -112.076604, 40.447151 ], [ -112.076468, 40.447151 ], [ -112.07634, 40.447157 ], [ -112.075909, 40.447137 ], [ -112.075861, 40.447134 ], [ -112.0756, 40.447069 ], [ -112.07531, 40.447009 ], [ -112.074948, 40.446903 ], [ -112.074876, 40.446888 ], [ -112.074822, 40.446887 ], [ -112.074368, 40.446927 ], [ -112.074021, 40.446985 ], [ -112.073719, 40.447042 ], [ -112.073432, 40.447067 ], [ -112.073095, 40.447025 ], [ -112.072712, 40.447027 ], [ -112.072597, 40.446991 ], [ -112.072198, 40.446862 ], [ -112.0721, 40.446837 ], [ -112.071864, 40.44676 ], [ -112.071803, 40.446643 ], [ -112.071774, 40.446612 ], [ -112.071499, 40.446326 ], [ -112.071384, 40.446142 ], [ -112.071261, 40.445932 ], [ -112.071134, 40.445807 ], [ -112.070943, 40.445687 ], [ -112.070712, 40.445696 ], [ -112.070643, 40.445709 ], [ -112.070453, 40.445748 ], [ -112.070399, 40.445769 ], [ -112.070118, 40.445878 ], [ -112.069838, 40.445974 ], [ -112.069527, 40.446067 ], [ -112.069294, 40.446146 ], [ -112.069127, 40.446202 ], [ -112.068967, 40.446225 ], [ -112.068889, 40.446234 ], [ -112.068842, 40.446222 ], [ -112.068736, 40.446205 ], [ -112.068636, 40.446188 ], [ -112.0683, 40.4462 ], [ -112.067995, 40.446199 ], [ -112.067931, 40.446208 ], [ -112.067617, 40.446248 ], [ -112.067172, 40.446291 ], [ -112.066789, 40.44639 ], [ -112.066561, 40.446509 ], [ -112.066437, 40.446702 ], [ -112.066322, 40.446901 ], [ -112.06626, 40.447077 ], [ -112.066039, 40.447309 ], [ -112.065848, 40.447537 ], [ -112.065744, 40.447621 ], [ -112.065712, 40.447646 ], [ -112.065701, 40.447664 ], [ -112.065669, 40.447771 ], [ -112.065706, 40.447988 ], [ -112.065571, 40.448246 ], [ -112.065381, 40.448546 ], [ -112.065201, 40.448769 ], [ -112.065173, 40.448804 ], [ -112.064896, 40.448997 ], [ -112.06481, 40.449039 ], [ -112.064558, 40.449162 ], [ -112.064148, 40.449328 ], [ -112.063867, 40.449443 ], [ -112.063499, 40.449568 ], [ -112.063047, 40.449669 ], [ -112.062883, 40.449708 ], [ -112.062827, 40.449721 ], [ -112.062716, 40.449747 ], [ -112.062367, 40.449833 ], [ -112.062058, 40.449902 ], [ -112.061832, 40.449982 ], [ -112.061605, 40.450063 ], [ -112.061307, 40.450232 ], [ -112.061038, 40.450384 ], [ -112.060701, 40.450652 ], [ -112.060666, 40.450691 ], [ -112.060471, 40.450924 ], [ -112.060228, 40.451206 ], [ -112.060075, 40.451377 ], [ -112.059987, 40.451502 ], [ -112.05997, 40.451528 ], [ -112.059832, 40.451773 ], [ -112.059729, 40.452061 ], [ -112.059672, 40.452297 ], [ -112.059635, 40.452433 ], [ -112.059594, 40.452584 ], [ -112.059527, 40.452819 ], [ -112.059471, 40.452942 ], [ -112.059379, 40.452994 ], [ -112.059141, 40.453005 ], [ -112.058881, 40.453075 ], [ -112.058622, 40.453186 ], [ -112.058336, 40.453346 ], [ -112.058027, 40.453523 ], [ -112.057882, 40.453629 ], [ -112.05771, 40.45381 ], [ -112.057491, 40.453912 ], [ -112.057463, 40.453926 ], [ -112.057392, 40.45395 ], [ -112.057069, 40.45406 ], [ -112.055923, 40.454268 ], [ -112.055447, 40.454408 ], [ -112.055049, 40.454551 ], [ -112.054644, 40.45479 ], [ -112.054242, 40.454923 ], [ -112.053818, 40.455022 ], [ -112.053201, 40.455158 ], [ -112.052619, 40.455281 ], [ -112.052207, 40.455398 ], [ -112.051965, 40.455464 ], [ -112.051157, 40.455654 ], [ -112.0506, 40.455767 ], [ -112.050408, 40.455806 ], [ -112.049833, 40.455927 ], [ -112.049329, 40.456036 ], [ -112.048394, 40.456278 ], [ -112.047661, 40.456497 ], [ -112.047086, 40.456637 ], [ -112.046668, 40.456808 ], [ -112.046498, 40.456933 ], [ -112.046365, 40.457031 ], [ -112.046213, 40.457118 ], [ -112.04577, 40.457437 ], [ -112.045588, 40.457713 ], [ -112.045556, 40.457977 ], [ -112.045523, 40.458172 ], [ -112.045475, 40.458506 ], [ -112.045362, 40.458746 ], [ -112.045242, 40.458837 ], [ -112.045136, 40.458917 ], [ -112.045084, 40.458964 ], [ -112.044589, 40.459168 ], [ -112.044095, 40.459391 ], [ -112.043768, 40.459528 ], [ -112.043562, 40.45961 ], [ -112.043453, 40.459653 ], [ -112.042895, 40.459824 ], [ -112.042339, 40.460059 ], [ -112.041913, 40.460392 ], [ -112.041635, 40.460696 ], [ -112.041433, 40.461009 ], [ -112.04114, 40.46148 ], [ -112.040856, 40.46182 ], [ -112.040539, 40.462329 ], [ -112.040441, 40.462457 ], [ -112.040158, 40.462818 ], [ -112.039996, 40.462987 ], [ -112.039775, 40.463217 ], [ -112.039398, 40.463671 ], [ -112.03931, 40.463758 ], [ -112.03908, 40.463989 ], [ -112.038794, 40.464253 ], [ -112.038678, 40.464353 ], [ -112.038664, 40.464362 ], [ -112.038362, 40.464545 ], [ -112.038217, 40.464605 ], [ -112.03817, 40.464623 ], [ -112.038032, 40.464585 ], [ -112.037961, 40.464568 ], [ -112.037613, 40.464425 ], [ -112.037198, 40.464374 ], [ -112.036524, 40.464334 ], [ -112.036022, 40.464269 ], [ -112.035762, 40.464212 ], [ -112.035595, 40.464093 ], [ -112.035553, 40.464039 ], [ -112.035463, 40.463908 ], [ -112.03542, 40.46385 ], [ -112.035113, 40.463428 ], [ -112.034798, 40.46321 ], [ -112.034686, 40.463162 ], [ -112.03431, 40.463001 ], [ -112.034028, 40.462929 ], [ -112.033818, 40.462874 ], [ -112.033406, 40.462815 ], [ -112.033231, 40.462709 ], [ -112.033148, 40.462552 ], [ -112.033145, 40.462466 ], [ -112.033145, 40.462412 ], [ -112.033171, 40.462141 ], [ -112.033081, 40.461665 ], [ -112.032869, 40.461293 ], [ -112.032634, 40.460993 ], [ -112.032595, 40.460819 ], [ -112.032571, 40.460714 ], [ -112.032535, 40.460491 ], [ -112.032525, 40.460419 ], [ -112.032543, 40.460127 ], [ -112.032546, 40.460074 ], [ -112.032553, 40.460017 ], [ -112.032627, 40.459719 ], [ -112.032658, 40.459444 ], [ -112.032588, 40.459143 ], [ -112.032604, 40.458959 ], [ -112.032684, 40.458788 ], [ -112.032839, 40.458578 ], [ -112.03288, 40.458254 ], [ -112.032808, 40.458078 ], [ -112.032796, 40.457858 ], [ -112.032705, 40.457588 ], [ -112.032527, 40.457248 ], [ -112.032329, 40.457016 ], [ -112.032149, 40.456819 ], [ -112.032132, 40.456802 ], [ -112.032026, 40.456694 ], [ -112.0319, 40.456565 ], [ -112.031528, 40.456185 ], [ -112.03152, 40.456171 ], [ -112.031409, 40.455956 ], [ -112.031121, 40.455402 ], [ -112.030954, 40.455131 ], [ -112.030898, 40.455041 ], [ -112.030854, 40.45497 ], [ -112.030746, 40.454748 ], [ -112.030568, 40.454359 ], [ -112.030532, 40.454263 ], [ -112.030448, 40.454074 ], [ -112.03044, 40.454032 ], [ -112.030431, 40.453979 ], [ -112.030418, 40.453909 ], [ -112.030415, 40.453891 ], [ -112.030506, 40.453599 ], [ -112.030624, 40.453261 ], [ -112.030789, 40.452823 ], [ -112.030944, 40.452545 ], [ -112.031045, 40.452293 ], [ -112.031169, 40.451896 ], [ -112.031339, 40.451598 ], [ -112.031455, 40.451281 ], [ -112.031522, 40.451145 ], [ -112.031541, 40.451013 ], [ -112.031556, 40.450977 ], [ -112.031578, 40.450914 ], [ -112.031566, 40.450742 ], [ -112.031508, 40.450601 ], [ -112.031475, 40.450547 ], [ -112.031161, 40.45042 ], [ -112.030683, 40.450379 ], [ -112.030156, 40.450324 ], [ -112.029394, 40.450132 ], [ -112.0293, 40.450108 ], [ -112.028857, 40.450071 ], [ -112.028596, 40.450082 ], [ -112.028398, 40.450071 ], [ -112.028075, 40.45009 ], [ -112.028009, 40.450097 ], [ -112.027743, 40.450099 ], [ -112.027491, 40.450115 ], [ -112.027156, 40.450203 ], [ -112.02671, 40.450297 ], [ -112.026457, 40.450363 ], [ -112.026162, 40.450438 ], [ -112.025709, 40.450505 ], [ -112.025668, 40.450508 ], [ -112.025396, 40.450524 ], [ -112.024977, 40.45048 ], [ -112.024644, 40.450399 ], [ -112.0245, 40.450286 ], [ -112.024401, 40.450208 ], [ -112.024245, 40.450065 ], [ -112.024144, 40.44994 ], [ -112.024083, 40.449792 ], [ -112.024015, 40.449666 ], [ -112.023789, 40.44944 ], [ -112.023652, 40.449264 ], [ -112.023639, 40.449248 ], [ -112.023604, 40.449216 ], [ -112.023464, 40.449081 ], [ -112.023218, 40.448808 ], [ -112.02301, 40.448621 ], [ -112.022989, 40.448605 ], [ -112.022911, 40.448516 ], [ -112.022896, 40.448492 ], [ -112.022768, 40.448322 ], [ -112.022523, 40.448138 ], [ -112.022339, 40.447997 ], [ -112.022249, 40.447922 ], [ -112.021923, 40.44777 ], [ -112.021809, 40.44769 ], [ -112.021706, 40.44765 ], [ -112.021466, 40.447574 ], [ -112.021223, 40.447526 ], [ -112.021078, 40.447487 ], [ -112.020954, 40.447453 ], [ -112.020679, 40.44743 ], [ -112.020626, 40.447404 ], [ -112.020572, 40.447378 ], [ -112.0204, 40.447315 ], [ -112.020338, 40.447271 ], [ -112.020355, 40.447216 ], [ -112.02036, 40.447201 ], [ -112.020405, 40.447173 ], [ -112.0206, 40.447116 ], [ -112.020753, 40.447061 ], [ -112.020784, 40.447048 ], [ -112.020894, 40.446962 ], [ -112.021023, 40.446848 ], [ -112.021072, 40.4468 ], [ -112.021214, 40.446662 ], [ -112.021443, 40.446477 ], [ -112.021469, 40.446455 ], [ -112.021495, 40.446418 ], [ -112.022188, 40.445938 ], [ -112.02257, 40.445722 ], [ -112.022747, 40.445621 ], [ -112.022937, 40.445531 ], [ -112.023099, 40.44548 ], [ -112.023234, 40.445434 ], [ -112.023363, 40.445395 ], [ -112.023517, 40.445373 ], [ -112.023633, 40.445362 ], [ -112.023858, 40.445306 ], [ -112.023957, 40.445275 ], [ -112.024324, 40.445207 ], [ -112.024534, 40.445092 ], [ -112.024638, 40.444999 ], [ -112.02466, 40.44491 ], [ -112.024676, 40.444859 ], [ -112.024687, 40.444759 ], [ -112.024734, 40.444609 ], [ -112.024798, 40.444394 ], [ -112.024772, 40.444231 ], [ -112.024775, 40.444096 ], [ -112.024775, 40.444043 ], [ -112.024749, 40.443858 ], [ -112.024721, 40.443674 ], [ -112.024666, 40.443472 ], [ -112.024627, 40.443305 ], [ -112.024565, 40.443162 ], [ -112.024415, 40.442997 ], [ -112.024195, 40.44289 ], [ -112.024046, 40.442789 ], [ -112.023874, 40.442705 ], [ -112.023772, 40.442655 ], [ -112.023553, 40.442526 ], [ -112.023463, 40.442428 ], [ -112.023307, 40.442272 ], [ -112.023127, 40.442134 ], [ -112.023081, 40.442097 ], [ -112.022949, 40.441978 ], [ -112.022716, 40.441772 ], [ -112.022549, 40.441634 ], [ -112.022423, 40.44155 ], [ -112.022345, 40.441497 ], [ -112.022199, 40.441363 ], [ -112.022071, 40.441161 ], [ -112.021914, 40.440914 ], [ -112.021894, 40.440888 ], [ -112.021776, 40.440736 ], [ -112.021691, 40.440574 ], [ -112.021629, 40.440381 ], [ -112.021575, 40.440215 ], [ -112.021559, 40.439968 ], [ -112.021574, 40.439783 ], [ -112.021595, 40.439593 ], [ -112.021634, 40.439426 ], [ -112.021637, 40.439291 ], [ -112.021623, 40.439165 ], [ -112.021532, 40.439031 ], [ -112.021339, 40.438793 ], [ -112.021134, 40.438606 ], [ -112.021028, 40.438507 ], [ -112.02101, 40.438495 ], [ -112.020885, 40.438401 ], [ -112.020664, 40.438232 ], [ -112.020503, 40.438121 ], [ -112.020406, 40.438019 ], [ -112.020216, 40.437897 ], [ -112.020036, 40.437767 ], [ -112.019879, 40.437668 ], [ -112.019668, 40.437507 ], [ -112.01956, 40.437382 ], [ -112.01946, 40.43731 ], [ -112.01937, 40.4372 ], [ -112.019308, 40.437116 ], [ -112.019213, 40.436987 ], [ -112.019075, 40.43685 ], [ -112.018931, 40.436715 ], [ -112.018751, 40.436564 ], [ -112.018674, 40.436487 ], [ -112.018543, 40.436355 ], [ -112.018318, 40.436249 ], [ -112.018092, 40.436144 ], [ -112.017914, 40.436095 ], [ -112.01776, 40.43607 ], [ -112.017559, 40.436008 ], [ -112.017479, 40.435965 ], [ -112.017413, 40.435928 ], [ -112.017385, 40.435855 ], [ -112.017237, 40.435663 ], [ -112.017109, 40.435508 ], [ -112.016864, 40.435365 ], [ -112.016691, 40.435195 ], [ -112.016486, 40.435086 ], [ -112.016353, 40.435011 ], [ -112.016208, 40.434985 ], [ -112.016148, 40.435019 ], [ -112.015997, 40.43509 ], [ -112.015879, 40.435124 ], [ -112.015779, 40.435137 ], [ -112.015518, 40.435158 ], [ -112.015164, 40.435135 ], [ -112.014883, 40.43519 ], [ -112.014514, 40.435284 ], [ -112.014433, 40.435334 ], [ -112.014263, 40.435444 ], [ -112.014188, 40.435523 ], [ -112.014002, 40.435703 ], [ -112.013876, 40.435897 ], [ -112.013697, 40.43611 ], [ -112.013531, 40.436275 ], [ -112.013352, 40.436398 ], [ -112.013177, 40.436503 ], [ -112.013114, 40.436553 ], [ -112.012963, 40.436621 ], [ -112.012866, 40.436664 ], [ -112.012728, 40.436682 ], [ -112.012472, 40.436717 ], [ -112.012301, 40.436735 ], [ -112.012097, 40.436773 ], [ -112.011688, 40.436864 ], [ -112.011554, 40.436907 ], [ -112.011513, 40.43692 ], [ -112.01128, 40.43701 ], [ -112.011157, 40.43706 ], [ -112.011005, 40.43713 ], [ -112.010864, 40.437204 ], [ -112.010752, 40.43722 ], [ -112.010704, 40.437226 ], [ -112.010634, 40.4372 ], [ -112.010592, 40.437128 ], [ -112.010572, 40.437095 ], [ -112.010531, 40.43705 ], [ -112.010495, 40.436912 ], [ -112.01047, 40.436813 ], [ -112.010443, 40.436678 ], [ -112.010268, 40.43643 ], [ -112.010099, 40.436212 ], [ -112.009944, 40.436073 ], [ -112.009817, 40.435959 ], [ -112.009711, 40.435888 ], [ -112.009457, 40.435792 ], [ -112.009269, 40.435798 ], [ -112.009179, 40.435795 ], [ -112.00898, 40.435792 ], [ -112.008772, 40.435784 ], [ -112.008611, 40.435744 ], [ -112.008439, 40.435697 ], [ -112.008387, 40.43569 ], [ -112.008222, 40.435667 ], [ -112.008042, 40.435564 ], [ -112.007782, 40.435482 ], [ -112.007523, 40.435438 ], [ -112.00736, 40.435369 ], [ -112.007096, 40.43534 ], [ -112.006984, 40.435305 ], [ -112.006807, 40.435267 ], [ -112.006795, 40.435265 ], [ -112.006624, 40.435215 ], [ -112.006563, 40.43503 ], [ -112.006588, 40.43495 ], [ -112.006622, 40.434839 ], [ -112.006637, 40.434795 ], [ -112.006618, 40.434493 ], [ -112.006612, 40.434378 ], [ -112.006601, 40.434189 ], [ -112.006727, 40.433883 ], [ -112.006761, 40.43383 ], [ -112.00681, 40.433758 ], [ -112.006885, 40.433673 ], [ -112.006915, 40.433652 ], [ -112.007103, 40.433601 ], [ -112.007279, 40.433572 ], [ -112.007435, 40.433552 ], [ -112.007614, 40.43353 ], [ -112.007858, 40.433483 ], [ -112.00806, 40.433437 ], [ -112.008237, 40.433379 ], [ -112.008447, 40.433273 ], [ -112.008672, 40.433186 ], [ -112.008852, 40.433041 ], [ -112.008867, 40.433028 ], [ -112.008915, 40.432989 ], [ -112.008931, 40.432977 ], [ -112.009011, 40.432761 ], [ -112.009083, 40.432567 ], [ -112.00904, 40.432412 ], [ -112.008981, 40.432202 ], [ -112.008915, 40.432019 ], [ -112.008852, 40.431782 ], [ -112.008814, 40.431445 ], [ -112.008744, 40.431383 ], [ -112.008727, 40.431356 ], [ -112.008642, 40.431221 ], [ -112.008484, 40.431025 ], [ -112.008393, 40.430941 ], [ -112.008334, 40.430908 ], [ -112.008321, 40.430894 ], [ -112.008137, 40.430667 ], [ -112.008046, 40.43051 ], [ -112.007985, 40.430299 ], [ -112.007951, 40.430078 ], [ -112.007871, 40.429877 ], [ -112.007843, 40.429843 ], [ -112.007744, 40.429725 ], [ -112.00753, 40.429605 ], [ -112.00731, 40.429494 ], [ -112.007015, 40.429285 ], [ -112.006845, 40.429055 ], [ -112.00673, 40.428856 ], [ -112.006673, 40.42864 ], [ -112.00666, 40.428552 ], [ -112.006654, 40.428528 ], [ -112.006575, 40.428254 ], [ -112.006536, 40.427988 ], [ -112.006527, 40.427804 ], [ -112.006542, 40.427628 ], [ -112.006557, 40.42743 ], [ -112.006612, 40.427168 ], [ -112.006608, 40.426916 ], [ -112.006608, 40.42671 ], [ -112.006482, 40.426536 ], [ -112.006356, 40.426491 ], [ -112.006146, 40.426431 ], [ -112.005968, 40.426434 ], [ -112.005642, 40.426483 ], [ -112.005, 40.426734 ], [ -112.004796, 40.426823 ], [ -112.004589, 40.426877 ], [ -112.004336, 40.426936 ], [ -112.0041, 40.426991 ], [ -112.003951, 40.427025 ], [ -112.003879, 40.427034 ], [ -112.003697, 40.427055 ], [ -112.003639, 40.42706 ], [ -112.003573, 40.427069 ], [ -112.003332, 40.427048 ], [ -112.003027, 40.427069 ], [ -112.002688, 40.427026 ], [ -112.002362, 40.42692 ], [ -112.001952, 40.426755 ], [ -112.001932, 40.426745 ], [ -112.001746, 40.426623 ], [ -112.001581, 40.426388 ], [ -112.001552, 40.426346 ], [ -112.001437, 40.426225 ], [ -112.001273, 40.426011 ], [ -112.001233, 40.425898 ], [ -112.001101, 40.42575 ], [ -112.00097, 40.425581 ], [ -112.000884, 40.42547 ], [ -112.000861, 40.425438 ], [ -112.000773, 40.425379 ], [ -112.00068, 40.425268 ], [ -112.000588, 40.425208 ], [ -112.000554, 40.42518 ], [ -112.000449, 40.425076 ], [ -112.000425, 40.42505 ], [ -112.000341, 40.42496 ], [ -112.00018, 40.424821 ], [ -112.000053, 40.424701 ], [ -111.999878, 40.424567 ], [ -111.999773, 40.424429 ], [ -111.99969, 40.424365 ], [ -111.999552, 40.424256 ], [ -111.999404, 40.424176 ], [ -111.999245, 40.424129 ], [ -111.999093, 40.42413 ], [ -111.998935, 40.42418 ], [ -111.998813, 40.42424 ], [ -111.998577, 40.424287 ], [ -111.998367, 40.42434 ], [ -111.998258, 40.424367 ], [ -111.998165, 40.424391 ], [ -111.997987, 40.424391 ], [ -111.997782, 40.424298 ], [ -111.997712, 40.424266 ], [ -111.997625, 40.424227 ], [ -111.997457, 40.424164 ], [ -111.997395, 40.42415 ], [ -111.997178, 40.424119 ], [ -111.997007, 40.424169 ], [ -111.996913, 40.424197 ], [ -111.996573, 40.424314 ], [ -111.996347, 40.424374 ], [ -111.996133, 40.424432 ], [ -111.995708, 40.424556 ], [ -111.995555, 40.424578 ], [ -111.995403, 40.424599 ], [ -111.995348, 40.424599 ], [ -111.995323, 40.424598 ], [ -111.995295, 40.424589 ], [ -111.995137, 40.424607 ], [ -111.994934, 40.424595 ], [ -111.994554, 40.424575 ], [ -111.993921, 40.424548 ], [ -111.993715, 40.424526 ], [ -111.993539, 40.424508 ], [ -111.993311, 40.424479 ], [ -111.993252, 40.424463 ], [ -111.993095, 40.424442 ], [ -111.992909, 40.424372 ], [ -111.992776, 40.424318 ], [ -111.992731, 40.424266 ], [ -111.992668, 40.424197 ], [ -111.992646, 40.424152 ], [ -111.992634, 40.424137 ], [ -111.992573, 40.424018 ], [ -111.99254, 40.423838 ], [ -111.992537, 40.423654 ], [ -111.99253, 40.423491 ], [ -111.99251, 40.423338 ], [ -111.992509, 40.423327 ], [ -111.992503, 40.423224 ], [ -111.992515, 40.422914 ], [ -111.992544, 40.422388 ], [ -111.99254, 40.422225 ], [ -111.992504, 40.421729 ], [ -111.992471, 40.421482 ], [ -111.992464, 40.421424 ], [ -111.992466, 40.421337 ], [ -111.992476, 40.421072 ], [ -111.992456, 40.420418 ], [ -111.992453, 40.420363 ], [ -111.992364, 40.42017 ], [ -111.992247, 40.420045 ], [ -111.992129, 40.420032 ], [ -111.991804, 40.419981 ], [ -111.99146, 40.419874 ], [ -111.991313, 40.419776 ], [ -111.991131, 40.419557 ], [ -111.990679, 40.419269 ], [ -111.99014, 40.419039 ], [ -111.989666, 40.418859 ], [ -111.989524, 40.418801 ], [ -111.989505, 40.418793 ], [ -111.989115, 40.418715 ], [ -111.988803, 40.418647 ], [ -111.988766, 40.418638 ], [ -111.988153, 40.418611 ], [ -111.988055, 40.418595 ], [ -111.987611, 40.41852 ], [ -111.987008, 40.418468 ], [ -111.98664, 40.418417 ], [ -111.986448, 40.418396 ], [ -111.986205, 40.41837 ], [ -111.985729, 40.418185 ], [ -111.985405, 40.41798 ], [ -111.985057, 40.417645 ], [ -111.984811, 40.417456 ], [ -111.984682, 40.417351 ], [ -111.984627, 40.417312 ], [ -111.984462, 40.417218 ], [ -111.984321, 40.417009 ], [ -111.984184, 40.416738 ], [ -111.984164, 40.416644 ], [ -111.984152, 40.416572 ], [ -111.984114, 40.416438 ], [ -111.983863, 40.416287 ], [ -111.983524, 40.416071 ], [ -111.983186, 40.415769 ], [ -111.982987, 40.41546 ], [ -111.982811, 40.415082 ], [ -111.982767, 40.415017 ], [ -111.982754, 40.415001 ], [ -111.982724, 40.414956 ], [ -111.98271, 40.414934 ], [ -111.98257, 40.414729 ], [ -111.982518, 40.414661 ], [ -111.982469, 40.414599 ], [ -111.982376, 40.414474 ], [ -111.982136, 40.414217 ], [ -111.981962, 40.414169 ], [ -111.981795, 40.414289 ], [ -111.981678, 40.414395 ], [ -111.981544, 40.414541 ], [ -111.981352, 40.414742 ], [ -111.981188, 40.41494 ], [ -111.981119, 40.41501 ], [ -111.981033, 40.415095 ], [ -111.980793, 40.41526 ], [ -111.980448, 40.415429 ], [ -111.98016, 40.415535 ], [ -111.979797, 40.415682 ], [ -111.979568, 40.415747 ], [ -111.979204, 40.415841 ], [ -111.978896, 40.416123 ], [ -111.978859, 40.416156 ], [ -111.978864, 40.416228 ], [ -111.97883, 40.416342 ], [ -111.97879, 40.416635 ], [ -111.978759, 40.416856 ], [ -111.978717, 40.416955 ], [ -111.978658, 40.417091 ], [ -111.978614, 40.4171 ], [ -111.978392, 40.417153 ], [ -111.978164, 40.417231 ], [ -111.977994, 40.417247 ], [ -111.977874, 40.417257 ], [ -111.977585, 40.41726 ], [ -111.977024, 40.417242 ], [ -111.976581, 40.417178 ], [ -111.976268, 40.417121 ], [ -111.976157, 40.417101 ], [ -111.975984, 40.4171 ], [ -111.975632, 40.417101 ], [ -111.974825, 40.417125 ], [ -111.974479, 40.417151 ], [ -111.974326, 40.417161 ], [ -111.973661, 40.417257 ], [ -111.973515, 40.417305 ], [ -111.973271, 40.417386 ], [ -111.973015, 40.417471 ], [ -111.973004, 40.417476 ], [ -111.97254, 40.417667 ], [ -111.972256, 40.417815 ], [ -111.972155, 40.417864 ], [ -111.971586, 40.418085 ], [ -111.970952, 40.418303 ], [ -111.970602, 40.418344 ], [ -111.970421, 40.418374 ], [ -111.970066, 40.418434 ], [ -111.969938, 40.418475 ], [ -111.969838, 40.418508 ], [ -111.969769, 40.418542 ], [ -111.969617, 40.41862 ], [ -111.969482, 40.418722 ], [ -111.969418, 40.418771 ], [ -111.969336, 40.418868 ], [ -111.96927, 40.418948 ], [ -111.969208, 40.418998 ], [ -111.968979, 40.419183 ], [ -111.968761, 40.41936 ], [ -111.968332, 40.41959 ], [ -111.967959, 40.419732 ], [ -111.967903, 40.419748 ], [ -111.967794, 40.419762 ], [ -111.967661, 40.419786 ], [ -111.967409, 40.419828 ], [ -111.967043, 40.419866 ], [ -111.966873, 40.419872 ], [ -111.966483, 40.419889 ], [ -111.966123, 40.419819 ], [ -111.966022, 40.419797 ], [ -111.965667, 40.419697 ], [ -111.965157, 40.41948 ], [ -111.964981, 40.419384 ], [ -111.964947, 40.41937 ], [ -111.964919, 40.419359 ], [ -111.964507, 40.419181 ], [ -111.9644, 40.419131 ], [ -111.964219, 40.419079 ], [ -111.963906, 40.419033 ], [ -111.963832, 40.419022 ], [ -111.963761, 40.419011 ], [ -111.963587, 40.419021 ], [ -111.963235, 40.419042 ], [ -111.962854, 40.419055 ], [ -111.962504, 40.419035 ], [ -111.962019, 40.418952 ], [ -111.961818, 40.418832 ], [ -111.961627, 40.418685 ], [ -111.961395, 40.418553 ], [ -111.961069, 40.418475 ], [ -111.960769, 40.418396 ], [ -111.960404, 40.418363 ], [ -111.960323, 40.41837 ], [ -111.960041, 40.418393 ], [ -111.959794, 40.418526 ], [ -111.959514, 40.418704 ], [ -111.959299, 40.418886 ], [ -111.958983, 40.419064 ], [ -111.958682, 40.419287 ], [ -111.958491, 40.419612 ], [ -111.958418, 40.419863 ], [ -111.958393, 40.419984 ], [ -111.958357, 40.420153 ], [ -111.958349, 40.420363 ], [ -111.958348, 40.42041 ], [ -111.958293, 40.420693 ], [ -111.958214, 40.420893 ], [ -111.958083, 40.421138 ], [ -111.958007, 40.421263 ], [ -111.957915, 40.421414 ], [ -111.957708, 40.421763 ], [ -111.957347, 40.421992 ], [ -111.957284, 40.422005 ], [ -111.957224, 40.422014 ], [ -111.957047, 40.421939 ], [ -111.956904, 40.421831 ], [ -111.956832, 40.421776 ], [ -111.956648, 40.421636 ], [ -111.956332, 40.421433 ], [ -111.955914, 40.421371 ], [ -111.955865, 40.421361 ], [ -111.955754, 40.421351 ], [ -111.955584, 40.421336 ], [ -111.955366, 40.421338 ], [ -111.955049, 40.421354 ], [ -111.954685, 40.421433 ], [ -111.954386, 40.421552 ], [ -111.954023, 40.421817 ], [ -111.953816, 40.422034 ], [ -111.953608, 40.422274 ], [ -111.953475, 40.422491 ], [ -111.953319, 40.422767 ], [ -111.953202, 40.422865 ], [ -111.953027, 40.42301 ], [ -111.95261, 40.423213 ], [ -111.95237, 40.423283 ], [ -111.952182, 40.423328 ], [ -111.951971, 40.423316 ], [ -111.951533, 40.423317 ], [ -111.95134, 40.423311 ], [ -111.95128, 40.423317 ], [ -111.951203, 40.423322 ], [ -111.951034, 40.423324 ], [ -111.950649, 40.423327 ], [ -111.950541, 40.423331 ], [ -111.950108, 40.423349 ], [ -111.949786, 40.423487 ], [ -111.9496, 40.423642 ], [ -111.949308, 40.423833 ], [ -111.949181, 40.423875 ], [ -111.948981, 40.42394 ], [ -111.948815, 40.423995 ], [ -111.948458, 40.424174 ], [ -111.948228, 40.424214 ], [ -111.94791, 40.424272 ], [ -111.947024, 40.424469 ], [ -111.946454, 40.424594 ], [ -111.946015, 40.424815 ], [ -111.945776, 40.424993 ], [ -111.945694, 40.425052 ], [ -111.945317, 40.425411 ], [ -111.945117, 40.425599 ], [ -111.94506, 40.425629 ], [ -111.944604, 40.425894 ], [ -111.94449, 40.425963 ], [ -111.944218, 40.426135 ], [ -111.94306, 40.426803 ], [ -111.942819, 40.426904 ], [ -111.942468, 40.427051 ], [ -111.941964, 40.427336 ], [ -111.941429, 40.427624 ], [ -111.94091, 40.427894 ], [ -111.940522, 40.428148 ], [ -111.940253, 40.428331 ], [ -111.939896, 40.42855 ], [ -111.939576, 40.428805 ], [ -111.939024, 40.429048 ], [ -111.938516, 40.429417 ], [ -111.938337, 40.4295 ], [ -111.938144, 40.429568 ], [ -111.93792, 40.429656 ], [ -111.937673, 40.429784 ], [ -111.937345, 40.429962 ], [ -111.937015, 40.430276 ], [ -111.936884, 40.43035 ], [ -111.936262, 40.430599 ], [ -111.936146, 40.43063 ], [ -111.935564, 40.431011 ], [ -111.935369, 40.431126 ], [ -111.935141, 40.43125 ], [ -111.934509, 40.431607 ], [ -111.934025, 40.431908 ], [ -111.933545, 40.432182 ], [ -111.933272, 40.43241 ], [ -111.933087, 40.432475 ], [ -111.932972, 40.432516 ], [ -111.932849, 40.43258 ], [ -111.932229, 40.432927 ], [ -111.932074, 40.433015 ], [ -111.931835, 40.433159 ], [ -111.931743, 40.433214 ], [ -111.931353, 40.433502 ], [ -111.931153, 40.433611 ], [ -111.930784, 40.433759 ], [ -111.930333, 40.434075 ], [ -111.930168, 40.434272 ], [ -111.930055, 40.434399 ], [ -111.929657, 40.434719 ], [ -111.929406, 40.434922 ], [ -111.927617, 40.436362 ], [ -111.926783, 40.437033 ], [ -111.926249, 40.437464 ], [ -111.926209, 40.437497 ], [ -111.92555, 40.438027 ], [ -111.925313, 40.438218 ], [ -111.924618, 40.438776 ], [ -111.923939, 40.439321 ], [ -111.923788, 40.439443 ], [ -111.923618, 40.439579 ], [ -111.923607, 40.439588 ], [ -111.923183, 40.439929 ], [ -111.922046, 40.440841 ], [ -111.921933, 40.440932 ], [ -111.921746, 40.441082 ], [ -111.921665, 40.441147 ], [ -111.921587, 40.44121 ], [ -111.921478, 40.441297 ], [ -111.921391, 40.441367 ], [ -111.921376, 40.44138 ], [ -111.921207, 40.441515 ], [ -111.921135, 40.441573 ], [ -111.921102, 40.4416 ], [ -111.921038, 40.441651 ], [ -111.920943, 40.441727 ], [ -111.920918, 40.441746 ], [ -111.920855, 40.441797 ], [ -111.920815, 40.441829 ], [ -111.9207, 40.441922 ], [ -111.91912, 40.443191 ], [ -111.918898, 40.443662 ], [ -111.918643, 40.443992 ], [ -111.918448, 40.444335 ], [ -111.918402, 40.444434 ], [ -111.917959, 40.445213 ], [ -111.917828, 40.445624 ], [ -111.917796, 40.445827 ], [ -111.91768, 40.446015 ], [ -111.917652, 40.446062 ], [ -111.917632, 40.446111 ], [ -111.917431, 40.446614 ], [ -111.91733, 40.446655 ], [ -111.917177, 40.447098 ], [ -111.917167, 40.447297 ], [ -111.91688, 40.447897 ], [ -111.916865, 40.447945 ], [ -111.916833, 40.448047 ], [ -111.916726, 40.448275 ], [ -111.916554, 40.448571 ], [ -111.916265, 40.448992 ], [ -111.91605, 40.449602 ], [ -111.915979, 40.449745 ], [ -111.91574, 40.450231 ], [ -111.915701, 40.450393 ], [ -111.915651, 40.450498 ], [ -111.91552, 40.450769 ], [ -111.915335, 40.45116 ], [ -111.915268, 40.451304 ], [ -111.915122, 40.451614 ], [ -111.914903, 40.452012 ], [ -111.914866, 40.45219 ], [ -111.914854, 40.452238 ], [ -111.91481, 40.452246 ], [ -111.913931, 40.452397 ], [ -111.913841, 40.452412 ], [ -111.913664, 40.45244 ], [ -111.913595, 40.45245 ], [ -111.913353, 40.45252 ], [ -111.913313, 40.452523 ], [ -111.913104, 40.45254 ], [ -111.913006, 40.452545 ], [ -111.912954, 40.452557 ], [ -111.912118, 40.452714 ], [ -111.911776, 40.452726 ], [ -111.911611, 40.452745 ], [ -111.911376, 40.452828 ], [ -111.911152, 40.452853 ], [ -111.910665, 40.453001 ], [ -111.910447, 40.45304 ], [ -111.910116, 40.453077 ], [ -111.909889, 40.453142 ], [ -111.909618, 40.453171 ], [ -111.909164, 40.453197 ], [ -111.90857, 40.453278 ], [ -111.908175, 40.453295 ], [ -111.90771, 40.453407 ], [ -111.907609, 40.453465 ], [ -111.90754, 40.453502 ], [ -111.907337, 40.453702 ], [ -111.907221, 40.453884 ], [ -111.907174, 40.453949 ], [ -111.907077, 40.454096 ], [ -111.906963, 40.454363 ], [ -111.906864, 40.454498 ], [ -111.906851, 40.454521 ], [ -111.906809, 40.454606 ], [ -111.906772, 40.454664 ], [ -111.905456, 40.456652 ], [ -111.904769, 40.45769 ], [ -111.904407, 40.458135 ], [ -111.904097, 40.458683 ], [ -111.903777, 40.459113 ], [ -111.903459, 40.459589 ], [ -111.903257, 40.459933 ], [ -111.903135, 40.460069 ], [ -111.903054, 40.460178 ], [ -111.90278, 40.460697 ], [ -111.902175, 40.461441 ], [ -111.902002, 40.461749 ], [ -111.901817, 40.462043 ], [ -111.901643, 40.462287 ], [ -111.90147, 40.462555 ], [ -111.901454, 40.462596 ], [ -111.901376, 40.462818 ], [ -111.901221, 40.463053 ], [ -111.901134, 40.463184 ], [ -111.901033, 40.46331 ], [ -111.900891, 40.463442 ], [ -111.900881, 40.463451 ], [ -111.900828, 40.463475 ], [ -111.900684, 40.463498 ], [ -111.900643, 40.463501 ], [ -111.900516, 40.463499 ], [ -111.90048, 40.463504 ], [ -111.900392, 40.463518 ], [ -111.900295, 40.463516 ], [ -111.900199, 40.463546 ], [ -111.899994, 40.463511 ], [ -111.899683, 40.463513 ], [ -111.898887, 40.46352 ], [ -111.898603, 40.463516 ], [ -111.898314, 40.463511 ], [ -111.897945, 40.463532 ], [ -111.897615, 40.463611 ], [ -111.897409, 40.463663 ], [ -111.897208, 40.463682 ], [ -111.89682, 40.463721 ], [ -111.896512, 40.463763 ], [ -111.896288, 40.463765 ], [ -111.89604, 40.463763 ], [ -111.895479, 40.463779 ], [ -111.895351, 40.463781 ], [ -111.89505, 40.463722 ], [ -111.894766, 40.463697 ], [ -111.89449, 40.463685 ], [ -111.894194, 40.463701 ], [ -111.893941, 40.46369 ], [ -111.893723, 40.463703 ], [ -111.893612, 40.46371 ], [ -111.893488, 40.463736 ], [ -111.893211, 40.463792 ], [ -111.893043, 40.463829 ], [ -111.892889, 40.463881 ], [ -111.892654, 40.463965 ], [ -111.892379, 40.464085 ], [ -111.892175, 40.464194 ], [ -111.891968, 40.4643 ], [ -111.891907, 40.464339 ], [ -111.891747, 40.464441 ], [ -111.891733, 40.464474 ], [ -111.89169, 40.464575 ], [ -111.891592, 40.464738 ], [ -111.891575, 40.464781 ], [ -111.891564, 40.464812 ], [ -111.891505, 40.464965 ], [ -111.891411, 40.465232 ], [ -111.891381, 40.465317 ], [ -111.891364, 40.465408 ], [ -111.891313, 40.465566 ], [ -111.891334, 40.465809 ], [ -111.891323, 40.465881 ], [ -111.891289, 40.465944 ], [ -111.891212, 40.466024 ], [ -111.891149, 40.466089 ], [ -111.891115, 40.466211 ], [ -111.891052, 40.466324 ], [ -111.891011, 40.466337 ], [ -111.890758, 40.466417 ], [ -111.890564, 40.46645 ], [ -111.890288, 40.466506 ], [ -111.889987, 40.466513 ], [ -111.889693, 40.466605 ], [ -111.889364, 40.466765 ], [ -111.889113, 40.466889 ], [ -111.888978, 40.466922 ], [ -111.888784, 40.467094 ], [ -111.888698, 40.467167 ], [ -111.888488, 40.467326 ], [ -111.888237, 40.467544 ], [ -111.888038, 40.467649 ], [ -111.887763, 40.467787 ], [ -111.887568, 40.467815 ], [ -111.887469, 40.467879 ], [ -111.887369, 40.467929 ], [ -111.887158, 40.468021 ], [ -111.887111, 40.468048 ], [ -111.887011, 40.468072 ], [ -111.886937, 40.468221 ], [ -111.886903, 40.46832 ], [ -111.886864, 40.468408 ], [ -111.886829, 40.468488 ], [ -111.886795, 40.468654 ], [ -111.886719, 40.468747 ], [ -111.886716, 40.468931 ], [ -111.886659, 40.468986 ], [ -111.886671, 40.469089 ], [ -111.886601, 40.469153 ], [ -111.886625, 40.46922 ], [ -111.88654, 40.469469 ], [ -111.886401, 40.469632 ], [ -111.886238, 40.46985 ], [ -111.886168, 40.469904 ], [ -111.886016, 40.469964 ], [ -111.885631, 40.47034 ], [ -111.885351, 40.470548 ], [ -111.885088, 40.470735 ], [ -111.884873, 40.470935 ], [ -111.884779, 40.471017 ], [ -111.884745, 40.471028 ], [ -111.884626, 40.471048 ], [ -111.884573, 40.471059 ], [ -111.884338, 40.471173 ], [ -111.883968, 40.471244 ], [ -111.883774, 40.471259 ], [ -111.883681, 40.471293 ], [ -111.883647, 40.471303 ], [ -111.883539, 40.471324 ], [ -111.883475, 40.471435 ], [ -111.883282, 40.471551 ], [ -111.883148, 40.471651 ], [ -111.883009, 40.47185 ], [ -111.882969, 40.471909 ], [ -111.882888, 40.472036 ], [ -111.882838, 40.472121 ], [ -111.882755, 40.472262 ], [ -111.882604, 40.472506 ], [ -111.882551, 40.47254 ], [ -111.882435, 40.472615 ], [ -111.882388, 40.472643 ], [ -111.882239, 40.472688 ], [ -111.882159, 40.472712 ], [ -111.882119, 40.472767 ], [ -111.881943, 40.472831 ], [ -111.881766, 40.472851 ], [ -111.88153, 40.47287 ], [ -111.881153, 40.472905 ], [ -111.881019, 40.473014 ], [ -111.880949, 40.473073 ], [ -111.880802, 40.473092 ], [ -111.880755, 40.473129 ], [ -111.880714, 40.473169 ], [ -111.880691, 40.473197 ], [ -111.880674, 40.473238 ], [ -111.880646, 40.473314 ], [ -111.880641, 40.473328 ], [ -111.880581, 40.473382 ], [ -111.88053, 40.473418 ], [ -111.880328, 40.473577 ], [ -111.88029, 40.473642 ], [ -111.880272, 40.473673 ], [ -111.880214, 40.473723 ], [ -111.880144, 40.473782 ], [ -111.880094, 40.473843 ], [ -111.880074, 40.473868 ], [ -111.880057, 40.473891 ], [ -111.880004, 40.473905 ], [ -111.879881, 40.473941 ], [ -111.879731, 40.474037 ], [ -111.879664, 40.474051 ], [ -111.879498, 40.474057 ], [ -111.879364, 40.474063 ], [ -111.879257, 40.474054 ], [ -111.879197, 40.47405 ], [ -111.879092, 40.474073 ], [ -111.878956, 40.474101 ], [ -111.878856, 40.47412 ], [ -111.878697, 40.474126 ], [ -111.878557, 40.474203 ], [ -111.878444, 40.474256 ], [ -111.878357, 40.47429 ], [ -111.878169, 40.474368 ], [ -111.878017, 40.474464 ], [ -111.877877, 40.474555 ], [ -111.877836, 40.474583 ], [ -111.877801, 40.474614 ], [ -111.877749, 40.474661 ], [ -111.877684, 40.474719 ], [ -111.877501, 40.474881 ], [ -111.877457, 40.474915 ], [ -111.877404, 40.47496 ], [ -111.877351, 40.474973 ], [ -111.877196, 40.475006 ], [ -111.876928, 40.475063 ], [ -111.876686, 40.47506 ], [ -111.876575, 40.475061 ], [ -111.876503, 40.475057 ], [ -111.876461, 40.475073 ], [ -111.876267, 40.475063 ], [ -111.876126, 40.475087 ], [ -111.87599, 40.475137 ], [ -111.87592, 40.475192 ], [ -111.875933, 40.475269 ], [ -111.875838, 40.475357 ], [ -111.875812, 40.475383 ], [ -111.875733, 40.475424 ], [ -111.875699, 40.475441 ], [ -111.875668, 40.475482 ], [ -111.875619, 40.475519 ], [ -111.875512, 40.475578 ], [ -111.875502, 40.475624 ], [ -111.875486, 40.475705 ], [ -111.875456, 40.475749 ], [ -111.875374, 40.475849 ], [ -111.87534, 40.475894 ], [ -111.875317, 40.475918 ], [ -111.875224, 40.476048 ], [ -111.875202, 40.476084 ], [ -111.87515, 40.476126 ], [ -111.875019, 40.476232 ], [ -111.874957, 40.476285 ], [ -111.874936, 40.476294 ], [ -111.874768, 40.476393 ], [ -111.874445, 40.476519 ], [ -111.874373, 40.476523 ], [ -111.874316, 40.476528 ], [ -111.874254, 40.476622 ], [ -111.873749, 40.476821 ], [ -111.87372, 40.476885 ], [ -111.873708, 40.476911 ], [ -111.873621, 40.476966 ], [ -111.873424, 40.477017 ], [ -111.873351, 40.477054 ], [ -111.873303, 40.477051 ], [ -111.873238, 40.477047 ], [ -111.873202, 40.477045 ], [ -111.873167, 40.477045 ], [ -111.872882, 40.476903 ], [ -111.872841, 40.476876 ], [ -111.872751, 40.476814 ], [ -111.872668, 40.476797 ], [ -111.872639, 40.476409 ], [ -111.872607, 40.476345 ], [ -111.87255, 40.476338 ], [ -111.872451, 40.476427 ], [ -111.872386, 40.47642 ], [ -111.872321, 40.476426 ], [ -111.872269, 40.476485 ], [ -111.872211, 40.476548 ], [ -111.872119, 40.476603 ], [ -111.872018, 40.476663 ], [ -111.871959, 40.476696 ], [ -111.871754, 40.476805 ], [ -111.87169, 40.476837 ], [ -111.871655, 40.476859 ], [ -111.871555, 40.476883 ], [ -111.871478, 40.476906 ], [ -111.871437, 40.47692 ], [ -111.871384, 40.476934 ], [ -111.871111, 40.476963 ], [ -111.871072, 40.476965 ], [ -111.871013, 40.476968 ], [ -111.870967, 40.476957 ], [ -111.870907, 40.476946 ], [ -111.87083, 40.476933 ], [ -111.87077, 40.476857 ], [ -111.870658, 40.476827 ], [ -111.870586, 40.476742 ], [ -111.870561, 40.47667 ], [ -111.870528, 40.476508 ], [ -111.870508, 40.476438 ], [ -111.870437, 40.476197 ], [ -111.870377, 40.476139 ], [ -111.870332, 40.47595 ], [ -111.870298, 40.475887 ], [ -111.870249, 40.475807 ], [ -111.870124, 40.475702 ], [ -111.870058, 40.475646 ], [ -111.869874, 40.475539 ], [ -111.869754, 40.475419 ], [ -111.869582, 40.475324 ], [ -111.869457, 40.475254 ], [ -111.86945, 40.475191 ], [ -111.869273, 40.475094 ], [ -111.869206, 40.474977 ], [ -111.869211, 40.474905 ], [ -111.869139, 40.47482 ], [ -111.86912, 40.47473 ], [ -111.869115, 40.474667 ], [ -111.8691, 40.474541 ], [ -111.869092, 40.474457 ], [ -111.86908, 40.474342 ], [ -111.869092, 40.474326 ], [ -111.86912, 40.474293 ], [ -111.869121, 40.474028 ], [ -111.869134, 40.473968 ], [ -111.869024, 40.473658 ], [ -111.868722, 40.473179 ], [ -111.868605, 40.472792 ], [ -111.86855, 40.47263 ], [ -111.868444, 40.472595 ], [ -111.86837, 40.472553 ], [ -111.868343, 40.472539 ], [ -111.868303, 40.472511 ], [ -111.86826, 40.472489 ], [ -111.86801, 40.472383 ], [ -111.867643, 40.472286 ], [ -111.867553, 40.472263 ], [ -111.867336, 40.472207 ], [ -111.867128, 40.472105 ], [ -111.866948, 40.471971 ], [ -111.866714, 40.471618 ], [ -111.866706, 40.471585 ], [ -111.866684, 40.471559 ], [ -111.86664, 40.471528 ], [ -111.866524, 40.471383 ], [ -111.866319, 40.471127 ], [ -111.866283, 40.47108 ], [ -111.866129, 40.470892 ], [ -111.865952, 40.470641 ], [ -111.865923, 40.47061 ], [ -111.86575, 40.470422 ], [ -111.865605, 40.470351 ], [ -111.865488, 40.470284 ], [ -111.864908, 40.470072 ], [ -111.86424, 40.469973 ], [ -111.86399, 40.469786 ], [ -111.863877, 40.46976 ], [ -111.863705, 40.469694 ], [ -111.863652, 40.46966 ], [ -111.863585, 40.469617 ], [ -111.86352, 40.469574 ], [ -111.863468, 40.46954 ], [ -111.86325, 40.469402 ], [ -111.863218, 40.469383 ], [ -111.862971, 40.469251 ], [ -111.862893, 40.469258 ], [ -111.860424, 40.470321 ], [ -111.858567, 40.469373 ], [ -111.858392, 40.469307 ], [ -111.85809, 40.469363 ], [ -111.85783, 40.469394 ], [ -111.857578, 40.469423 ], [ -111.857436, 40.469467 ], [ -111.857336, 40.469538 ], [ -111.857309, 40.469584 ], [ -111.857271, 40.469646 ], [ -111.857194, 40.469803 ], [ -111.856908, 40.470297 ], [ -111.856851, 40.470429 ], [ -111.856821, 40.470498 ], [ -111.856784, 40.470588 ], [ -111.856756, 40.471016 ], [ -111.856731, 40.471122 ], [ -111.8567, 40.47117 ], [ -111.856668, 40.471215 ], [ -111.856658, 40.471227 ], [ -111.856621, 40.471267 ], [ -111.856582, 40.471306 ], [ -111.856564, 40.471323 ], [ -111.856545, 40.471337 ], [ -111.856497, 40.471376 ], [ -111.856452, 40.471408 ], [ -111.856418, 40.471426 ], [ -111.856401, 40.471436 ], [ -111.856344, 40.471465 ], [ -111.856321, 40.471475 ], [ -111.856296, 40.471487 ], [ -111.85623, 40.471512 ], [ -111.856182, 40.471528 ], [ -111.856118, 40.471544 ], [ -111.856054, 40.471558 ], [ -111.856032, 40.471562 ], [ -111.855978, 40.471569 ], [ -111.855943, 40.471573 ], [ -111.855916, 40.471576 ], [ -111.855875, 40.471578 ], [ -111.855849, 40.471579 ], [ -111.855831, 40.47158 ], [ -111.855718, 40.471577 ], [ -111.854374, 40.471354 ], [ -111.854044, 40.47132 ], [ -111.853897, 40.471307 ], [ -111.853773, 40.471305 ], [ -111.853616, 40.471316 ], [ -111.853423, 40.471349 ], [ -111.853283, 40.471378 ], [ -111.853102, 40.471427 ], [ -111.852954, 40.471469 ], [ -111.852822, 40.471498 ], [ -111.852715, 40.471518 ], [ -111.85262, 40.471518 ], [ -111.852513, 40.471513 ], [ -111.852389, 40.471499 ], [ -111.852245, 40.47147 ], [ -111.852134, 40.471447 ], [ -111.852031, 40.47143 ], [ -111.851946, 40.471412 ], [ -111.851877, 40.471399 ], [ -111.851811, 40.471397 ], [ -111.851755, 40.471399 ], [ -111.851687, 40.471402 ], [ -111.851635, 40.471409 ], [ -111.851608, 40.471414 ], [ -111.851482, 40.471432 ], [ -111.851418, 40.471449 ], [ -111.851365, 40.471469 ], [ -111.851285, 40.471498 ], [ -111.851107, 40.471598 ], [ -111.850953, 40.471741 ], [ -111.850909, 40.471902 ], [ -111.850904, 40.471915 ], [ -111.850889, 40.471953 ], [ -111.850879, 40.472002 ], [ -111.850871, 40.472042 ], [ -111.850861, 40.472254 ], [ -111.850906, 40.472354 ], [ -111.850943, 40.472441 ], [ -111.851012, 40.472576 ], [ -111.851071, 40.472714 ], [ -111.85111, 40.472811 ], [ -111.851136, 40.472901 ], [ -111.851162, 40.472994 ], [ -111.851169, 40.473068 ], [ -111.851155, 40.473154 ], [ -111.851132, 40.473233 ], [ -111.851087, 40.473298 ], [ -111.850918, 40.473424 ], [ -111.850861, 40.473457 ], [ -111.85069, 40.473556 ], [ -111.850458, 40.473641 ], [ -111.850336, 40.473711 ], [ -111.850228, 40.473834 ], [ -111.850159, 40.473924 ], [ -111.850129, 40.473987 ], [ -111.850119, 40.47405 ], [ -111.850103, 40.474172 ], [ -111.850097, 40.474232 ], [ -111.85016, 40.474491 ], [ -111.850172, 40.47458 ], [ -111.850175, 40.474651 ], [ -111.850163, 40.474712 ], [ -111.850148, 40.474763 ], [ -111.850102, 40.474854 ], [ -111.850064, 40.47489 ], [ -111.850029, 40.474926 ], [ -111.849971, 40.474972 ], [ -111.849897, 40.475019 ], [ -111.849793, 40.475076 ], [ -111.849695, 40.475117 ], [ -111.849596, 40.475136 ], [ -111.84938, 40.475153 ], [ -111.849085, 40.475164 ], [ -111.848903, 40.475169 ], [ -111.848706, 40.475177 ], [ -111.848564, 40.475189 ], [ -111.848479, 40.475198 ], [ -111.848411, 40.475215 ], [ -111.84834, 40.475231 ], [ -111.848238, 40.475265 ], [ -111.848123, 40.47532 ], [ -111.847955, 40.475442 ], [ -111.847813, 40.475546 ], [ -111.847563, 40.475738 ], [ -111.847375, 40.475876 ], [ -111.847227, 40.475985 ], [ -111.847091, 40.476098 ], [ -111.846935, 40.476227 ], [ -111.846812, 40.476307 ], [ -111.846694, 40.476383 ], [ -111.846551, 40.476461 ], [ -111.846388, 40.476532 ], [ -111.846204, 40.47659 ], [ -111.846029, 40.47663 ], [ -111.845899, 40.476652 ], [ -111.845798, 40.476661 ], [ -111.845528, 40.476666 ], [ -111.845385, 40.476656 ], [ -111.845151, 40.476674 ], [ -111.8451, 40.476665 ], [ -111.844765, 40.476635 ], [ -111.844421, 40.476631 ], [ -111.844258, 40.476642 ], [ -111.844139, 40.47665 ], [ -111.843723, 40.47672 ], [ -111.843562, 40.476357 ], [ -111.843491, 40.476175 ], [ -111.843334, 40.475989 ], [ -111.843273, 40.475916 ], [ -111.843223, 40.475783 ], [ -111.843219, 40.475747 ], [ -111.843262, 40.475573 ], [ -111.843276, 40.475482 ], [ -111.843294, 40.475407 ], [ -111.843287, 40.475353 ], [ -111.84327, 40.475282 ], [ -111.843248, 40.475232 ], [ -111.843185, 40.475121 ], [ -111.843154, 40.475083 ], [ -111.843055, 40.474961 ], [ -111.842952, 40.474822 ], [ -111.842877, 40.474722 ], [ -111.842797, 40.474631 ], [ -111.842683, 40.47454 ], [ -111.842545, 40.474445 ], [ -111.842368, 40.474362 ], [ -111.842117, 40.474269 ], [ -111.842064, 40.474367 ], [ -111.841998, 40.474449 ], [ -111.841911, 40.474528 ], [ -111.841794, 40.474602 ], [ -111.841656, 40.474669 ], [ -111.841534, 40.474716 ], [ -111.841369, 40.474749 ], [ -111.841238, 40.474762 ], [ -111.841071, 40.474758 ], [ -111.840965, 40.474752 ], [ -111.840868, 40.474747 ], [ -111.840764, 40.474743 ], [ -111.840546, 40.474748 ], [ -111.840457, 40.474764 ], [ -111.840373, 40.474798 ], [ -111.840251, 40.474827 ], [ -111.840222, 40.474839 ], [ -111.840132, 40.474879 ], [ -111.84009, 40.474901 ], [ -111.840052, 40.474921 ], [ -111.839981, 40.474856 ], [ -111.839685, 40.474601 ], [ -111.839647, 40.474628 ], [ -111.839488, 40.474742 ], [ -111.839328, 40.474588 ], [ -111.839118, 40.474384 ], [ -111.8391, 40.474409 ], [ -111.838918, 40.474513 ], [ -111.838445, 40.474782 ], [ -111.838432, 40.474789 ], [ -111.838391, 40.474808 ], [ -111.838341, 40.474827 ], [ -111.838291, 40.474842 ], [ -111.838243, 40.474852 ], [ -111.83821, 40.474857 ], [ -111.838183, 40.474859 ], [ -111.83811, 40.474862 ], [ -111.838049, 40.474858 ], [ -111.837992, 40.47485 ], [ -111.837939, 40.474843 ], [ -111.83787, 40.474834 ], [ -111.837794, 40.474825 ], [ -111.837767, 40.474823 ], [ -111.837677, 40.474815 ], [ -111.837601, 40.47481 ], [ -111.837536, 40.474806 ], [ -111.837453, 40.474803 ], [ -111.837356, 40.474801 ], [ -111.837196, 40.474803 ], [ -111.83714, 40.474804 ], [ -111.837121, 40.474804 ], [ -111.8368, 40.474834 ], [ -111.836401, 40.474885 ], [ -111.836245, 40.474917 ], [ -111.836245, 40.47505 ], [ -111.836272, 40.475243 ], [ -111.836282, 40.475418 ], [ -111.836284, 40.475597 ], [ -111.836273, 40.475777 ], [ -111.83626, 40.475874 ], [ -111.836257, 40.475988 ], [ -111.836272, 40.476076 ], [ -111.836302, 40.476169 ], [ -111.836458, 40.476438 ], [ -111.836488, 40.47652 ], [ -111.836497, 40.476556 ], [ -111.836502, 40.476572 ], [ -111.836513, 40.476656 ], [ -111.836512, 40.476714 ], [ -111.83649, 40.476891 ], [ -111.83648, 40.476984 ], [ -111.836417, 40.477233 ], [ -111.836341, 40.477477 ], [ -111.836239, 40.477722 ], [ -111.836158, 40.47783 ], [ -111.836074, 40.477917 ], [ -111.835875, 40.47805 ], [ -111.835692, 40.478163 ], [ -111.835519, 40.478281 ], [ -111.835157, 40.478553 ], [ -111.834796, 40.478917 ], [ -111.834746, 40.478978 ], [ -111.834623, 40.479127 ], [ -111.834572, 40.479223 ], [ -111.834543, 40.479305 ], [ -111.834533, 40.479345 ], [ -111.834484, 40.479542 ], [ -111.834476, 40.479591 ], [ -111.834455, 40.47976 ], [ -111.834458, 40.479865 ], [ -111.834483, 40.479993 ], [ -111.834514, 40.48008 ], [ -111.834541, 40.480161 ], [ -111.834607, 40.480309 ], [ -111.834656, 40.480389 ], [ -111.834691, 40.480446 ], [ -111.834812, 40.48061 ], [ -111.834897, 40.480709 ], [ -111.834933, 40.480769 ], [ -111.834967, 40.48084 ], [ -111.834972, 40.480867 ], [ -111.83498, 40.480904 ], [ -111.834978, 40.481001 ], [ -111.834966, 40.48108 ], [ -111.834888, 40.481247 ], [ -111.834824, 40.481351 ], [ -111.834802, 40.481408 ], [ -111.834787, 40.481468 ], [ -111.834767, 40.481654 ], [ -111.834767, 40.481811 ], [ -111.834255, 40.481821 ], [ -111.834111, 40.481825 ], [ -111.833964, 40.481825 ], [ -111.833307, 40.481824 ], [ -111.833313, 40.482192 ], [ -111.833314, 40.482724 ], [ -111.83132, 40.482739 ], [ -111.829322, 40.48273 ], [ -111.827399, 40.482725 ], [ -111.826322, 40.48272 ], [ -111.826322, 40.482732 ], [ -111.826321, 40.482921 ], [ -111.826316, 40.484825 ], [ -111.826318, 40.486336 ], [ -111.826318, 40.486352 ], [ -111.82621, 40.486351 ], [ -111.822394, 40.486332 ], [ -111.822211, 40.486509 ], [ -111.822153, 40.486535 ], [ -111.818215, 40.488308 ], [ -111.818004, 40.488399 ], [ -111.816829, 40.488907 ], [ -111.816302, 40.48916 ], [ -111.815985, 40.489109 ], [ -111.815633, 40.489051 ], [ -111.81502, 40.488952 ], [ -111.814683, 40.488897 ], [ -111.81228, 40.488471 ], [ -111.811925, 40.488408 ], [ -111.811299, 40.488299 ], [ -111.811047, 40.488273 ], [ -111.810425, 40.488411 ], [ -111.810375, 40.488422 ], [ -111.809865, 40.488489 ], [ -111.809009, 40.48864 ], [ -111.808846, 40.488695 ], [ -111.808488, 40.488899 ], [ -111.808243, 40.489076 ], [ -111.808151, 40.489116 ], [ -111.808073, 40.48915 ], [ -111.807975, 40.489195 ], [ -111.807867, 40.489245 ], [ -111.807635, 40.48927 ], [ -111.807378, 40.489286 ], [ -111.807267, 40.489377 ], [ -111.806836, 40.489834 ], [ -111.806666, 40.490006 ], [ -111.806274, 40.490466 ], [ -111.806255, 40.49048 ], [ -111.806201, 40.490522 ], [ -111.806183, 40.490537 ], [ -111.806075, 40.490632 ], [ -111.806041, 40.490663 ], [ -111.80593, 40.490862 ], [ -111.805853, 40.491 ], [ -111.805783, 40.491126 ], [ -111.805757, 40.491173 ], [ -111.805646, 40.491305 ], [ -111.805445, 40.491546 ], [ -111.805138, 40.491741 ], [ -111.805112, 40.491759 ], [ -111.804918, 40.491755 ], [ -111.804564, 40.491748 ], [ -111.804263, 40.491743 ], [ -111.804083, 40.491739 ], [ -111.80385, 40.491787 ], [ -111.80371, 40.491878 ], [ -111.803658, 40.492017 ], [ -111.80354, 40.492156 ], [ -111.803494, 40.492325 ], [ -111.803452, 40.49248 ], [ -111.803258, 40.493091 ], [ -111.803234, 40.493121 ], [ -111.803047, 40.49335 ], [ -111.802918, 40.493521 ], [ -111.802881, 40.493533 ], [ -111.802744, 40.493607 ], [ -111.802711, 40.493624 ], [ -111.80268, 40.49364 ], [ -111.802622, 40.49367 ], [ -111.80208, 40.493832 ], [ -111.801044, 40.494046 ], [ -111.800667, 40.494089 ], [ -111.800474, 40.494112 ], [ -111.800162, 40.494177 ], [ -111.800038, 40.494211 ], [ -111.799762, 40.494306 ], [ -111.799311, 40.494571 ], [ -111.798872, 40.494921 ], [ -111.798831, 40.494951 ], [ -111.798599, 40.495119 ], [ -111.79851, 40.495189 ], [ -111.798305, 40.495307 ], [ -111.797864, 40.495546 ], [ -111.797411, 40.495593 ], [ -111.797265, 40.495666 ], [ -111.796906, 40.495736 ], [ -111.796715, 40.495783 ], [ -111.795876, 40.495991 ], [ -111.795511, 40.496088 ], [ -111.7952, 40.496167 ], [ -111.795081, 40.496227 ], [ -111.794775, 40.496333 ], [ -111.794304, 40.496401 ], [ -111.794239, 40.496417 ], [ -111.793879, 40.496506 ], [ -111.793743, 40.496539 ], [ -111.793661, 40.496566 ], [ -111.793535, 40.496608 ], [ -111.793142, 40.496808 ], [ -111.792792, 40.496897 ], [ -111.792493, 40.49694 ], [ -111.792087, 40.496979 ], [ -111.791447, 40.497226 ], [ -111.790979, 40.497413 ], [ -111.790686, 40.49748 ], [ -111.790616, 40.497499 ], [ -111.790575, 40.49751 ], [ -111.7905, 40.497531 ], [ -111.79026, 40.497596 ], [ -111.789943, 40.497684 ], [ -111.789566, 40.497851 ], [ -111.789401, 40.498019 ], [ -111.789384, 40.498034 ], [ -111.78935, 40.498065 ], [ -111.78934, 40.498264 ], [ -111.789338, 40.498317 ], [ -111.789362, 40.498496 ], [ -111.789417, 40.498771 ], [ -111.789402, 40.498837 ], [ -111.789229, 40.499595 ], [ -111.789172, 40.499848 ], [ -111.789105, 40.50014 ], [ -111.789098, 40.500677 ], [ -111.789027, 40.501168 ], [ -111.789043, 40.501483 ], [ -111.789085, 40.501717 ], [ -111.789195, 40.501931 ], [ -111.789215, 40.501971 ], [ -111.790415, 40.503245 ], [ -111.790645, 40.503474 ], [ -111.791195, 40.50402 ], [ -111.79143, 40.504348 ], [ -111.791532, 40.504518 ], [ -111.791599, 40.504711 ], [ -111.791685, 40.504959 ], [ -111.791671, 40.505207 ], [ -111.79147, 40.505597 ], [ -111.790936, 40.506381 ], [ -111.790775, 40.506693 ], [ -111.790632, 40.506947 ], [ -111.790544, 40.507105 ], [ -111.790273, 40.507463 ], [ -111.790038, 40.507774 ], [ -111.789602, 40.508327 ], [ -111.789387, 40.508599 ], [ -111.789195, 40.508821 ], [ -111.789057, 40.509127 ], [ -111.789053, 40.509411 ], [ -111.789143, 40.510833 ], [ -111.78909, 40.511077 ], [ -111.788942, 40.511524 ], [ -111.788705, 40.511901 ], [ -111.788548, 40.512091 ], [ -111.7884, 40.512259 ], [ -111.788344, 40.512322 ], [ -111.788251, 40.51251 ], [ -111.788195, 40.512665 ], [ -111.788098, 40.51302 ], [ -111.788071, 40.513295 ], [ -111.788027, 40.51345 ], [ -111.788019, 40.513484 ], [ -111.788016, 40.513509 ], [ -111.787972, 40.513668 ], [ -111.787838, 40.513763 ], [ -111.787541, 40.513824 ], [ -111.787049, 40.513993 ], [ -111.786695, 40.514163 ], [ -111.786536, 40.514223 ], [ -111.786317, 40.51427 ], [ -111.785916, 40.514308 ], [ -111.784952, 40.514499 ], [ -111.784015, 40.514703 ], [ -111.783721, 40.514819 ], [ -111.783584, 40.514897 ], [ -111.783522, 40.514932 ], [ -111.783296, 40.515164 ], [ -111.783182, 40.515495 ], [ -111.78309, 40.515757 ], [ -111.783025, 40.515868 ], [ -111.78294, 40.516012 ], [ -111.782829, 40.516134 ], [ -111.782695, 40.516244 ], [ -111.782097, 40.516493 ], [ -111.782031, 40.516527 ], [ -111.78158, 40.516764 ], [ -111.781433, 40.51686 ], [ -111.78142, 40.516875 ], [ -111.781183, 40.517155 ], [ -111.781073, 40.517353 ], [ -111.781051, 40.517591 ], [ -111.781172, 40.517996 ], [ -111.781269, 40.518273 ], [ -111.781266, 40.518291 ], [ -111.781255, 40.51842 ], [ -111.781249, 40.518432 ], [ -111.78117, 40.518604 ], [ -111.7811, 40.518709 ], [ -111.781069, 40.518735 ], [ -111.781, 40.518792 ], [ -111.780718, 40.518951 ], [ -111.77999, 40.519236 ], [ -111.779737, 40.519323 ], [ -111.779332, 40.519515 ], [ -111.778941, 40.519774 ], [ -111.778928, 40.519782 ], [ -111.778651, 40.51993 ], [ -111.778339, 40.520063 ], [ -111.778275, 40.52009 ], [ -111.777442, 40.520451 ], [ -111.77656, 40.520772 ], [ -111.776202, 40.520919 ], [ -111.77585, 40.521133 ], [ -111.775457, 40.521284 ], [ -111.775397, 40.521307 ], [ -111.775314, 40.521303 ], [ -111.775231, 40.521303 ], [ -111.775072, 40.5213 ], [ -111.7748, 40.521299 ], [ -111.774769, 40.521302 ], [ -111.774557, 40.521334 ], [ -111.774543, 40.521339 ], [ -111.774354, 40.521386 ], [ -111.774009, 40.521591 ], [ -111.773801, 40.521719 ], [ -111.773507, 40.521816 ], [ -111.773467, 40.521829 ], [ -111.77313, 40.521854 ], [ -111.7729, 40.521851 ], [ -111.772667, 40.52187 ], [ -111.772324, 40.521976 ], [ -111.771729, 40.522134 ], [ -111.771405, 40.522181 ], [ -111.771039, 40.522211 ], [ -111.77074, 40.522243 ], [ -111.770445, 40.522318 ], [ -111.770129, 40.522451 ], [ -111.769911, 40.522524 ], [ -111.769768, 40.522561 ], [ -111.76966, 40.522613 ], [ -111.769634, 40.522625 ], [ -111.769413, 40.522793 ], [ -111.769209, 40.522996 ], [ -111.769015, 40.523169 ], [ -111.768721, 40.523319 ], [ -111.768659, 40.523349 ], [ -111.768458, 40.523437 ], [ -111.768115, 40.523658 ], [ -111.767924, 40.523901 ], [ -111.767601, 40.52415 ], [ -111.767245, 40.524351 ], [ -111.766682, 40.524668 ], [ -111.766397, 40.525188 ], [ -111.766231, 40.525327 ], [ -111.766108, 40.525462 ], [ -111.76601, 40.52563 ], [ -111.765899, 40.525757 ], [ -111.765718, 40.525894 ], [ -111.765506, 40.52603 ], [ -111.765095, 40.526433 ], [ -111.76473, 40.526665 ], [ -111.764457, 40.526811 ], [ -111.764084, 40.526916 ], [ -111.763646, 40.52731 ], [ -111.763562, 40.527412 ], [ -111.763225, 40.527953 ], [ -111.763004, 40.52816 ], [ -111.762809, 40.528343 ], [ -111.762752, 40.528377 ], [ -111.762683, 40.528467 ], [ -111.762632, 40.528597 ], [ -111.762632, 40.528763 ], [ -111.76265, 40.528831 ], [ -111.762723, 40.529019 ], [ -111.76269, 40.529093 ], [ -111.762674, 40.529117 ], [ -111.762661, 40.529126 ], [ -111.762587, 40.529173 ], [ -111.762368, 40.529238 ], [ -111.761696, 40.529274 ], [ -111.761172, 40.529275 ], [ -111.760563, 40.529243 ], [ -111.760279, 40.529181 ], [ -111.760076, 40.529095 ], [ -111.759792, 40.528859 ], [ -111.759746, 40.528821 ], [ -111.759619, 40.528716 ], [ -111.759476, 40.528629 ], [ -111.75918, 40.528572 ], [ -111.758919, 40.528506 ], [ -111.758667, 40.528445 ], [ -111.758177, 40.528473 ], [ -111.757918, 40.528536 ], [ -111.757853, 40.52854 ], [ -111.757787, 40.52854 ], [ -111.757525, 40.528428 ], [ -111.757269, 40.528215 ], [ -111.757204, 40.528161 ], [ -111.756872, 40.527987 ], [ -111.756556, 40.527863 ], [ -111.756361, 40.527733 ], [ -111.756195, 40.527554 ], [ -111.75605, 40.527297 ], [ -111.755966, 40.527006 ], [ -111.755735, 40.526682 ], [ -111.755556, 40.526478 ], [ -111.755449, 40.526402 ], [ -111.755369, 40.526379 ], [ -111.753169, 40.525742 ], [ -111.753103, 40.525691 ], [ -111.753058, 40.525666 ], [ -111.752991, 40.525627 ], [ -111.752769, 40.525435 ], [ -111.752323, 40.525073 ], [ -111.752004, 40.524924 ], [ -111.751575, 40.524773 ], [ -111.751125, 40.524616 ], [ -111.750747, 40.524493 ], [ -111.750468, 40.524342 ], [ -111.750055, 40.524188 ], [ -111.749842, 40.524201 ], [ -111.749613, 40.524253 ], [ -111.749226, 40.524333 ], [ -111.749093, 40.52436 ], [ -111.74881, 40.524398 ], [ -111.748687, 40.524415 ], [ -111.748585, 40.524406 ], [ -111.748297, 40.524377 ], [ -111.747853, 40.524399 ], [ -111.747723, 40.524413 ], [ -111.747404, 40.524382 ], [ -111.746887, 40.524201 ], [ -111.746437, 40.523928 ], [ -111.746078, 40.523695 ], [ -111.745848, 40.523545 ], [ -111.744856, 40.522929 ], [ -111.744439, 40.522627 ], [ -111.744226, 40.522552 ], [ -111.743966, 40.522514 ], [ -111.743831, 40.522502 ], [ -111.74372, 40.522515 ], [ -111.743173, 40.52269 ], [ -111.74282, 40.522827 ], [ -111.742632, 40.5229 ], [ -111.742099, 40.523215 ], [ -111.741913, 40.523304 ], [ -111.741292, 40.523594 ], [ -111.740765, 40.523801 ], [ -111.740593, 40.523865 ], [ -111.740169, 40.523877 ], [ -111.739847, 40.523981 ], [ -111.739582, 40.524283 ], [ -111.739249, 40.524829 ], [ -111.739082, 40.525159 ], [ -111.738904, 40.525642 ], [ -111.738786, 40.526209 ], [ -111.738758, 40.526489 ], [ -111.738714, 40.526733 ], [ -111.738588, 40.526945 ], [ -111.738324, 40.52712 ], [ -111.738134, 40.527222 ], [ -111.738124, 40.527229 ], [ -111.738104, 40.527249 ], [ -111.73792, 40.527452 ], [ -111.737804, 40.527606 ], [ -111.737707, 40.527957 ], [ -111.737568, 40.528202 ], [ -111.737399, 40.528433 ], [ -111.737179, 40.528546 ], [ -111.736917, 40.528712 ], [ -111.736773, 40.528901 ], [ -111.73675, 40.528973 ], [ -111.736681, 40.529194 ], [ -111.736638, 40.529644 ], [ -111.73672, 40.530084 ], [ -111.736723, 40.530378 ], [ -111.736694, 40.530539 ], [ -111.736591, 40.530881 ], [ -111.736486, 40.531319 ], [ -111.736379, 40.531689 ], [ -111.736287, 40.531919 ], [ -111.736128, 40.532062 ], [ -111.735589, 40.532363 ], [ -111.735394, 40.532495 ], [ -111.735263, 40.532578 ], [ -111.735106, 40.532691 ], [ -111.735085, 40.532694 ], [ -111.735068, 40.532696 ], [ -111.734969, 40.532704 ], [ -111.734922, 40.532692 ], [ -111.734839, 40.532673 ], [ -111.734674, 40.532619 ], [ -111.734661, 40.532617 ], [ -111.734529, 40.532596 ], [ -111.734365, 40.53257 ], [ -111.734099, 40.53248 ], [ -111.733927, 40.532364 ], [ -111.733765, 40.532112 ], [ -111.733685, 40.531928 ], [ -111.733631, 40.531798 ], [ -111.733398, 40.53153 ], [ -111.73326, 40.53141 ], [ -111.733088, 40.531239 ], [ -111.73291, 40.531068 ], [ -111.732735, 40.530746 ], [ -111.732668, 40.530587 ], [ -111.732595, 40.530449 ], [ -111.732297, 40.530249 ], [ -111.731799, 40.530033 ], [ -111.731469, 40.529942 ], [ -111.73128, 40.529916 ], [ -111.731211, 40.529906 ], [ -111.731114, 40.529893 ], [ -111.73084, 40.529881 ], [ -111.730159, 40.529744 ], [ -111.729639, 40.529719 ], [ -111.729017, 40.529872 ], [ -111.728701, 40.529804 ], [ -111.728603, 40.529762 ], [ -111.728454, 40.529668 ], [ -111.728345, 40.529617 ], [ -111.728294, 40.529594 ], [ -111.727975, 40.529542 ], [ -111.72765, 40.52953 ], [ -111.727403, 40.529468 ], [ -111.727361, 40.529461 ], [ -111.727294, 40.529444 ], [ -111.727021, 40.529355 ], [ -111.726803, 40.529265 ], [ -111.726685, 40.529162 ], [ -111.72662, 40.529068 ], [ -111.726588, 40.528924 ], [ -111.726586, 40.528789 ], [ -111.726588, 40.528741 ], [ -111.726597, 40.528635 ], [ -111.726484, 40.528484 ], [ -111.72644, 40.528447 ], [ -111.726291, 40.528348 ], [ -111.725858, 40.52814 ], [ -111.725672, 40.528059 ], [ -111.72546, 40.527939 ], [ -111.725228, 40.527777 ], [ -111.724955, 40.527544 ], [ -111.724665, 40.5271 ], [ -111.724456, 40.52691 ], [ -111.72419, 40.526717 ], [ -111.724072, 40.526633 ], [ -111.72382, 40.526455 ], [ -111.723732, 40.526392 ], [ -111.723215, 40.52613 ], [ -111.722925, 40.526028 ], [ -111.72264, 40.525939 ], [ -111.72238, 40.525818 ], [ -111.7221, 40.525563 ], [ -111.722033, 40.525501 ], [ -111.721939, 40.52543 ], [ -111.72175, 40.525324 ], [ -111.721648, 40.52529 ], [ -111.721401, 40.525244 ], [ -111.721146, 40.525242 ], [ -111.720854, 40.525194 ], [ -111.720567, 40.525149 ], [ -111.720385, 40.525167 ], [ -111.720227, 40.525227 ], [ -111.719973, 40.525361 ], [ -111.719271, 40.525841 ], [ -111.718843, 40.526134 ], [ -111.718463, 40.526394 ], [ -111.718343, 40.52643 ], [ -111.717803, 40.526659 ], [ -111.71736, 40.52682 ], [ -111.717226, 40.52691 ], [ -111.716796, 40.527238 ], [ -111.716364, 40.527641 ], [ -111.715934, 40.528295 ], [ -111.715615, 40.528839 ], [ -111.715312, 40.529326 ], [ -111.715013, 40.529914 ], [ -111.714729, 40.530461 ], [ -111.714405, 40.531044 ], [ -111.714186, 40.531528 ], [ -111.71403, 40.53187 ], [ -111.713842, 40.532098 ], [ -111.713471, 40.532444 ], [ -111.713335, 40.532573 ], [ -111.71318, 40.532655 ], [ -111.713141, 40.532695 ], [ -111.713078, 40.53269 ], [ -111.712979, 40.532682 ], [ -111.712877, 40.532673 ], [ -111.712629, 40.532607 ], [ -111.712096, 40.532521 ], [ -111.711408, 40.5325 ], [ -111.711376, 40.532499 ], [ -111.710429, 40.532607 ], [ -111.708884, 40.532929 ], [ -111.708459, 40.532975 ], [ -111.708126, 40.532987 ], [ -111.707949, 40.532999 ], [ -111.707459, 40.533081 ], [ -111.706752, 40.533229 ], [ -111.706434, 40.533335 ], [ -111.706113, 40.533539 ], [ -111.705918, 40.533653 ], [ -111.705692, 40.5337 ], [ -111.70564, 40.5337 ], [ -111.705543, 40.533704 ], [ -111.705314, 40.533675 ], [ -111.704798, 40.533529 ], [ -111.703013, 40.533585 ], [ -111.702038, 40.533592 ], [ -111.701808, 40.533606 ], [ -111.701424, 40.533673 ], [ -111.70076, 40.533869 ], [ -111.69988, 40.534355 ], [ -111.699629, 40.534543 ], [ -111.699412, 40.53477 ], [ -111.699244, 40.534958 ], [ -111.699132, 40.535046 ], [ -111.699099, 40.535062 ], [ -111.699074, 40.535085 ], [ -111.698902, 40.535191 ], [ -111.698739, 40.535312 ], [ -111.698589, 40.535479 ], [ -111.698454, 40.535607 ], [ -111.698317, 40.53568 ], [ -111.698216, 40.535708 ], [ -111.698154, 40.535707 ], [ -111.698113, 40.535728 ], [ -111.697939, 40.535672 ], [ -111.69774, 40.535575 ], [ -111.697332, 40.535425 ], [ -111.696721, 40.535204 ], [ -111.696266, 40.535067 ], [ -111.696253, 40.535062 ], [ -111.695934, 40.534941 ], [ -111.695666, 40.534755 ], [ -111.695578, 40.534698 ], [ -111.695428, 40.534603 ], [ -111.695008, 40.534443 ], [ -111.694344, 40.53421 ], [ -111.693497, 40.53398 ], [ -111.692632, 40.533738 ], [ -111.691614, 40.533513 ], [ -111.691428, 40.533469 ], [ -111.691006, 40.533369 ], [ -111.690574, 40.533281 ], [ -111.690177, 40.53313 ], [ -111.690005, 40.533065 ], [ -111.688, 40.532131 ], [ -111.686917, 40.53179 ], [ -111.684626, 40.531309 ], [ -111.684518, 40.531348 ], [ -111.684394, 40.5314 ], [ -111.684082, 40.531555 ], [ -111.683788, 40.531637 ], [ -111.683405, 40.531765 ], [ -111.683006, 40.531975 ], [ -111.682349, 40.532412 ], [ -111.68197, 40.532695 ], [ -111.681627, 40.532847 ], [ -111.681498, 40.532894 ], [ -111.681349, 40.532919 ], [ -111.681314, 40.532918 ], [ -111.681155, 40.532915 ], [ -111.681135, 40.532914 ], [ -111.680963, 40.532869 ], [ -111.680636, 40.532723 ], [ -111.680216, 40.532523 ], [ -111.679664, 40.532215 ], [ -111.679063, 40.53193 ], [ -111.67878, 40.531779 ], [ -111.678604, 40.531737 ], [ -111.678451, 40.53175 ], [ -111.678327, 40.531787 ], [ -111.678175, 40.531851 ], [ -111.677788, 40.532083 ], [ -111.67726, 40.53231 ], [ -111.677198, 40.532336 ], [ -111.676586, 40.532523 ], [ -111.676348, 40.532623 ], [ -111.67604, 40.532788 ], [ -111.67597, 40.532812 ], [ -111.675688, 40.532874 ], [ -111.675671, 40.532883 ], [ -111.675437, 40.533024 ], [ -111.675274, 40.533205 ], [ -111.675164, 40.533394 ], [ -111.675002, 40.53375 ], [ -111.67477, 40.534131 ], [ -111.674557, 40.534542 ], [ -111.67433, 40.534985 ], [ -111.674121, 40.535337 ], [ -111.673889, 40.53574 ], [ -111.673787, 40.536185 ], [ -111.673742, 40.536514 ], [ -111.673662, 40.53674 ], [ -111.673512, 40.537021 ], [ -111.673074, 40.537528 ], [ -111.672893, 40.537697 ], [ -111.672685, 40.537842 ], [ -111.6725, 40.537965 ], [ -111.672242, 40.538078 ], [ -111.671847, 40.538097 ], [ -111.671637, 40.538083 ], [ -111.671354, 40.538119 ], [ -111.670972, 40.538249 ], [ -111.67046, 40.538531 ], [ -111.670221, 40.538708 ], [ -111.669987, 40.538871 ], [ -111.669715, 40.539035 ], [ -111.669696, 40.539043 ], [ -111.669295, 40.539138 ], [ -111.669038, 40.539208 ], [ -111.668784, 40.539318 ], [ -111.668651, 40.539418 ], [ -111.668428, 40.53959 ], [ -111.668142, 40.539804 ], [ -111.667855, 40.539959 ], [ -111.667108, 40.540256 ], [ -111.666549, 40.54047 ], [ -111.666185, 40.540613 ], [ -111.665471, 40.540844 ], [ -111.664922, 40.541018 ], [ -111.664252, 40.541182 ], [ -111.664099, 40.541219 ], [ -111.663976, 40.541291 ], [ -111.663855, 40.541435 ], [ -111.663757, 40.541652 ], [ -111.663683, 40.542111 ], [ -111.663656, 40.542313 ], [ -111.66353, 40.542602 ], [ -111.663118, 40.543341 ], [ -111.662806, 40.543991 ], [ -111.662538, 40.544597 ], [ -111.662531, 40.544611 ], [ -111.662268, 40.545292 ], [ -111.66215, 40.545454 ], [ -111.661869, 40.5459 ], [ -111.66186, 40.545921 ], [ -111.661573, 40.546517 ], [ -111.661376, 40.54695 ], [ -111.661262, 40.54732 ], [ -111.661274, 40.547591 ], [ -111.661369, 40.547909 ], [ -111.661551, 40.548296 ], [ -111.661638, 40.54877 ], [ -111.661821, 40.549254 ], [ -111.661865, 40.549451 ], [ -111.661866, 40.549569 ], [ -111.661857, 40.549599 ], [ -111.661846, 40.549636 ], [ -111.661805, 40.549715 ], [ -111.661712, 40.549782 ], [ -111.661613, 40.549863 ], [ -111.661394, 40.550033 ], [ -111.66076, 40.550405 ], [ -111.660178, 40.550684 ], [ -111.659699, 40.550871 ], [ -111.659638, 40.550895 ], [ -111.659048, 40.551105 ], [ -111.658478, 40.551286 ], [ -111.658281, 40.551348 ], [ -111.658018, 40.551431 ], [ -111.657446, 40.551623 ], [ -111.657087, 40.551734 ], [ -111.656737, 40.551808 ], [ -111.656289, 40.551834 ], [ -111.656119, 40.55182 ], [ -111.655515, 40.551753 ], [ -111.654699, 40.551678 ], [ -111.654079, 40.551627 ], [ -111.653724, 40.551607 ], [ -111.65321, 40.551569 ], [ -111.652813, 40.551522 ], [ -111.652289, 40.551412 ], [ -111.65203, 40.551356 ], [ -111.651706, 40.551285 ], [ -111.65124, 40.551143 ], [ -111.650938, 40.551069 ], [ -111.650674, 40.551047 ], [ -111.650492, 40.551076 ], [ -111.650309, 40.551164 ], [ -111.650152, 40.551291 ], [ -111.650136, 40.551318 ], [ -111.650094, 40.551389 ], [ -111.650043, 40.551618 ], [ -111.64998, 40.551966 ], [ -111.649952, 40.552145 ], [ -111.64989, 40.552299 ], [ -111.649795, 40.552487 ], [ -111.649695, 40.552609 ], [ -111.649494, 40.552856 ], [ -111.649203, 40.553286 ], [ -111.648929, 40.553743 ], [ -111.648698, 40.554149 ], [ -111.648446, 40.554457 ], [ -111.64812, 40.554775 ], [ -111.647692, 40.555101 ], [ -111.647222, 40.555459 ], [ -111.64676, 40.555853 ], [ -111.646651, 40.55593 ], [ -111.646475, 40.556071 ], [ -111.646336, 40.556274 ], [ -111.646083, 40.557056 ], [ -111.646024, 40.557536 ], [ -111.645879, 40.558118 ], [ -111.645706, 40.559438 ], [ -111.645683, 40.559583 ], [ -111.645643, 40.559758 ], [ -111.645556, 40.559941 ], [ -111.645195, 40.560365 ], [ -111.645026, 40.560692 ], [ -111.64497, 40.560777 ], [ -111.644817, 40.560886 ], [ -111.644668, 40.560928 ], [ -111.644168, 40.561061 ], [ -111.6435, 40.561382 ], [ -111.642425, 40.561876 ], [ -111.641993, 40.562154 ], [ -111.641702, 40.562426 ], [ -111.641433, 40.562786 ], [ -111.641201, 40.563167 ], [ -111.641017, 40.563443 ], [ -111.640882, 40.563625 ], [ -111.640834, 40.563691 ], [ -111.640646, 40.563869 ], [ -111.640389, 40.564176 ], [ -111.640004, 40.564605 ], [ -111.639726, 40.564949 ], [ -111.639493, 40.565256 ], [ -111.639239, 40.56563 ], [ -111.639188, 40.565741 ], [ -111.638996, 40.566153 ], [ -111.638746, 40.566533 ], [ -111.638467, 40.567035 ], [ -111.638183, 40.567621 ], [ -111.638091, 40.567764 ], [ -111.63803, 40.567831 ], [ -111.637897, 40.567979 ], [ -111.637736, 40.568064 ], [ -111.637677, 40.568089 ], [ -111.637524, 40.568115 ], [ -111.637341, 40.568119 ], [ -111.636834, 40.568112 ], [ -111.636532, 40.568136 ], [ -111.636465, 40.568137 ], [ -111.636238, 40.568167 ], [ -111.635788, 40.568227 ], [ -111.63557, 40.568234 ], [ -111.635444, 40.568236 ], [ -111.63528, 40.568228 ], [ -111.635121, 40.56822 ], [ -111.634653, 40.568107 ], [ -111.634287, 40.56795 ], [ -111.634049, 40.567798 ], [ -111.633937, 40.567668 ], [ -111.633823, 40.567547 ], [ -111.633686, 40.567467 ], [ -111.633488, 40.567408 ], [ -111.632964, 40.567331 ], [ -111.632198, 40.567173 ], [ -111.631441, 40.567005 ], [ -111.630999, 40.566934 ], [ -111.630823, 40.566932 ], [ -111.630692, 40.566929 ], [ -111.630621, 40.566933 ], [ -111.630556, 40.566935 ], [ -111.630415, 40.56694 ], [ -111.630356, 40.56694 ], [ -111.630113, 40.566941 ], [ -111.629998, 40.566935 ], [ -111.629882, 40.566936 ], [ -111.629802, 40.566927 ], [ -111.629775, 40.566929 ], [ -111.629664, 40.566923 ], [ -111.629386, 40.566906 ], [ -111.629147, 40.566845 ], [ -111.628841, 40.566716 ], [ -111.628263, 40.566444 ], [ -111.628091, 40.566382 ], [ -111.62789, 40.56632 ], [ -111.627869, 40.566315 ], [ -111.627823, 40.566294 ], [ -111.627258, 40.566199 ], [ -111.627069, 40.56613 ], [ -111.626678, 40.566125 ], [ -111.626654, 40.566121 ], [ -111.626618, 40.566116 ], [ -111.626597, 40.566114 ], [ -111.626509, 40.566076 ], [ -111.626419, 40.56604 ], [ -111.626284, 40.565994 ], [ -111.626149, 40.565972 ], [ -111.625946, 40.565982 ], [ -111.625867, 40.56597 ], [ -111.625798, 40.56596 ], [ -111.625715, 40.565971 ], [ -111.625686, 40.565974 ], [ -111.625663, 40.565975 ], [ -111.625627, 40.565982 ], [ -111.62551, 40.565998 ], [ -111.625474, 40.565996 ], [ -111.625425, 40.565994 ], [ -111.62538, 40.565993 ], [ -111.62509, 40.565974 ], [ -111.624871, 40.565919 ], [ -111.624825, 40.565912 ], [ -111.6246, 40.565866 ], [ -111.624361, 40.565817 ], [ -111.624078, 40.565764 ], [ -111.623841, 40.56572 ], [ -111.623293, 40.565579 ], [ -111.623012, 40.565502 ], [ -111.622717, 40.565514 ], [ -111.622199, 40.565517 ], [ -111.621748, 40.565482 ], [ -111.620848, 40.565304 ], [ -111.620508, 40.565227 ], [ -111.620367, 40.565203 ], [ -111.620253, 40.565184 ], [ -111.619878, 40.565159 ], [ -111.619551, 40.565179 ], [ -111.618996, 40.565182 ], [ -111.61852, 40.565187 ], [ -111.618088, 40.565191 ], [ -111.617343, 40.5652 ], [ -111.616536, 40.56521 ], [ -111.615816, 40.565259 ], [ -111.615096, 40.565406 ], [ -111.61503, 40.565416 ], [ -111.614662, 40.565444 ], [ -111.614326, 40.565471 ], [ -111.614241, 40.565477 ], [ -111.614223, 40.565476 ], [ -111.613756, 40.56546 ], [ -111.613624, 40.565439 ], [ -111.613111, 40.565336 ], [ -111.612626, 40.565267 ], [ -111.612278, 40.565312 ], [ -111.612059, 40.565371 ], [ -111.611614, 40.565623 ], [ -111.611554, 40.565676 ], [ -111.61145, 40.565768 ], [ -111.611345, 40.565831 ], [ -111.611301, 40.565858 ], [ -111.611264, 40.56588 ], [ -111.611194, 40.565899 ], [ -111.611122, 40.56592 ], [ -111.610967, 40.565923 ], [ -111.61071, 40.565883 ], [ -111.610637, 40.565857 ], [ -111.610456, 40.565794 ], [ -111.609871, 40.565545 ], [ -111.609135, 40.565212 ], [ -111.608727, 40.5651 ], [ -111.608678, 40.56508 ], [ -111.608045, 40.564966 ], [ -111.607688, 40.564942 ], [ -111.607274, 40.564898 ], [ -111.606573, 40.564758 ], [ -111.60634, 40.564689 ], [ -111.606311, 40.564678 ], [ -111.606134, 40.56456 ], [ -111.606021, 40.564459 ], [ -111.605938, 40.564388 ], [ -111.605784, 40.564388 ], [ -111.605774, 40.564393 ], [ -111.605727, 40.564411 ], [ -111.605677, 40.564454 ], [ -111.605591, 40.564617 ], [ -111.605529, 40.564712 ], [ -111.60536, 40.564942 ], [ -111.604557, 40.565838 ], [ -111.604404, 40.565991 ], [ -111.604142, 40.56628 ], [ -111.603923, 40.566482 ], [ -111.60361, 40.566815 ], [ -111.60315, 40.567254 ], [ -111.603092, 40.567311 ], [ -111.602904, 40.567498 ], [ -111.602789, 40.567743 ], [ -111.602637, 40.568067 ], [ -111.60228, 40.568777 ], [ -111.602154, 40.569106 ], [ -111.601803, 40.57027 ], [ -111.601807, 40.570594 ], [ -111.601818, 40.570649 ], [ -111.601923, 40.571199 ], [ -111.601932, 40.57129 ], [ -111.601947, 40.57144 ], [ -111.602046, 40.571818 ], [ -111.602404, 40.572357 ], [ -111.602593, 40.572779 ], [ -111.602664, 40.573459 ], [ -111.602709, 40.573805 ], [ -111.602689, 40.574235 ], [ -111.602566, 40.574685 ], [ -111.602497, 40.57484 ], [ -111.602239, 40.575328 ], [ -111.602042, 40.575529 ], [ -111.601729, 40.57584 ], [ -111.601266, 40.576251 ], [ -111.600985, 40.576462 ], [ -111.600679, 40.57669 ], [ -111.600404, 40.576868 ], [ -111.600095, 40.577065 ], [ -111.599825, 40.577219 ], [ -111.599457, 40.577426 ], [ -111.598857, 40.577711 ], [ -111.598622, 40.577836 ], [ -111.598504, 40.577858 ], [ -111.598338, 40.577903 ], [ -111.598079, 40.577908 ], [ -111.597875, 40.577914 ], [ -111.597107, 40.577781 ], [ -111.59581, 40.577483 ], [ -111.594544, 40.577191 ], [ -111.594247, 40.57713 ], [ -111.594038, 40.577069 ], [ -111.593942, 40.577066 ], [ -111.593892, 40.577065 ], [ -111.593879, 40.577063 ], [ -111.593778, 40.577045 ], [ -111.593649, 40.577044 ], [ -111.593233, 40.576343 ], [ -111.592918, 40.575993 ], [ -111.592856, 40.575923 ], [ -111.592394, 40.575453 ], [ -111.592187, 40.575353 ], [ -111.592051, 40.575203 ], [ -111.591946, 40.575032 ], [ -111.59185, 40.574625 ], [ -111.591828, 40.574026 ], [ -111.591898, 40.573593 ], [ -111.591922, 40.573384 ], [ -111.591881, 40.573219 ], [ -111.591876, 40.573183 ], [ -111.59178, 40.573042 ], [ -111.591618, 40.572818 ], [ -111.591385, 40.572531 ], [ -111.591016, 40.57219 ], [ -111.590861, 40.572047 ], [ -111.590569, 40.571843 ], [ -111.589952, 40.571412 ], [ -111.589061, 40.570921 ], [ -111.58899, 40.570883 ], [ -111.588189, 40.570466 ], [ -111.587779, 40.570234 ], [ -111.587541, 40.570019 ], [ -111.58725, 40.569754 ], [ -111.587137, 40.569674 ], [ -111.586595, 40.569177 ], [ -111.586558, 40.569154 ], [ -111.586184, 40.568919 ], [ -111.586136, 40.568889 ], [ -111.586096, 40.568864 ], [ -111.585805, 40.568716 ], [ -111.585745, 40.568693 ], [ -111.585637, 40.568627 ], [ -111.585427, 40.568586 ], [ -111.585201, 40.568522 ], [ -111.584727, 40.568398 ], [ -111.584106, 40.568234 ], [ -111.583869, 40.568154 ], [ -111.583596, 40.568012 ], [ -111.582751, 40.567349 ], [ -111.582144, 40.566807 ], [ -111.581745, 40.566458 ], [ -111.581632, 40.566346 ], [ -111.581554, 40.566247 ], [ -111.581477, 40.566087 ], [ -111.581474, 40.566076 ], [ -111.58143, 40.565897 ], [ -111.581421, 40.56586 ], [ -111.58137, 40.565724 ], [ -111.581147, 40.565453 ], [ -111.580934, 40.565204 ], [ -111.580807, 40.564972 ], [ -111.580738, 40.564871 ], [ -111.580684, 40.564761 ], [ -111.580576, 40.564464 ], [ -111.580494, 40.564143 ], [ -111.580489, 40.564126 ], [ -111.580385, 40.563568 ], [ -111.580125, 40.56284 ], [ -111.580034, 40.562557 ], [ -111.5799, 40.562102 ], [ -111.579815, 40.561756 ], [ -111.579759, 40.5615 ], [ -111.579752, 40.561355 ], [ -111.579727, 40.561225 ], [ -111.579637, 40.561059 ], [ -111.57947, 40.560794 ], [ -111.579236, 40.560372 ], [ -111.579121, 40.560048 ], [ -111.578983, 40.559783 ], [ -111.578607, 40.559384 ], [ -111.578389, 40.559004 ], [ -111.578307, 40.558828 ], [ -111.578144, 40.558536 ], [ -111.577996, 40.558337 ], [ -111.577913, 40.558268 ], [ -111.577805, 40.558157 ], [ -111.577519, 40.557835 ], [ -111.577197, 40.557517 ], [ -111.577018, 40.557248 ], [ -111.576862, 40.557019 ], [ -111.576557, 40.55652 ], [ -111.576215, 40.555914 ], [ -111.575897, 40.55537 ], [ -111.57564, 40.55498 ], [ -111.575556, 40.554859 ], [ -111.575357, 40.554537 ], [ -111.575251, 40.554365 ], [ -111.575215, 40.554315 ], [ -111.574816, 40.553939 ], [ -111.574369, 40.553513 ], [ -111.574102, 40.553181 ], [ -111.573923, 40.553047 ], [ -111.573756, 40.552899 ], [ -111.573565, 40.552631 ], [ -111.573427, 40.552468 ], [ -111.573276, 40.552365 ], [ -111.573125, 40.552303 ], [ -111.572882, 40.552183 ], [ -111.572624, 40.551976 ], [ -111.57261, 40.551968 ], [ -111.572533, 40.551893 ], [ -111.572185, 40.551528 ], [ -111.57199, 40.551364 ], [ -111.571752, 40.551242 ], [ -111.571667, 40.551215 ], [ -111.571544, 40.551176 ], [ -111.571341, 40.551148 ], [ -111.57132, 40.551145 ], [ -111.571133, 40.551167 ], [ -111.571119, 40.551169 ], [ -111.571019, 40.551165 ], [ -111.570924, 40.551162 ], [ -111.57077, 40.551117 ], [ -111.570545, 40.551023 ], [ -111.57032, 40.550885 ], [ -111.570141, 40.550737 ], [ -111.570016, 40.550607 ], [ -111.569811, 40.550367 ], [ -111.569593, 40.550113 ], [ -111.569145, 40.549512 ], [ -111.569072, 40.549408 ], [ -111.568864, 40.549112 ], [ -111.568772, 40.548785 ], [ -111.568767, 40.54876 ], [ -111.568668, 40.548298 ], [ -111.568452, 40.547939 ], [ -111.568358, 40.547853 ], [ -111.568042, 40.547612 ], [ -111.567882, 40.547482 ], [ -111.567809, 40.547374 ], [ -111.567755, 40.54724 ], [ -111.567754, 40.547055 ], [ -111.567766, 40.546993 ], [ -111.567893, 40.546716 ], [ -111.568032, 40.546454 ], [ -111.568231, 40.546233 ], [ -111.568548, 40.545935 ], [ -111.568961, 40.545676 ], [ -111.569378, 40.545456 ], [ -111.569759, 40.545297 ], [ -111.570064, 40.545066 ], [ -111.570385, 40.544727 ], [ -111.570538, 40.544551 ], [ -111.570625, 40.544451 ], [ -111.570699, 40.544331 ], [ -111.570899, 40.544008 ], [ -111.571138, 40.543592 ], [ -111.571156, 40.543565 ], [ -111.571251, 40.543301 ], [ -111.571287, 40.542692 ], [ -111.571239, 40.541972 ], [ -111.571081, 40.541399 ], [ -111.571004, 40.541179 ], [ -111.570815, 40.54076 ], [ -111.570734, 40.540397 ], [ -111.570739, 40.539897 ], [ -111.570786, 40.539677 ], [ -111.570999, 40.539344 ], [ -111.571126, 40.539174 ], [ -111.571358, 40.538919 ], [ -111.571721, 40.538621 ], [ -111.571885, 40.538481 ], [ -111.572348, 40.538011 ], [ -111.572412, 40.537927 ], [ -111.572552, 40.537743 ], [ -111.572609, 40.537575 ], [ -111.572632, 40.5374 ], [ -111.572593, 40.53724 ], [ -111.572583, 40.537202 ], [ -111.572433, 40.536928 ], [ -111.572416, 40.536904 ], [ -111.572057, 40.536397 ], [ -111.571919, 40.536201 ], [ -111.571723, 40.53577 ], [ -111.5716, 40.535579 ], [ -111.571405, 40.535361 ], [ -111.570917, 40.534994 ], [ -111.570718, 40.534862 ], [ -111.57046, 40.53469 ], [ -111.570315, 40.534514 ], [ -111.570312, 40.534437 ], [ -111.570298, 40.534333 ], [ -111.570413, 40.534003 ], [ -111.570485, 40.533796 ], [ -111.570509, 40.533752 ], [ -111.570677, 40.533458 ], [ -111.570715, 40.533423 ], [ -111.570731, 40.533362 ], [ -111.570776, 40.533281 ], [ -111.570926, 40.533019 ], [ -111.570951, 40.532854 ], [ -111.570966, 40.532756 ], [ -111.570961, 40.5327 ], [ -111.570916, 40.532195 ], [ -111.570742, 40.531933 ], [ -111.57073, 40.531917 ], [ -111.570697, 40.531869 ], [ -111.570687, 40.531853 ], [ -111.570679, 40.531842 ], [ -111.570659, 40.53181 ], [ -111.57065, 40.531799 ], [ -111.570426, 40.53138 ], [ -111.570429, 40.53101 ], [ -111.570525, 40.530542 ], [ -111.570617, 40.530275 ], [ -111.570782, 40.529888 ], [ -111.570804, 40.5296 ], [ -111.570764, 40.52932 ], [ -111.570646, 40.528978 ], [ -111.570526, 40.528706 ], [ -111.570394, 40.528405 ], [ -111.569977, 40.527281 ], [ -111.569821, 40.526883 ], [ -111.56973, 40.526617 ], [ -111.569728, 40.526375 ], [ -111.569779, 40.526091 ], [ -111.569784, 40.526059 ], [ -111.569877, 40.52581 ], [ -111.570163, 40.525341 ], [ -111.570302, 40.525133 ], [ -111.570425, 40.525037 ], [ -111.570595, 40.524887 ], [ -111.570706, 40.524765 ], [ -111.570779, 40.524614 ], [ -111.570824, 40.524524 ], [ -111.570938, 40.524107 ], [ -111.571077, 40.5233 ], [ -111.571167, 40.522949 ], [ -111.571348, 40.522302 ], [ -111.571348, 40.521752 ], [ -111.571278, 40.521054 ], [ -111.571549, 40.520045 ], [ -111.571806, 40.519695 ], [ -111.572124, 40.519408 ], [ -111.572224, 40.519317 ], [ -111.572593, 40.519013 ], [ -111.572869, 40.518751 ], [ -111.573286, 40.518368 ], [ -111.57345, 40.518196 ], [ -111.574134, 40.517629 ], [ -111.574327, 40.517455 ], [ -111.574743, 40.517057 ], [ -111.574817, 40.516993 ], [ -111.574848, 40.516974 ], [ -111.575013, 40.516844 ], [ -111.575188, 40.51669 ], [ -111.575311, 40.516572 ], [ -111.575375, 40.516423 ], [ -111.57543, 40.516178 ], [ -111.57543, 40.515775 ], [ -111.575358, 40.515187 ], [ -111.575503, 40.514001 ], [ -111.575536, 40.513655 ], [ -111.57551, 40.51343 ], [ -111.575437, 40.51294 ], [ -111.575321, 40.512445 ], [ -111.575348, 40.51205 ], [ -111.57547, 40.511424 ], [ -111.57542, 40.51033 ], [ -111.575362, 40.509731 ], [ -111.575249, 40.509234 ], [ -111.575236, 40.509194 ], [ -111.575151, 40.508963 ], [ -111.575061, 40.508722 ], [ -111.574917, 40.508442 ], [ -111.574892, 40.508277 ], [ -111.574891, 40.508125 ], [ -111.575021, 40.507646 ], [ -111.575182, 40.507433 ], [ -111.575475, 40.506979 ], [ -111.575534, 40.506869 ], [ -111.575586, 40.506188 ], [ -111.575666, 40.505744 ], [ -111.575689, 40.505516 ], [ -111.575677, 40.504872 ], [ -111.575651, 40.504462 ], [ -111.575644, 40.504398 ], [ -111.575537, 40.503721 ], [ -111.57549, 40.503495 ], [ -111.575443, 40.503188 ], [ -111.575468, 40.502941 ], [ -111.575629, 40.502749 ], [ -111.575839, 40.50263 ], [ -111.576549, 40.502212 ], [ -111.576971, 40.501835 ], [ -111.57721, 40.50165 ], [ -111.577639, 40.501307 ], [ -111.578001, 40.501095 ], [ -111.578342, 40.500916 ], [ -111.578675, 40.500726 ], [ -111.578929, 40.500531 ], [ -111.579126, 40.500356 ], [ -111.579116, 40.499973 ], [ -111.579103, 40.499797 ], [ -111.579041, 40.499522 ], [ -111.578535, 40.498206 ], [ -111.578403, 40.497916 ], [ -111.57828, 40.497609 ], [ -111.578102, 40.497243 ], [ -111.577911, 40.496983 ], [ -111.577825, 40.496894 ], [ -111.577739, 40.496803 ], [ -111.577513, 40.496642 ], [ -111.576879, 40.496294 ], [ -111.576364, 40.495986 ], [ -111.576175, 40.495849 ], [ -111.576025, 40.495722 ], [ -111.575918, 40.495578 ], [ -111.575583, 40.495013 ], [ -111.57536, 40.494636 ], [ -111.575007, 40.494013 ], [ -111.574771, 40.49352 ], [ -111.57464, 40.493265 ], [ -111.57452, 40.493004 ], [ -111.5745, 40.492815 ], [ -111.574494, 40.492761 ], [ -111.574539, 40.492463 ], [ -111.574553, 40.492094 ], [ -111.574516, 40.491869 ], [ -111.574472, 40.49154 ], [ -111.574488, 40.490702 ], [ -111.574553, 40.490022 ], [ -111.57462, 40.489512 ], [ -111.574587, 40.489157 ], [ -111.574571, 40.488599 ], [ -111.574568, 40.488293 ], [ -111.574642, 40.488095 ], [ -111.574731, 40.48775 ], [ -111.574812, 40.487525 ], [ -111.574829, 40.487124 ], [ -111.57481, 40.486866 ], [ -111.574839, 40.486827 ], [ -111.57491, 40.486718 ], [ -111.575055, 40.486596 ], [ -111.57529, 40.486473 ], [ -111.57569, 40.486345 ], [ -111.575993, 40.486114 ], [ -111.575789, 40.485552 ], [ -111.576745, 40.485338 ], [ -111.576839, 40.485172 ], [ -111.577076, 40.484888 ], [ -111.577327, 40.484535 ], [ -111.577397, 40.484475 ], [ -111.577526, 40.484363 ], [ -111.577756, 40.484166 ], [ -111.577789, 40.484135 ], [ -111.577845, 40.484089 ], [ -111.578011, 40.483945 ], [ -111.578049, 40.483912 ], [ -111.57807, 40.483891 ], [ -111.578252, 40.48371 ], [ -111.578351, 40.483548 ], [ -111.578413, 40.483291 ], [ -111.578427, 40.483204 ], [ -111.578487, 40.482841 ], [ -111.578509, 40.482709 ], [ -111.578564, 40.482331 ], [ -111.578622, 40.482141 ], [ -111.578697, 40.48201 ], [ -111.578855, 40.481879 ], [ -111.579108, 40.481747 ], [ -111.579931, 40.481396 ], [ -111.580183, 40.481201 ], [ -111.580504, 40.480914 ], [ -111.58099, 40.480536 ], [ -111.581409, 40.480242 ], [ -111.581489, 40.480211 ], [ -111.58189, 40.480057 ], [ -111.582506, 40.479919 ], [ -111.582639, 40.479889 ], [ -111.582819, 40.479848 ], [ -111.583202, 40.479763 ], [ -111.583761, 40.479637 ], [ -111.58378, 40.479633 ], [ -111.583873, 40.47957 ], [ -111.583926, 40.479497 ], [ -111.583966, 40.479385 ], [ -111.583964, 40.479097 ], [ -111.583962, 40.478867 ], [ -111.583966, 40.478272 ], [ -111.583967, 40.47815 ], [ -111.58399, 40.477689 ], [ -111.584085, 40.47725 ], [ -111.584199, 40.476978 ], [ -111.584363, 40.476806 ], [ -111.584465, 40.476734 ], [ -111.584568, 40.476661 ], [ -111.584879, 40.47647 ], [ -111.585223, 40.476253 ], [ -111.585606, 40.476011 ], [ -111.586239, 40.475535 ], [ -111.586336, 40.475464 ], [ -111.586744, 40.475204 ], [ -111.586866, 40.475059 ], [ -111.586965, 40.474906 ], [ -111.587017, 40.474748 ], [ -111.587143, 40.474305 ], [ -111.587247, 40.474152 ], [ -111.587365, 40.474059 ], [ -111.58764, 40.473877 ], [ -111.58774, 40.473825 ], [ -111.587974, 40.473709 ], [ -111.58821, 40.473593 ], [ -111.58843, 40.473383 ], [ -111.588618, 40.473181 ], [ -111.588632, 40.473154 ], [ -111.588735, 40.472964 ], [ -111.588754, 40.472928 ], [ -111.588772, 40.472896 ], [ -111.588784, 40.472822 ], [ -111.588793, 40.472775 ], [ -111.588862, 40.472576 ], [ -111.588949, 40.472449 ], [ -111.589091, 40.472308 ], [ -111.589318, 40.4722 ], [ -111.589465, 40.472145 ], [ -111.589587, 40.4721 ], [ -111.589818, 40.472013 ], [ -111.589861, 40.471982 ], [ -111.589971, 40.471904 ], [ -111.590066, 40.471792 ], [ -111.590087, 40.471767 ], [ -111.590163, 40.471641 ], [ -111.590268, 40.471461 ], [ -111.590385, 40.471352 ], [ -111.590464, 40.471304 ], [ -111.590846, 40.47111 ], [ -111.591414, 40.470822 ], [ -111.591754, 40.470612 ], [ -111.59191, 40.470517 ], [ -111.592134, 40.470364 ], [ -111.592238, 40.470245 ], [ -111.592277, 40.470202 ], [ -111.592364, 40.470102 ], [ -111.59249, 40.469945 ], [ -111.592817, 40.469521 ], [ -111.59291, 40.469402 ], [ -111.593172, 40.469031 ], [ -111.5934, 40.468837 ], [ -111.593664, 40.468696 ], [ -111.593899, 40.468577 ], [ -111.594145, 40.468387 ], [ -111.594332, 40.468216 ], [ -111.594473, 40.468088 ], [ -111.594569, 40.46801 ], [ -111.59476, 40.467857 ], [ -111.595075, 40.467636 ], [ -111.595277, 40.467567 ], [ -111.595671, 40.467536 ], [ -111.596032, 40.467242 ], [ -111.596515, 40.466991 ], [ -111.597076, 40.466857 ], [ -111.597369, 40.466875 ], [ -111.597634, 40.466838 ], [ -111.598922, 40.467047 ], [ -111.599766, 40.467248 ], [ -111.600093, 40.467326 ], [ -111.600689, 40.467444 ], [ -111.600905, 40.467391 ], [ -111.601025, 40.467361 ], [ -111.601347, 40.467242 ], [ -111.601731, 40.467128 ], [ -111.60203, 40.466996 ], [ -111.602273, 40.466889 ], [ -111.602776, 40.46676 ], [ -111.603006, 40.466783 ], [ -111.604241, 40.467106 ], [ -111.604751, 40.467184 ], [ -111.605447, 40.46723 ], [ -111.606054, 40.467272 ], [ -111.606279, 40.467274 ], [ -111.606574, 40.467278 ], [ -111.606614, 40.467279 ], [ -111.607312, 40.467139 ], [ -111.607354, 40.467124 ], [ -111.607739, 40.466995 ], [ -111.607778, 40.466981 ], [ -111.607898, 40.466941 ], [ -111.607938, 40.466928 ], [ -111.608318, 40.466848 ], [ -111.609017, 40.466535 ], [ -111.60929, 40.466411 ], [ -111.609449, 40.466321 ], [ -111.609601, 40.466176 ], [ -111.609669, 40.466087 ], [ -111.609718, 40.466022 ], [ -111.60989, 40.465431 ], [ -111.609959, 40.465196 ], [ -111.609956, 40.465157 ], [ -111.60991, 40.464695 ], [ -111.609855, 40.464143 ], [ -111.609787, 40.463877 ], [ -111.60976, 40.463655 ], [ -111.609749, 40.463558 ], [ -111.609835, 40.463328 ], [ -111.609975, 40.463147 ], [ -111.609999, 40.463127 ], [ -111.610174, 40.462979 ], [ -111.610808, 40.462597 ], [ -111.611374, 40.462236 ], [ -111.611541, 40.461995 ], [ -111.611658, 40.461453 ], [ -111.611769, 40.461281 ], [ -111.611944, 40.461135 ], [ -111.611996, 40.461097 ], [ -111.612481, 40.460733 ], [ -111.61301, 40.460338 ], [ -111.613269, 40.460174 ], [ -111.613514, 40.460005 ], [ -111.613996, 40.459735 ], [ -111.614422, 40.459498 ], [ -111.614509, 40.459417 ], [ -111.614603, 40.459329 ], [ -111.614668, 40.459192 ], [ -111.614677, 40.458962 ], [ -111.6147, 40.457879 ], [ -111.614713, 40.457841 ], [ -111.614803, 40.457675 ], [ -111.614948, 40.457544 ], [ -111.615107, 40.457462 ], [ -111.61526, 40.457389 ], [ -111.615701, 40.45726 ], [ -111.615954, 40.45716 ], [ -111.616212, 40.457015 ], [ -111.616394, 40.456896 ], [ -111.616638, 40.456752 ], [ -111.617015, 40.456529 ], [ -111.617315, 40.456374 ], [ -111.617468, 40.456341 ], [ -111.617527, 40.456336 ], [ -111.617605, 40.456335 ], [ -111.617721, 40.456358 ], [ -111.617881, 40.456411 ], [ -111.618194, 40.456463 ], [ -111.61822, 40.45646 ], [ -111.618359, 40.45644 ], [ -111.618553, 40.456353 ], [ -111.618653, 40.456312 ], [ -111.61948, 40.455898 ], [ -111.619592, 40.455821 ], [ -111.620132, 40.455499 ], [ -111.62033, 40.455321 ], [ -111.620429, 40.455136 ], [ -111.620474, 40.454906 ], [ -111.620455, 40.454816 ], [ -111.620389, 40.454686 ], [ -111.620216, 40.454516 ], [ -111.619948, 40.454301 ], [ -111.619746, 40.45405 ], [ -111.619487, 40.453452 ], [ -111.619454, 40.453315 ], [ -111.619426, 40.4532 ], [ -111.619412, 40.453112 ], [ -111.619515, 40.452914 ], [ -111.61956, 40.452815 ], [ -111.619669, 40.45258 ], [ -111.619856, 40.452405 ], [ -111.619874, 40.452383 ], [ -111.620567, 40.451518 ], [ -111.620725, 40.451322 ], [ -111.620775, 40.451028 ], [ -111.62083, 40.450707 ], [ -111.620952, 40.449777 ], [ -111.620915, 40.449692 ], [ -111.62085, 40.449643 ], [ -111.620767, 40.449603 ], [ -111.620247, 40.449457 ], [ -111.619543, 40.449311 ], [ -111.619114, 40.449232 ], [ -111.618863, 40.449166 ], [ -111.618809, 40.449148 ], [ -111.618758, 40.449132 ], [ -111.618491, 40.448971 ], [ -111.618329, 40.448815 ], [ -111.617898, 40.448174 ], [ -111.617751, 40.447979 ], [ -111.61745, 40.447588 ], [ -111.617369, 40.447481 ], [ -111.617203, 40.447141 ], [ -111.61719, 40.446971 ], [ -111.617307, 40.446658 ], [ -111.617281, 40.446361 ], [ -111.617061, 40.446069 ], [ -111.616863, 40.445744 ], [ -111.616574, 40.445067 ], [ -111.616212, 40.44467 ], [ -111.615822, 40.444146 ], [ -111.61574, 40.443668 ], [ -111.615785, 40.44336 ], [ -111.616035, 40.44262 ], [ -111.616136, 40.442516 ], [ -111.616844, 40.441827 ], [ -111.617345, 40.441039 ], [ -111.617874, 40.439994 ], [ -111.617889, 40.439924 ], [ -111.61797, 40.439611 ], [ -111.617926, 40.439152 ], [ -111.617682, 40.438496 ], [ -111.617423, 40.437986 ], [ -111.617153, 40.437516 ], [ -111.616693, 40.437065 ], [ -111.61631, 40.436784 ], [ -111.615999, 40.436507 ], [ -111.615923, 40.436439 ], [ -111.615751, 40.436197 ], [ -111.61554, 40.435883 ], [ -111.615021, 40.435106 ], [ -111.614863, 40.43482 ], [ -111.614757, 40.434626 ], [ -111.614542, 40.434235 ], [ -111.61422, 40.433858 ], [ -111.614179, 40.433823 ], [ -111.613917, 40.433603 ], [ -111.613633, 40.433392 ], [ -111.613201, 40.433152 ], [ -111.613106, 40.43311 ], [ -111.612993, 40.433054 ], [ -111.612673, 40.432876 ], [ -111.612546, 40.432767 ], [ -111.612504, 40.432627 ], [ -111.612534, 40.432451 ], [ -111.612601, 40.432128 ], [ -111.612559, 40.432047 ], [ -111.612463, 40.431899 ], [ -111.612255, 40.431738 ], [ -111.61181, 40.431438 ], [ -111.611645, 40.431327 ], [ -111.611512, 40.431266 ], [ -111.611339, 40.431188 ], [ -111.610923, 40.431016 ], [ -111.610846, 40.430984 ], [ -111.610587, 40.430923 ], [ -111.610456, 40.430918 ], [ -111.610334, 40.430916 ], [ -111.610297, 40.430915 ], [ -111.609979, 40.430957 ], [ -111.60952, 40.431099 ], [ -111.609075, 40.431201 ], [ -111.60885, 40.431252 ], [ -111.607938, 40.43141 ], [ -111.607497, 40.431534 ], [ -111.607123, 40.431679 ], [ -111.606399, 40.432075 ], [ -111.605444, 40.432693 ], [ -111.605146, 40.432939 ], [ -111.605097, 40.432986 ], [ -111.60498, 40.433037 ], [ -111.604711, 40.433164 ], [ -111.60435, 40.433355 ], [ -111.603732, 40.433574 ], [ -111.603389, 40.433663 ], [ -111.602325, 40.433944 ], [ -111.601849, 40.434129 ], [ -111.600763, 40.43453 ], [ -111.59998, 40.434779 ], [ -111.599564, 40.434772 ], [ -111.599242, 40.434658 ], [ -111.598905, 40.434511 ], [ -111.598289, 40.434176 ], [ -111.598089, 40.434074 ], [ -111.597543, 40.433797 ], [ -111.596903, 40.433445 ], [ -111.596553, 40.433212 ], [ -111.596179, 40.432953 ], [ -111.59589, 40.432809 ], [ -111.595735, 40.432739 ], [ -111.595286, 40.432579 ], [ -111.595073, 40.43245 ], [ -111.5949, 40.432288 ], [ -111.594526, 40.43193 ], [ -111.594134, 40.431644 ], [ -111.593346, 40.431143 ], [ -111.593049, 40.430906 ], [ -111.592882, 40.430718 ], [ -111.592571, 40.430307 ], [ -111.592494, 40.430206 ], [ -111.592452, 40.430035 ], [ -111.592413, 40.429797 ], [ -111.592418, 40.429585 ], [ -111.592443, 40.429339 ], [ -111.592449, 40.428666 ], [ -111.592457, 40.428594 ], [ -111.592365, 40.428225 ], [ -111.592184, 40.427757 ], [ -111.591789, 40.426912 ], [ -111.591731, 40.426786 ], [ -111.591511, 40.426306 ], [ -111.591362, 40.426077 ], [ -111.591154, 40.425875 ], [ -111.590869, 40.425687 ], [ -111.590715, 40.42558 ], [ -111.590311, 40.425208 ], [ -111.59026, 40.425156 ], [ -111.589806, 40.424702 ], [ -111.589742, 40.424633 ], [ -111.589437, 40.424303 ], [ -111.588973, 40.423573 ], [ -111.588546, 40.422323 ], [ -111.588431, 40.421653 ], [ -111.588411, 40.421444 ], [ -111.588369, 40.421301 ], [ -111.588248, 40.421163 ], [ -111.587998, 40.421074 ], [ -111.587347, 40.420966 ], [ -111.586947, 40.420805 ], [ -111.586142, 40.420334 ], [ -111.586071, 40.42025 ], [ -111.585627, 40.420242 ], [ -111.585169, 40.420234 ], [ -111.583803, 40.420211 ], [ -111.583794, 40.419674 ], [ -111.58371, 40.414866 ], [ -111.583704, 40.414515 ], [ -111.583686, 40.413465 ], [ -111.58368, 40.413115 ], [ -111.583675, 40.412845 ], [ -111.58312, 40.412848 ], [ -111.580647, 40.412864 ], [ -111.580095, 40.412868 ], [ -111.579823, 40.41287 ], [ -111.579534, 40.412871 ], [ -111.578667, 40.412878 ], [ -111.578378, 40.41288 ], [ -111.578241, 40.41288 ], [ -111.577834, 40.412883 ], [ -111.577698, 40.412884 ], [ -111.577311, 40.412886 ], [ -111.576154, 40.412894 ], [ -111.575768, 40.412897 ], [ -111.574268, 40.412907 ], [ -111.574192, 40.405867 ], [ -111.574192, 40.405341 ], [ -111.574192, 40.403767 ], [ -111.574193, 40.403242 ], [ -111.574193, 40.403018 ], [ -111.574193, 40.402341 ], [ -111.574197, 40.399641 ], [ -111.574199, 40.398741 ], [ -111.574205, 40.394273 ], [ -111.574209, 40.391373 ], [ -111.564836, 40.391421 ], [ -111.564846, 40.39029 ], [ -111.56487, 40.387751 ], [ -111.562942, 40.387759 ], [ -111.562688, 40.387759 ], [ -111.56193, 40.387762 ], [ -111.561677, 40.387764 ], [ -111.560886, 40.387767 ], [ -111.560097, 40.38777 ], [ -111.560095, 40.386229 ], [ -111.560095, 40.386045 ], [ -111.560094, 40.385449 ], [ -111.560094, 40.385425 ], [ -111.560094, 40.385354 ], [ -111.560094, 40.385331 ], [ -111.560093, 40.384399 ], [ -111.560093, 40.384188 ], [ -111.560075, 40.381604 ], [ -111.560069, 40.380673 ], [ -111.560061, 40.379523 ], [ -111.560044, 40.37697 ], [ -111.560062, 40.376075 ], [ -111.560087, 40.374926 ], [ -111.560195, 40.369837 ], [ -111.559581, 40.369845 ], [ -111.555459, 40.369898 ], [ -111.555284, 40.369901 ], [ -111.555283, 40.36982 ], [ -111.555279, 40.369346 ], [ -111.55526, 40.366427 ], [ -111.555259, 40.366329 ], [ -111.555258, 40.366108 ], [ -111.555257, 40.366082 ], [ -111.555257, 40.366004 ], [ -111.555257, 40.365979 ], [ -111.555255, 40.365779 ], [ -111.555248, 40.364965 ], [ -111.555248, 40.364776 ], [ -111.555248, 40.364631 ], [ -111.555244, 40.364036 ], [ -111.555235, 40.362696 ], [ -111.554274, 40.362698 ], [ -111.547789, 40.362714 ], [ -111.545853, 40.362719 ], [ -111.545837, 40.362038 ], [ -111.536725, 40.361868 ], [ -111.530146, 40.361746 ], [ -111.527044, 40.361688 ], [ -111.525845, 40.361695 ], [ -111.517758, 40.361744 ], [ -111.511072, 40.361785 ], [ -111.508424, 40.361801 ], [ -111.506203, 40.361869 ], [ -111.505627, 40.361887 ], [ -111.496567, 40.362163 ], [ -111.495987, 40.362181 ], [ -111.495475, 40.362196 ], [ -111.489717, 40.362372 ], [ -111.485093, 40.362271 ], [ -111.484083, 40.36225 ], [ -111.480337, 40.362169 ], [ -111.480498, 40.356339 ], [ -111.480536, 40.354957 ], [ -111.477963, 40.354906 ], [ -111.475858, 40.354865 ], [ -111.475913, 40.352686 ], [ -111.475951, 40.35121 ], [ -111.474258, 40.35121 ], [ -111.471481, 40.351209 ], [ -111.471578, 40.347584 ], [ -111.468206, 40.347548 ], [ -111.467159, 40.347537 ], [ -111.466112, 40.347525 ], [ -111.462281, 40.347484 ], [ -111.46231, 40.346366 ], [ -111.462369, 40.344053 ], [ -111.462386, 40.343408 ], [ -111.462402, 40.342763 ], [ -111.462464, 40.340339 ], [ -111.457504, 40.34031 ], [ -111.453153, 40.340284 ], [ -111.453181, 40.33911 ], [ -111.453222, 40.337342 ], [ -111.453295, 40.334267 ], [ -111.451921, 40.334272 ], [ -111.451363, 40.333732 ], [ -111.451036, 40.333347 ], [ -111.450602, 40.332753 ], [ -111.450265, 40.332373 ], [ -111.449879, 40.331973 ], [ -111.449603, 40.331702 ], [ -111.449411, 40.331575 ], [ -111.44916, 40.331464 ], [ -111.448759, 40.331308 ], [ -111.448552, 40.331203 ], [ -111.44809, 40.330955 ], [ -111.447586, 40.330716 ], [ -111.446963, 40.330411 ], [ -111.446498, 40.330217 ], [ -111.446155, 40.330117 ], [ -111.445818, 40.329956 ], [ -111.445547, 40.329752 ], [ -111.444955, 40.329238 ], [ -111.444805, 40.329034 ], [ -111.444677, 40.328847 ], [ -111.444585, 40.328687 ], [ -111.444479, 40.328351 ], [ -111.444402, 40.328087 ], [ -111.444403, 40.32791 ], [ -111.444419, 40.327833 ], [ -111.444459, 40.327689 ], [ -111.444621, 40.327309 ], [ -111.444743, 40.326963 ], [ -111.444766, 40.326898 ], [ -111.444793, 40.326615 ], [ -111.444703, 40.326354 ], [ -111.44456, 40.326151 ], [ -111.44455, 40.326138 ], [ -111.444212, 40.325883 ], [ -111.444004, 40.325735 ], [ -111.443824, 40.325608 ], [ -111.443768, 40.325569 ], [ -111.443384, 40.325332 ], [ -111.443071, 40.325202 ], [ -111.442653, 40.325064 ], [ -111.442422, 40.324966 ], [ -111.442226, 40.324841 ], [ -111.442008, 40.324625 ], [ -111.441723, 40.324279 ], [ -111.441309, 40.323867 ], [ -111.441137, 40.323674 ], [ -111.44093, 40.323562 ], [ -111.440647, 40.323495 ], [ -111.440288, 40.323474 ], [ -111.440029, 40.323412 ], [ -111.439868, 40.323309 ], [ -111.439674, 40.32317 ], [ -111.439328, 40.322931 ], [ -111.439213, 40.322852 ], [ -111.43909, 40.322767 ], [ -111.438704, 40.322498 ], [ -111.438379, 40.322197 ], [ -111.438023, 40.321843 ], [ -111.437888, 40.321618 ], [ -111.437874, 40.321523 ], [ -111.437879, 40.321464 ], [ -111.437879, 40.321337 ], [ -111.437916, 40.321211 ], [ -111.43796, 40.321134 ], [ -111.437982, 40.321052 ], [ -111.43799, 40.320897 ], [ -111.438078, 40.32059 ], [ -111.438115, 40.3205 ], [ -111.43815, 40.320455 ], [ -111.438232, 40.320401 ], [ -111.438302, 40.320378 ], [ -111.438502, 40.320359 ], [ -111.438767, 40.320372 ], [ -111.439356, 40.320356 ], [ -111.439614, 40.32035 ], [ -111.440238, 40.320312 ], [ -111.440679, 40.320256 ], [ -111.440932, 40.320188 ], [ -111.440945, 40.320182 ], [ -111.441102, 40.32011 ], [ -111.441192, 40.320035 ], [ -111.441378, 40.319726 ], [ -111.44148, 40.319589 ], [ -111.441633, 40.319166 ], [ -111.441801, 40.31882 ], [ -111.441902, 40.318672 ], [ -111.442048, 40.318386 ], [ -111.4422, 40.318062 ], [ -111.442316, 40.317842 ], [ -111.442497, 40.317568 ], [ -111.442672, 40.317354 ], [ -111.442803, 40.317052 ], [ -111.442862, 40.316744 ], [ -111.442876, 40.316632 ], [ -111.442892, 40.316513 ], [ -111.442864, 40.316389 ], [ -111.442846, 40.31631 ], [ -111.442809, 40.316262 ], [ -111.44273, 40.316067 ], [ -111.442659, 40.315819 ], [ -111.44259, 40.315648 ], [ -111.442299, 40.315098 ], [ -111.44228, 40.3148 ], [ -111.442337, 40.31466 ], [ -111.442484, 40.314506 ], [ -111.442616, 40.314392 ], [ -111.44263, 40.314379 ], [ -111.442729, 40.314235 ], [ -111.442738, 40.314059 ], [ -111.442766, 40.313974 ], [ -111.442791, 40.313897 ], [ -111.442897, 40.313788 ], [ -111.443043, 40.313715 ], [ -111.44319, 40.313669 ], [ -111.443607, 40.313542 ], [ -111.443687, 40.313507 ], [ -111.443889, 40.31343 ], [ -111.444057, 40.313245 ], [ -111.444151, 40.313075 ], [ -111.444215, 40.312891 ], [ -111.444231, 40.312711 ], [ -111.444166, 40.312567 ], [ -111.444089, 40.312477 ], [ -111.444029, 40.312324 ], [ -111.44404, 40.312221 ], [ -111.444066, 40.312182 ], [ -111.444097, 40.312135 ], [ -111.444162, 40.312085 ], [ -111.444333, 40.311999 ], [ -111.444591, 40.311944 ], [ -111.444814, 40.311889 ], [ -111.444973, 40.311798 ], [ -111.445113, 40.311694 ], [ -111.445213, 40.311585 ], [ -111.44561, 40.311179 ], [ -111.445996, 40.310866 ], [ -111.446336, 40.310595 ], [ -111.446616, 40.310319 ], [ -111.446639, 40.310299 ], [ -111.446956, 40.309998 ], [ -111.446973, 40.309989 ], [ -111.44708, 40.309934 ], [ -111.447736, 40.309603 ], [ -111.448017, 40.309399 ], [ -111.448192, 40.309186 ], [ -111.448272, 40.30906 ], [ -111.448338, 40.308984 ], [ -111.448447, 40.308841 ], [ -111.448563, 40.308649 ], [ -111.44865, 40.308473 ], [ -111.448766, 40.308127 ], [ -111.448876, 40.30788 ], [ -111.448913, 40.307809 ], [ -111.44905, 40.307661 ], [ -111.44923, 40.307518 ], [ -111.449352, 40.307436 ], [ -111.449468, 40.307337 ], [ -111.449591, 40.307211 ], [ -111.449656, 40.307129 ], [ -111.449728, 40.307063 ], [ -111.449851, 40.306921 ], [ -111.449963, 40.306562 ], [ -111.449978, 40.306197 ], [ -111.450084, 40.305863 ], [ -111.450117, 40.30576 ], [ -111.450221, 40.305444 ], [ -111.450396, 40.305218 ], [ -111.450624, 40.305069 ], [ -111.450935, 40.304937 ], [ -111.451007, 40.304902 ], [ -111.451049, 40.304889 ], [ -111.451292, 40.304796 ], [ -111.451732, 40.304561 ], [ -111.451747, 40.304554 ], [ -111.45203, 40.304383 ], [ -111.452308, 40.304173 ], [ -111.452359, 40.304134 ], [ -111.452705, 40.303921 ], [ -111.45312, 40.303609 ], [ -111.453144, 40.30359 ], [ -111.453657, 40.303226 ], [ -111.453815, 40.303116 ], [ -111.453981, 40.302973 ], [ -111.454161, 40.302826 ], [ -111.454356, 40.302658 ], [ -111.455087, 40.30202 ], [ -111.455575, 40.301664 ], [ -111.455708, 40.301571 ], [ -111.456053, 40.301268 ], [ -111.456316, 40.301082 ], [ -111.456627, 40.300955 ], [ -111.456745, 40.300923 ], [ -111.45715, 40.3008 ], [ -111.457297, 40.300745 ], [ -111.457316, 40.300714 ], [ -111.457372, 40.300622 ], [ -111.457341, 40.300407 ], [ -111.457223, 40.300259 ], [ -111.457004, 40.300102 ], [ -111.456614, 40.299901 ], [ -111.456071, 40.299606 ], [ -111.455962, 40.299509 ], [ -111.455944, 40.299496 ], [ -111.455748, 40.299349 ], [ -111.455669, 40.299277 ], [ -111.455526, 40.299128 ], [ -111.455441, 40.29899 ], [ -111.455306, 40.298814 ], [ -111.455242, 40.298753 ], [ -111.455092, 40.298631 ], [ -111.455043, 40.298571 ], [ -111.454928, 40.298499 ], [ -111.454852, 40.298427 ], [ -111.45468, 40.298296 ], [ -111.454378, 40.298108 ], [ -111.453936, 40.297893 ], [ -111.453552, 40.297701 ], [ -111.453221, 40.297491 ], [ -111.452861, 40.297285 ], [ -111.452725, 40.297208 ], [ -111.452589, 40.297155 ], [ -111.452389, 40.297152 ], [ -111.452254, 40.297175 ], [ -111.452211, 40.297184 ], [ -111.452124, 40.297184 ], [ -111.452078, 40.297185 ], [ -111.451972, 40.297167 ], [ -111.451948, 40.297095 ], [ -111.451981, 40.297023 ], [ -111.452035, 40.29695 ], [ -111.452111, 40.296874 ], [ -111.452333, 40.296638 ], [ -111.452472, 40.296336 ], [ -111.452491, 40.296297 ], [ -111.452606, 40.296061 ], [ -111.452591, 40.295606 ], [ -111.452441, 40.295156 ], [ -111.452256, 40.29476 ], [ -111.452029, 40.294257 ], [ -111.451956, 40.293915 ], [ -111.451866, 40.293636 ], [ -111.451741, 40.293415 ], [ -111.451593, 40.29329 ], [ -111.451363, 40.293196 ], [ -111.451121, 40.293121 ], [ -111.450903, 40.293063 ], [ -111.450367, 40.292907 ], [ -111.449985, 40.292814 ], [ -111.449772, 40.292806 ], [ -111.449472, 40.292794 ], [ -111.449219, 40.292799 ], [ -111.449172, 40.292799 ], [ -111.448989, 40.292782 ], [ -111.448901, 40.292746 ], [ -111.448789, 40.292684 ], [ -111.448659, 40.292572 ], [ -111.448434, 40.292374 ], [ -111.448203, 40.292258 ], [ -111.447839, 40.292139 ], [ -111.447219, 40.291901 ], [ -111.44683, 40.291763 ], [ -111.446452, 40.291648 ], [ -111.446231, 40.291627 ], [ -111.44604, 40.291631 ], [ -111.445905, 40.291633 ], [ -111.44577, 40.291637 ], [ -111.445723, 40.291637 ], [ -111.445581, 40.29161 ], [ -111.445434, 40.291544 ], [ -111.44536, 40.291509 ], [ -111.445256, 40.291377 ], [ -111.445167, 40.291229 ], [ -111.44477, 40.290803 ], [ -111.444504, 40.290561 ], [ -111.444256, 40.29039 ], [ -111.444038, 40.290315 ], [ -111.443708, 40.290284 ], [ -111.443537, 40.290285 ], [ -111.44349, 40.290285 ], [ -111.443463, 40.290281 ], [ -111.44316, 40.290241 ], [ -111.443131, 40.290237 ], [ -111.442848, 40.290134 ], [ -111.442541, 40.290014 ], [ -111.442206, 40.289943 ], [ -111.44183, 40.28991 ], [ -111.441811, 40.289909 ], [ -111.441453, 40.289932 ], [ -111.441035, 40.289993 ], [ -111.440524, 40.29004 ], [ -111.440001, 40.290091 ], [ -111.439596, 40.29025 ], [ -111.439104, 40.290545 ], [ -111.438597, 40.29081 ], [ -111.438383, 40.290922 ], [ -111.438131, 40.291054 ], [ -111.437831, 40.291212 ], [ -111.437698, 40.291245 ], [ -111.43735, 40.291331 ], [ -111.436892, 40.291414 ], [ -111.436323, 40.29152 ], [ -111.435622, 40.291599 ], [ -111.434834, 40.291669 ], [ -111.434323, 40.291811 ], [ -111.434059, 40.291901 ], [ -111.434006, 40.291911 ], [ -111.433971, 40.291919 ], [ -111.433924, 40.29193 ], [ -111.433847, 40.29193 ], [ -111.433801, 40.29193 ], [ -111.433659, 40.291922 ], [ -111.433618, 40.291903 ], [ -111.433518, 40.291859 ], [ -111.433334, 40.291693 ], [ -111.433272, 40.291567 ], [ -111.433151, 40.291407 ], [ -111.433037, 40.291274 ], [ -111.432874, 40.291147 ], [ -111.432539, 40.290844 ], [ -111.432189, 40.290501 ], [ -111.432021, 40.290335 ], [ -111.431925, 40.290244 ], [ -111.431728, 40.29009 ], [ -111.431468, 40.289887 ], [ -111.431133, 40.289625 ], [ -111.430585, 40.289402 ], [ -111.430573, 40.289397 ], [ -111.430189, 40.289277 ], [ -111.42993, 40.28912 ], [ -111.42989, 40.289082 ], [ -111.429663, 40.288864 ], [ -111.429509, 40.288631 ], [ -111.429453, 40.288573 ], [ -111.429041, 40.288146 ], [ -111.428616, 40.287841 ], [ -111.428291, 40.287676 ], [ -111.427872, 40.287474 ], [ -111.427263, 40.287231 ], [ -111.427247, 40.287225 ], [ -111.42697, 40.287108 ], [ -111.426929, 40.287091 ], [ -111.426646, 40.28702 ], [ -111.426482, 40.287017 ], [ -111.42644, 40.287016 ], [ -111.426134, 40.287075 ], [ -111.425595, 40.287294 ], [ -111.425336, 40.287398 ], [ -111.424761, 40.28763 ], [ -111.424521, 40.28771 ], [ -111.424004, 40.287881 ], [ -111.42324, 40.288032 ], [ -111.422715, 40.288069 ], [ -111.422443, 40.288074 ], [ -111.421881, 40.28796 ], [ -111.421557, 40.287903 ], [ -111.421234, 40.287913 ], [ -111.420793, 40.288005 ], [ -111.420341, 40.288169 ], [ -111.42006, 40.288269 ], [ -111.419748, 40.28832 ], [ -111.419289, 40.288335 ], [ -111.418901, 40.28839 ], [ -111.41871, 40.288495 ], [ -111.41863, 40.288589 ], [ -111.418545, 40.288681 ], [ -111.418533, 40.288698 ], [ -111.418299, 40.288942 ], [ -111.4181, 40.28906 ], [ -111.41805, 40.289078 ], [ -111.417853, 40.289151 ], [ -111.41763, 40.289206 ], [ -111.417483, 40.289225 ], [ -111.417289, 40.289252 ], [ -111.417221, 40.28925 ], [ -111.416983, 40.289244 ], [ -111.416612, 40.289196 ], [ -111.416231, 40.289108 ], [ -111.41567, 40.28906 ], [ -111.415158, 40.289043 ], [ -111.414875, 40.289058 ], [ -111.414682, 40.289122 ], [ -111.414537, 40.289197 ], [ -111.414342, 40.289294 ], [ -111.413996, 40.289453 ], [ -111.413956, 40.289458 ], [ -111.413921, 40.289463 ], [ -111.413732, 40.289494 ], [ -111.413514, 40.289495 ], [ -111.413337, 40.289446 ], [ -111.413184, 40.289411 ], [ -111.412978, 40.289398 ], [ -111.412872, 40.289407 ], [ -111.412732, 40.289475 ], [ -111.412697, 40.28953 ], [ -111.412685, 40.289584 ], [ -111.412753, 40.289866 ], [ -111.412816, 40.290081 ], [ -111.412872, 40.290361 ], [ -111.412878, 40.290493 ], [ -111.412851, 40.290669 ], [ -111.412676, 40.29103 ], [ -111.412499, 40.291241 ], [ -111.412384, 40.291377 ], [ -111.412028, 40.291784 ], [ -111.411903, 40.291978 ], [ -111.411853, 40.292055 ], [ -111.411761, 40.292276 ], [ -111.411703, 40.292551 ], [ -111.411651, 40.292828 ], [ -111.41164, 40.292885 ], [ -111.411626, 40.29303 ], [ -111.411607, 40.293232 ], [ -111.41148, 40.293543 ], [ -111.411328, 40.293787 ], [ -111.411177, 40.293999 ], [ -111.410844, 40.294506 ], [ -111.410623, 40.29492 ], [ -111.410543, 40.295052 ], [ -111.410513, 40.295105 ], [ -111.410316, 40.295151 ], [ -111.410266, 40.29516 ], [ -111.410066, 40.295156 ], [ -111.409677, 40.295122 ], [ -111.409248, 40.295115 ], [ -111.408789, 40.295138 ], [ -111.408166, 40.295222 ], [ -111.407726, 40.295349 ], [ -111.407481, 40.295485 ], [ -111.407188, 40.295715 ], [ -111.406993, 40.295797 ], [ -111.406864, 40.295797 ], [ -111.406702, 40.2958 ], [ -111.406475, 40.295781 ], [ -111.406393, 40.295773 ], [ -111.405769, 40.295717 ], [ -111.40501, 40.295665 ], [ -111.404127, 40.295632 ], [ -111.403733, 40.295683 ], [ -111.403445, 40.295761 ], [ -111.403123, 40.295933 ], [ -111.402964, 40.295997 ], [ -111.402664, 40.296016 ], [ -111.4025, 40.296007 ], [ -111.402211, 40.295936 ], [ -111.401804, 40.295735 ], [ -111.401658, 40.295641 ], [ -111.401266, 40.29539 ], [ -111.400717, 40.295027 ], [ -111.400374, 40.294726 ], [ -111.400149, 40.294506 ], [ -111.399995, 40.294331 ], [ -111.399957, 40.294204 ], [ -111.399929, 40.29411 ], [ -111.399887, 40.293922 ], [ -111.399792, 40.293706 ], [ -111.399667, 40.293571 ], [ -111.399402, 40.29345 ], [ -111.398653, 40.293129 ], [ -111.398291, 40.292986 ], [ -111.398087, 40.292905 ], [ -111.397514, 40.292614 ], [ -111.397178, 40.29248 ], [ -111.396937, 40.292445 ], [ -111.396578, 40.29251 ], [ -111.396385, 40.292632 ], [ -111.396233, 40.292758 ], [ -111.395928, 40.293012 ], [ -111.395653, 40.293238 ], [ -111.395443, 40.293527 ], [ -111.395094, 40.294267 ], [ -111.394662, 40.294887 ], [ -111.394616, 40.294953 ], [ -111.394278, 40.295454 ], [ -111.394184, 40.295549 ], [ -111.394119, 40.295587 ], [ -111.393973, 40.295672 ], [ -111.39348, 40.295836 ], [ -111.392969, 40.296049 ], [ -111.392652, 40.296176 ], [ -111.392529, 40.296217 ], [ -111.392337, 40.296245 ], [ -111.392304, 40.296249 ], [ -111.392125, 40.296204 ], [ -111.391905, 40.296107 ], [ -111.391721, 40.296044 ], [ -111.391469, 40.296 ], [ -111.391074, 40.295943 ], [ -111.390703, 40.295854 ], [ -111.390007, 40.295703 ], [ -111.389612, 40.295605 ], [ -111.388294, 40.295309 ], [ -111.388154, 40.295296 ], [ -111.387975, 40.29528 ], [ -111.387947, 40.295278 ], [ -111.387676, 40.295319 ], [ -111.387077, 40.295447 ], [ -111.38682, 40.295525 ], [ -111.38646, 40.295634 ], [ -111.386178, 40.295684 ], [ -111.386017, 40.295685 ], [ -111.385823, 40.295695 ], [ -111.385686, 40.29567 ], [ -111.385573, 40.29565 ], [ -111.385213, 40.29553 ], [ -111.384871, 40.295428 ], [ -111.384677, 40.295347 ], [ -111.383833, 40.295053 ], [ -111.38335, 40.294905 ], [ -111.383014, 40.294803 ], [ -111.382366, 40.294584 ], [ -111.382005, 40.294564 ], [ -111.381842, 40.294555 ], [ -111.381555, 40.294548 ], [ -111.381512, 40.294547 ], [ -111.381301, 40.294601 ], [ -111.38109, 40.294724 ], [ -111.380856, 40.29491 ], [ -111.38075, 40.295045 ], [ -111.380622, 40.295266 ], [ -111.380559, 40.295466 ], [ -111.380558, 40.295708 ], [ -111.380542, 40.295834 ], [ -111.380455, 40.29601 ], [ -111.380195, 40.296224 ], [ -111.380008, 40.296322 ], [ -111.379726, 40.296497 ], [ -111.379112, 40.296912 ], [ -111.378545, 40.297205 ], [ -111.378227, 40.297322 ], [ -111.378087, 40.297373 ], [ -111.377558, 40.297483 ], [ -111.377288, 40.297505 ], [ -111.377264, 40.297507 ], [ -111.376934, 40.29748 ], [ -111.376557, 40.297428 ], [ -111.376233, 40.297366 ], [ -111.376039, 40.297308 ], [ -111.375867, 40.297261 ], [ -111.375845, 40.297255 ], [ -111.375719, 40.297287 ], [ -111.374885, 40.29719 ], [ -111.374626, 40.297191 ], [ -111.374579, 40.297191 ], [ -111.374354, 40.297151 ], [ -111.374055, 40.297043 ], [ -111.373866, 40.296919 ], [ -111.3737, 40.296775 ], [ -111.373359, 40.296546 ], [ -111.372928, 40.296363 ], [ -111.37278, 40.296291 ], [ -111.372638, 40.296197 ], [ -111.372455, 40.29604 ], [ -111.372082, 40.295596 ], [ -111.371804, 40.295258 ], [ -111.371644, 40.295065 ], [ -111.371153, 40.294544 ], [ -111.370786, 40.294114 ], [ -111.370531, 40.293886 ], [ -111.370368, 40.293634 ], [ -111.370176, 40.293412 ], [ -111.369966, 40.293179 ], [ -111.369744, 40.292972 ], [ -111.369307, 40.292635 ], [ -111.369103, 40.2925 ], [ -111.368958, 40.292392 ], [ -111.368725, 40.29223 ], [ -111.368543, 40.292116 ], [ -111.368231, 40.291938 ], [ -111.367979, 40.291843 ], [ -111.36769, 40.291767 ], [ -111.367431, 40.291736 ], [ -111.36719, 40.291715 ], [ -111.366548, 40.2916 ], [ -111.365946, 40.291426 ], [ -111.365558, 40.291269 ], [ -111.36521, 40.291095 ], [ -111.364844, 40.290862 ], [ -111.364472, 40.290603 ], [ -111.364253, 40.290434 ], [ -111.364042, 40.290288 ], [ -111.363672, 40.290073 ], [ -111.362367, 40.289423 ], [ -111.361664, 40.289085 ], [ -111.360753, 40.288727 ], [ -111.360176, 40.288557 ], [ -111.360158, 40.288553 ], [ -111.359883, 40.288508 ], [ -111.35959, 40.288486 ], [ -111.359308, 40.288519 ], [ -111.358949, 40.288566 ], [ -111.358632, 40.288584 ], [ -111.35832, 40.288535 ], [ -111.357996, 40.288469 ], [ -111.357401, 40.288326 ], [ -111.356788, 40.28823 ], [ -111.356558, 40.288234 ], [ -111.356342, 40.288275 ], [ -111.356007, 40.288407 ], [ -111.355644, 40.28862 ], [ -111.35508, 40.288878 ], [ -111.354364, 40.289056 ], [ -111.3539, 40.289283 ], [ -111.353754, 40.289347 ], [ -111.353407, 40.289501 ], [ -111.353072, 40.289601 ], [ -111.352761, 40.289651 ], [ -111.352369, 40.289665 ], [ -111.352331, 40.289666 ], [ -111.352123, 40.289642 ], [ -111.35196, 40.28962 ], [ -111.351678, 40.289541 ], [ -111.35144, 40.289494 ], [ -111.351145, 40.289387 ], [ -111.350876, 40.289269 ], [ -111.350738, 40.289177 ], [ -111.35055, 40.289114 ], [ -111.350131, 40.288959 ], [ -111.349776, 40.288814 ], [ -111.349649, 40.288767 ], [ -111.349432, 40.288648 ], [ -111.349255, 40.288545 ], [ -111.348848, 40.288352 ], [ -111.348769, 40.288326 ], [ -111.348423, 40.28822 ], [ -111.347983, 40.288126 ], [ -111.347637, 40.288042 ], [ -111.347545, 40.288022 ], [ -111.347181, 40.287875 ], [ -111.347149, 40.287859 ], [ -111.346969, 40.287768 ], [ -111.346797, 40.287633 ], [ -111.346784, 40.287615 ], [ -111.346661, 40.287444 ], [ -111.346478, 40.287292 ], [ -111.346397, 40.287252 ], [ -111.346254, 40.287211 ], [ -111.346084, 40.2872 ], [ -111.346066, 40.287198 ], [ -111.345184, 40.287242 ], [ -111.34419, 40.287357 ], [ -111.34379, 40.287408 ], [ -111.343602, 40.287445 ], [ -111.343503, 40.287494 ], [ -111.343415, 40.287594 ], [ -111.343322, 40.287761 ], [ -111.343217, 40.287973 ], [ -111.343146, 40.28806 ], [ -111.343074, 40.2881 ], [ -111.342896, 40.28814 ], [ -111.342665, 40.288186 ], [ -111.341572, 40.28832 ], [ -111.341431, 40.288344 ], [ -111.341359, 40.288356 ], [ -111.340996, 40.288416 ], [ -111.340461, 40.288553 ], [ -111.340182, 40.288611 ], [ -111.340107, 40.288629 ], [ -111.340003, 40.288649 ], [ -111.339428, 40.288699 ], [ -111.339409, 40.2887 ], [ -111.338714, 40.288662 ], [ -111.337949, 40.288529 ], [ -111.337775, 40.288494 ], [ -111.337655, 40.288482 ], [ -111.337587, 40.288455 ], [ -111.337535, 40.288434 ], [ -111.337497, 40.28842 ], [ -111.337446, 40.288402 ], [ -111.337286, 40.288352 ], [ -111.337213, 40.28835 ], [ -111.337125, 40.288358 ], [ -111.337038, 40.288365 ], [ -111.336949, 40.288346 ], [ -111.336853, 40.288326 ], [ -111.336778, 40.288324 ], [ -111.336712, 40.288294 ], [ -111.336612, 40.288204 ], [ -111.336596, 40.288183 ], [ -111.336558, 40.288136 ], [ -111.336497, 40.288112 ], [ -111.336332, 40.288047 ], [ -111.336284, 40.288028 ], [ -111.336235, 40.28801 ], [ -111.336169, 40.287987 ], [ -111.336115, 40.287953 ], [ -111.335985, 40.287901 ], [ -111.335949, 40.287893 ], [ -111.335905, 40.287885 ], [ -111.335887, 40.287882 ], [ -111.335851, 40.287866 ], [ -111.335836, 40.287859 ], [ -111.335791, 40.287839 ], [ -111.335777, 40.287833 ], [ -111.335745, 40.287818 ], [ -111.335705, 40.287801 ], [ -111.335657, 40.287763 ], [ -111.335643, 40.287751 ], [ -111.335632, 40.28774 ], [ -111.335615, 40.287722 ], [ -111.335586, 40.287692 ], [ -111.335565, 40.287668 ], [ -111.335549, 40.28765 ], [ -111.335504, 40.287609 ], [ -111.335444, 40.287548 ], [ -111.335411, 40.287522 ], [ -111.335322, 40.287453 ], [ -111.335258, 40.287413 ], [ -111.335197, 40.287365 ], [ -111.335148, 40.287302 ], [ -111.335043, 40.287196 ], [ -111.335001, 40.287141 ], [ -111.334889, 40.286991 ], [ -111.334819, 40.286898 ], [ -111.334751, 40.286807 ], [ -111.334743, 40.286796 ], [ -111.334392, 40.286476 ], [ -111.334064, 40.286257 ], [ -111.333654, 40.286019 ], [ -111.333159, 40.285745 ], [ -111.33261, 40.285463 ], [ -111.331947, 40.285147 ], [ -111.331733, 40.285045 ], [ -111.33145, 40.284892 ], [ -111.331188, 40.28476 ], [ -111.330845, 40.284547 ], [ -111.330434, 40.284235 ], [ -111.330204, 40.284051 ], [ -111.329967, 40.283808 ], [ -111.329869, 40.283699 ], [ -111.329827, 40.283647 ], [ -111.329687, 40.283451 ], [ -111.329556, 40.283259 ], [ -111.329523, 40.283211 ], [ -111.329461, 40.2831 ], [ -111.329419, 40.283025 ], [ -111.329359, 40.282899 ], [ -111.329263, 40.282763 ], [ -111.329225, 40.282675 ], [ -111.329165, 40.282561 ], [ -111.32897, 40.282453 ], [ -111.328897, 40.282404 ], [ -111.328804, 40.282353 ], [ -111.328443, 40.282272 ], [ -111.328227, 40.282242 ], [ -111.32813, 40.282229 ], [ -111.32781, 40.282217 ], [ -111.32779, 40.282216 ], [ -111.327766, 40.282216 ], [ -111.32743, 40.282231 ], [ -111.327075, 40.282269 ], [ -111.326987, 40.282283 ], [ -111.326508, 40.282372 ], [ -111.326471, 40.282383 ], [ -111.326026, 40.282518 ], [ -111.32568, 40.282649 ], [ -111.325492, 40.282772 ], [ -111.325328, 40.282907 ], [ -111.32517, 40.283119 ], [ -111.324943, 40.283516 ], [ -111.324893, 40.28362 ], [ -111.324593, 40.284247 ], [ -111.324225, 40.284766 ], [ -111.323886, 40.285285 ], [ -111.323512, 40.285728 ], [ -111.32336, 40.285931 ], [ -111.32305, 40.286351 ], [ -111.322693, 40.286685 ], [ -111.322512, 40.286933 ], [ -111.3225, 40.286942 ], [ -111.322406, 40.287015 ], [ -111.322201, 40.287128 ], [ -111.321996, 40.287245 ], [ -111.321741, 40.287307 ], [ -111.321427, 40.287366 ], [ -111.321305, 40.287372 ], [ -111.320561, 40.287299 ], [ -111.31992, 40.28731 ], [ -111.319408, 40.287307 ], [ -111.31869, 40.287277 ], [ -111.318361, 40.287274 ], [ -111.318049, 40.28727 ], [ -111.317995, 40.287272 ], [ -111.317608, 40.287235 ], [ -111.317161, 40.287245 ], [ -111.316843, 40.287309 ], [ -111.315997, 40.287532 ], [ -111.315749, 40.287559 ], [ -111.315246, 40.287605 ], [ -111.315082, 40.287596 ], [ -111.314934, 40.287578 ], [ -111.31483, 40.287566 ], [ -111.314709, 40.287522 ], [ -111.314462, 40.287446 ], [ -111.314264, 40.28741 ], [ -111.314002, 40.287362 ], [ -111.313431, 40.287255 ], [ -111.313154, 40.287157 ], [ -111.313046, 40.2871 ], [ -111.312855, 40.287 ], [ -111.312282, 40.2867 ], [ -111.312237, 40.286679 ], [ -111.312179, 40.286644 ], [ -111.311834, 40.286464 ], [ -111.311753, 40.286433 ], [ -111.311713, 40.286419 ], [ -111.311643, 40.286394 ], [ -111.311486, 40.286319 ], [ -111.311097, 40.286104 ], [ -111.310913, 40.286002 ], [ -111.310472, 40.285777 ], [ -111.310366, 40.285708 ], [ -111.310282, 40.285678 ], [ -111.310214, 40.285601 ], [ -111.310117, 40.285513 ], [ -111.309741, 40.28522 ], [ -111.309656, 40.285179 ], [ -111.309574, 40.285122 ], [ -111.309477, 40.285025 ], [ -111.309436, 40.284967 ], [ -111.309426, 40.284946 ], [ -111.309413, 40.284919 ], [ -111.309316, 40.284831 ], [ -111.309051, 40.28463 ], [ -111.308865, 40.284497 ], [ -111.308759, 40.284428 ], [ -111.30866, 40.284373 ], [ -111.308476, 40.284253 ], [ -111.308403, 40.284219 ], [ -111.30839, 40.284215 ], [ -111.308318, 40.284195 ], [ -111.308228, 40.284116 ], [ -111.308143, 40.284068 ], [ -111.30807, 40.284016 ], [ -111.308033, 40.283995 ], [ -111.308004, 40.283982 ], [ -111.307979, 40.283965 ], [ -111.307893, 40.283904 ], [ -111.307868, 40.283875 ], [ -111.307841, 40.283846 ], [ -111.307794, 40.283808 ], [ -111.307727, 40.283739 ], [ -111.307666, 40.283668 ], [ -111.307584, 40.283569 ], [ -111.307464, 40.283383 ], [ -111.30743, 40.283308 ], [ -111.307384, 40.283223 ], [ -111.307363, 40.28319 ], [ -111.307329, 40.283137 ], [ -111.307267, 40.283028 ], [ -111.307233, 40.282969 ], [ -111.307227, 40.282959 ], [ -111.307145, 40.282787 ], [ -111.307116, 40.282727 ], [ -111.307102, 40.282699 ], [ -111.307078, 40.282649 ], [ -111.307065, 40.282614 ], [ -111.307055, 40.282585 ], [ -111.307012, 40.282427 ], [ -111.306997, 40.282289 ], [ -111.307012, 40.282229 ], [ -111.307037, 40.282131 ], [ -111.307035, 40.282026 ], [ -111.306939, 40.281929 ], [ -111.30693, 40.281759 ], [ -111.306963, 40.281407 ], [ -111.30702, 40.280908 ], [ -111.307013, 40.280588 ], [ -111.307041, 40.28025 ], [ -111.307099, 40.280038 ], [ -111.307198, 40.279794 ], [ -111.307371, 40.279488 ], [ -111.307516, 40.27914 ], [ -111.307681, 40.278744 ], [ -111.308007, 40.278062 ], [ -111.308375, 40.277439 ], [ -111.308433, 40.277341 ], [ -111.308708, 40.276871 ], [ -111.308982, 40.276357 ], [ -111.309028, 40.276161 ], [ -111.309016, 40.276105 ], [ -111.309005, 40.27606 ], [ -111.308956, 40.275857 ], [ -111.308778, 40.275614 ], [ -111.308621, 40.275432 ], [ -111.30837, 40.275142 ], [ -111.308354, 40.27512 ], [ -111.30811, 40.274787 ], [ -111.307968, 40.274603 ], [ -111.307832, 40.274509 ], [ -111.307615, 40.274469 ], [ -111.307274, 40.274497 ], [ -111.306421, 40.274567 ], [ -111.306334, 40.274563 ], [ -111.305945, 40.274559 ], [ -111.305597, 40.274483 ], [ -111.305503, 40.274462 ], [ -111.305491, 40.27446 ], [ -111.305185, 40.274336 ], [ -111.304989, 40.274249 ], [ -111.304301, 40.273978 ], [ -111.304025, 40.273838 ], [ -111.303821, 40.273746 ], [ -111.303327, 40.273501 ], [ -111.303188, 40.273365 ], [ -111.302921, 40.273157 ], [ -111.30288, 40.273125 ], [ -111.302756, 40.273027 ], [ -111.302679, 40.272982 ], [ -111.302633, 40.272971 ], [ -111.302538, 40.272946 ], [ -111.302403, 40.272946 ], [ -111.302356, 40.272947 ], [ -111.302138, 40.272974 ], [ -111.302078, 40.27299 ], [ -111.301633, 40.273106 ], [ -111.301215, 40.27317 ], [ -111.30091, 40.273216 ], [ -111.300382, 40.27332 ], [ -111.299846, 40.273309 ], [ -111.29933, 40.273288 ], [ -111.299193, 40.273274 ], [ -111.298481, 40.273195 ], [ -111.29791, 40.27308 ], [ -111.29778, 40.273012 ], [ -111.297704, 40.272972 ], [ -111.297539, 40.272864 ], [ -111.297397, 40.272739 ], [ -111.297043, 40.272321 ], [ -111.296759, 40.271947 ], [ -111.29661, 40.27166 ], [ -111.296474, 40.271403 ], [ -111.296385, 40.271273 ], [ -111.296272, 40.271147 ], [ -111.295829, 40.271037 ], [ -111.295672, 40.271013 ], [ -111.295184, 40.27096 ], [ -111.294814, 40.27093 ], [ -111.29459, 40.270881 ], [ -111.29449, 40.270845 ], [ -111.294419, 40.270823 ], [ -111.294354, 40.270791 ], [ -111.294283, 40.270724 ], [ -111.294256, 40.270691 ], [ -111.294224, 40.270652 ], [ -111.294212, 40.270531 ], [ -111.294258, 40.27035 ], [ -111.294264, 40.270329 ], [ -111.294275, 40.270289 ], [ -111.294403, 40.269868 ], [ -111.294427, 40.269662 ], [ -111.294431, 40.269621 ], [ -111.294425, 40.269372 ], [ -111.29437, 40.269026 ], [ -111.294374, 40.268638 ], [ -111.294455, 40.268219 ], [ -111.294594, 40.267768 ], [ -111.29461, 40.267602 ], [ -111.29461, 40.267559 ], [ -111.294646, 40.26724 ], [ -111.294638, 40.266795 ], [ -111.294624, 40.266551 ], [ -111.294618, 40.266497 ], [ -111.294445, 40.265962 ], [ -111.294303, 40.265647 ], [ -111.294232, 40.265575 ], [ -111.294207, 40.265559 ], [ -111.294137, 40.265512 ], [ -111.293992, 40.265498 ], [ -111.293961, 40.265495 ], [ -111.293795, 40.265529 ], [ -111.29374, 40.265546 ], [ -111.293485, 40.265667 ], [ -111.292799, 40.266002 ], [ -111.292012, 40.266234 ], [ -111.291412, 40.266326 ], [ -111.291224, 40.26634 ], [ -111.291019, 40.266358 ], [ -111.290662, 40.266365 ], [ -111.290548, 40.266335 ], [ -111.290147, 40.266266 ], [ -111.289895, 40.266203 ], [ -111.289476, 40.265993 ], [ -111.289069, 40.265705 ], [ -111.288686, 40.265508 ], [ -111.288249, 40.265301 ], [ -111.28821, 40.265276 ], [ -111.287835, 40.265104 ], [ -111.287517, 40.26497 ], [ -111.2873, 40.264877 ], [ -111.287249, 40.264854 ], [ -111.286942, 40.264715 ], [ -111.286778, 40.264588 ], [ -111.286692, 40.264493 ], [ -111.286615, 40.264309 ], [ -111.286558, 40.264052 ], [ -111.286484, 40.26391 ], [ -111.286359, 40.263785 ], [ -111.2858, 40.263417 ], [ -111.285536, 40.263237 ], [ -111.285136, 40.262994 ], [ -111.284664, 40.26268 ], [ -111.284228, 40.262402 ], [ -111.283891, 40.262128 ], [ -111.283661, 40.261876 ], [ -111.28358, 40.26174 ], [ -111.283513, 40.261627 ], [ -111.283343, 40.261344 ], [ -111.283233, 40.261213 ], [ -111.283095, 40.261099 ], [ -111.282927, 40.260974 ], [ -111.282773, 40.260806 ], [ -111.282591, 40.260665 ], [ -111.282381, 40.260529 ], [ -111.282055, 40.260335 ], [ -111.281489, 40.260055 ], [ -111.281279, 40.259962 ], [ -111.280949, 40.25982 ], [ -111.280241, 40.259493 ], [ -111.279881, 40.259295 ], [ -111.279565, 40.259172 ], [ -111.279481, 40.259139 ], [ -111.279395, 40.259099 ], [ -111.279015, 40.258902 ], [ -111.278944, 40.258838 ], [ -111.278879, 40.258758 ], [ -111.278855, 40.258631 ], [ -111.278851, 40.258523 ], [ -111.278937, 40.258337 ], [ -111.278968, 40.258269 ], [ -111.279008, 40.258125 ], [ -111.279067, 40.257833 ], [ -111.279086, 40.257663 ], [ -111.279102, 40.257382 ], [ -111.279103, 40.257123 ], [ -111.279116, 40.257046 ], [ -111.279051, 40.256657 ], [ -111.278966, 40.256339 ], [ -111.278891, 40.256131 ], [ -111.278706, 40.255841 ], [ -111.278537, 40.255624 ], [ -111.278426, 40.255465 ], [ -111.278307, 40.255322 ], [ -111.278015, 40.254818 ], [ -111.277758, 40.254391 ], [ -111.277697, 40.254291 ], [ -111.277389, 40.253851 ], [ -111.277123, 40.253414 ], [ -111.27704, 40.253216 ], [ -111.276963, 40.253032 ], [ -111.276808, 40.25269 ], [ -111.276714, 40.252519 ], [ -111.276578, 40.252361 ], [ -111.276348, 40.252195 ], [ -111.276112, 40.252106 ], [ -111.275842, 40.252066 ], [ -111.275418, 40.251977 ], [ -111.274887, 40.251825 ], [ -111.274294, 40.251624 ], [ -111.274066, 40.251583 ], [ -111.273594, 40.251499 ], [ -111.272911, 40.251267 ], [ -111.27235, 40.251011 ], [ -111.271903, 40.250818 ], [ -111.27165, 40.250643 ], [ -111.271496, 40.250477 ], [ -111.271308, 40.250297 ], [ -111.27103, 40.250053 ], [ -111.270939, 40.249963 ], [ -111.270476, 40.249482 ], [ -111.270059, 40.249059 ], [ -111.269802, 40.248688 ], [ -111.269471, 40.248238 ], [ -111.26924, 40.247883 ], [ -111.269109, 40.247638 ], [ -111.26906, 40.247412 ], [ -111.269042, 40.247115 ], [ -111.269044, 40.246881 ], [ -111.269029, 40.246757 ], [ -111.268941, 40.246582 ], [ -111.268845, 40.246494 ], [ -111.268794, 40.246447 ], [ -111.268698, 40.246387 ], [ -111.268552, 40.24629 ], [ -111.268175, 40.246021 ], [ -111.267992, 40.245881 ], [ -111.26775, 40.245648 ], [ -111.26749, 40.245401 ], [ -111.266829, 40.244632 ], [ -111.26638, 40.244092 ], [ -111.266089, 40.24367 ], [ -111.265993, 40.24355 ], [ -111.265801, 40.243319 ], [ -111.265669, 40.24311 ], [ -111.26557, 40.242955 ], [ -111.265484, 40.242849 ], [ -111.265385, 40.242761 ], [ -111.265328, 40.242694 ], [ -111.265134, 40.242541 ], [ -111.264969, 40.242415 ], [ -111.264839, 40.242271 ], [ -111.264779, 40.242105 ], [ -111.264769, 40.242058 ], [ -111.264762, 40.241734 ], [ -111.264823, 40.241267 ], [ -111.264889, 40.241028 ], [ -111.26498, 40.24069 ], [ -111.265053, 40.240496 ], [ -111.265081, 40.240424 ], [ -111.265072, 40.240411 ], [ -111.265061, 40.240395 ], [ -111.265021, 40.240334 ], [ -111.265002, 40.240273 ], [ -111.265029, 40.240151 ], [ -111.265032, 40.240141 ], [ -111.265109, 40.240019 ], [ -111.265137, 40.239966 ], [ -111.265181, 40.239846 ], [ -111.265305, 40.239676 ], [ -111.26537, 40.239561 ], [ -111.265386, 40.239434 ], [ -111.265423, 40.239236 ], [ -111.265437, 40.239194 ], [ -111.265465, 40.239117 ], [ -111.26551, 40.239047 ], [ -111.265554, 40.239022 ], [ -111.265594, 40.239 ], [ -111.265671, 40.238951 ], [ -111.265689, 40.238915 ], [ -111.26572, 40.238857 ], [ -111.265749, 40.238811 ], [ -111.265772, 40.238778 ], [ -111.265832, 40.238686 ], [ -111.265863, 40.23864 ], [ -111.265896, 40.238548 ], [ -111.265942, 40.238478 ], [ -111.266021, 40.238432 ], [ -111.266117, 40.238379 ], [ -111.266182, 40.238343 ], [ -111.26631, 40.238249 ], [ -111.266438, 40.238175 ], [ -111.266565, 40.238133 ], [ -111.26668, 40.23805 ], [ -111.266751, 40.237964 ], [ -111.266864, 40.237858 ], [ -111.266964, 40.237795 ], [ -111.267008, 40.237708 ], [ -111.26711, 40.237549 ], [ -111.267309, 40.23738 ], [ -111.267508, 40.237232 ], [ -111.267607, 40.23718 ], [ -111.267736, 40.237072 ], [ -111.267863, 40.237043 ], [ -111.267931, 40.23701 ], [ -111.267947, 40.236999 ], [ -111.268102, 40.236932 ], [ -111.268228, 40.23692 ], [ -111.268342, 40.236961 ], [ -111.268469, 40.237002 ], [ -111.26861, 40.237032 ], [ -111.268736, 40.236997 ], [ -111.26896, 40.236952 ], [ -111.269128, 40.236946 ], [ -111.269284, 40.236978 ], [ -111.26944, 40.237029 ], [ -111.269595, 40.237069 ], [ -111.269807, 40.237109 ], [ -111.269962, 40.237095 ], [ -111.270143, 40.237039 ], [ -111.270366, 40.236959 ], [ -111.270633, 40.236879 ], [ -111.270759, 40.236834 ], [ -111.270913, 40.236833 ], [ -111.271096, 40.23685 ], [ -111.271237, 40.23688 ], [ -111.271406, 40.236867 ], [ -111.271786, 40.236828 ], [ -111.271994, 40.236769 ], [ -111.272163, 40.236691 ], [ -111.27233, 40.236624 ], [ -111.272413, 40.236595 ], [ -111.272449, 40.236606 ], [ -111.272493, 40.236591 ], [ -111.272693, 40.236572 ], [ -111.272952, 40.2365 ], [ -111.273333, 40.236419 ], [ -111.273543, 40.236291 ], [ -111.273617, 40.236215 ], [ -111.273677, 40.236079 ], [ -111.273723, 40.235888 ], [ -111.273799, 40.235659 ], [ -111.27379, 40.235417 ], [ -111.273815, 40.235258 ], [ -111.273836, 40.235027 ], [ -111.273871, 40.234638 ], [ -111.273864, 40.234283 ], [ -111.273832, 40.234107 ], [ -111.273798, 40.233968 ], [ -111.273815, 40.233837 ], [ -111.273818, 40.233744 ], [ -111.273856, 40.233613 ], [ -111.273885, 40.233306 ], [ -111.273886, 40.233234 ], [ -111.27391, 40.233126 ], [ -111.273911, 40.233032 ], [ -111.2739, 40.232873 ], [ -111.273873, 40.232784 ], [ -111.273755, 40.232634 ], [ -111.273479, 40.232465 ], [ -111.273308, 40.232407 ], [ -111.273167, 40.232333 ], [ -111.272872, 40.232145 ], [ -111.272863, 40.232117 ], [ -111.272829, 40.232043 ], [ -111.272795, 40.231988 ], [ -111.272741, 40.231899 ], [ -111.2727, 40.231811 ], [ -111.272593, 40.231508 ], [ -111.272574, 40.231453 ], [ -111.272515, 40.231354 ], [ -111.272508, 40.231346 ], [ -111.272487, 40.231322 ], [ -111.27248, 40.231314 ], [ -111.272446, 40.231275 ], [ -111.272407, 40.231213 ], [ -111.272401, 40.231203 ], [ -111.272363, 40.231124 ], [ -111.272289, 40.23086 ], [ -111.272256, 40.23074 ], [ -111.27222, 40.230614 ], [ -111.272196, 40.230526 ], [ -111.272154, 40.230297 ], [ -111.272145, 40.230231 ], [ -111.272129, 40.230102 ], [ -111.272119, 40.230029 ], [ -111.272119, 40.229962 ], [ -111.272119, 40.229876 ], [ -111.272075, 40.229537 ], [ -111.272065, 40.229404 ], [ -111.272047, 40.229167 ], [ -111.272038, 40.229029 ], [ -111.272032, 40.22889 ], [ -111.271994, 40.228617 ], [ -111.271963, 40.228489 ], [ -111.271951, 40.228464 ], [ -111.271908, 40.228366 ], [ -111.271842, 40.228254 ], [ -111.271828, 40.22821 ], [ -111.271808, 40.228141 ], [ -111.271814, 40.228075 ], [ -111.271819, 40.22803 ], [ -111.27183, 40.227993 ], [ -111.27185, 40.227929 ], [ -111.271848, 40.227882 ], [ -111.271848, 40.227844 ], [ -111.271847, 40.22781 ], [ -111.271839, 40.227759 ], [ -111.271833, 40.227712 ], [ -111.271839, 40.227642 ], [ -111.271877, 40.227577 ], [ -111.271917, 40.227529 ], [ -111.271973, 40.227465 ], [ -111.272056, 40.227397 ], [ -111.272144, 40.227333 ], [ -111.272262, 40.227129 ], [ -111.272326, 40.227054 ], [ -111.272342, 40.227036 ], [ -111.272415, 40.22694 ], [ -111.272532, 40.226738 ], [ -111.27259, 40.226619 ], [ -111.27258, 40.22648 ], [ -111.27264, 40.226327 ], [ -111.272746, 40.226199 ], [ -111.272851, 40.22609 ], [ -111.272895, 40.225876 ], [ -111.272937, 40.225793 ], [ -111.273, 40.225724 ], [ -111.273018, 40.225646 ], [ -111.273021, 40.225611 ], [ -111.27303, 40.225515 ], [ -111.2731, 40.22538 ], [ -111.273139, 40.225226 ], [ -111.273164, 40.225086 ], [ -111.273168, 40.225061 ], [ -111.273174, 40.225028 ], [ -111.273184, 40.224986 ], [ -111.273191, 40.224956 ], [ -111.273196, 40.224936 ], [ -111.273213, 40.224812 ], [ -111.273269, 40.224715 ], [ -111.273308, 40.224503 ], [ -111.273332, 40.224355 ], [ -111.273314, 40.224154 ], [ -111.273293, 40.224085 ], [ -111.273316, 40.223991 ], [ -111.273353, 40.223908 ], [ -111.273347, 40.223755 ], [ -111.273363, 40.223666 ], [ -111.273342, 40.2236 ], [ -111.273321, 40.223496 ], [ -111.273322, 40.223441 ], [ -111.273294, 40.223274 ], [ -111.273285, 40.223211 ], [ -111.273305, 40.223139 ], [ -111.2733, 40.223123 ], [ -111.273344, 40.223003 ], [ -111.273437, 40.222769 ], [ -111.273494, 40.222503 ], [ -111.273506, 40.222354 ], [ -111.273511, 40.222268 ], [ -111.273499, 40.222111 ], [ -111.273449, 40.221994 ], [ -111.273375, 40.221913 ], [ -111.273215, 40.221801 ], [ -111.273123, 40.221727 ], [ -111.272756, 40.221432 ], [ -111.27252, 40.221217 ], [ -111.272467, 40.221174 ], [ -111.272382, 40.221068 ], [ -111.272376, 40.221042 ], [ -111.27229, 40.220848 ], [ -111.272241, 40.220573 ], [ -111.272193, 40.220408 ], [ -111.272177, 40.220316 ], [ -111.272168, 40.220259 ], [ -111.272122, 40.219802 ], [ -111.272091, 40.219693 ], [ -111.272073, 40.219629 ], [ -111.272051, 40.219555 ], [ -111.272017, 40.219433 ], [ -111.271947, 40.219279 ], [ -111.271884, 40.219108 ], [ -111.271778, 40.218909 ], [ -111.271665, 40.218821 ], [ -111.271533, 40.218646 ], [ -111.271423, 40.218501 ], [ -111.271239, 40.218274 ], [ -111.271084, 40.218004 ], [ -111.270913, 40.217772 ], [ -111.270836, 40.217606 ], [ -111.270723, 40.217419 ], [ -111.270696, 40.217314 ], [ -111.270526, 40.216994 ], [ -111.270355, 40.216795 ], [ -111.269306, 40.215956 ], [ -111.269187, 40.215842 ], [ -111.269013, 40.215675 ], [ -111.268856, 40.215507 ], [ -111.26875, 40.215393 ], [ -111.268706, 40.215347 ], [ -111.268499, 40.215014 ], [ -111.268175, 40.214659 ], [ -111.267885, 40.21425 ], [ -111.267703, 40.213975 ], [ -111.267636, 40.213768 ], [ -111.267524, 40.213494 ], [ -111.267364, 40.213296 ], [ -111.267111, 40.213035 ], [ -111.267001, 40.212945 ], [ -111.266761, 40.2128 ], [ -111.266301, 40.212534 ], [ -111.266124, 40.212438 ], [ -111.265797, 40.212259 ], [ -111.265315, 40.212057 ], [ -111.265092, 40.211989 ], [ -111.264942, 40.211956 ], [ -111.264664, 40.211922 ], [ -111.26446, 40.211855 ], [ -111.264344, 40.211782 ], [ -111.264109, 40.211679 ], [ -111.264058, 40.211661 ], [ -111.263998, 40.21164 ], [ -111.263882, 40.211606 ], [ -111.26365, 40.211558 ], [ -111.263448, 40.211506 ], [ -111.263352, 40.211477 ], [ -111.263243, 40.211454 ], [ -111.263133, 40.211447 ], [ -111.263024, 40.211422 ], [ -111.262841, 40.211325 ], [ -111.262772, 40.211284 ], [ -111.262706, 40.211255 ], [ -111.262497, 40.21119 ], [ -111.262448, 40.211175 ], [ -111.262363, 40.211146 ], [ -111.262266, 40.211107 ], [ -111.262158, 40.211071 ], [ -111.262057, 40.21103 ], [ -111.261869, 40.210978 ], [ -111.261798, 40.210886 ], [ -111.26179, 40.210796 ], [ -111.261849, 40.210735 ], [ -111.261952, 40.21067 ], [ -111.262047, 40.210617 ], [ -111.262177, 40.210515 ], [ -111.262252, 40.210471 ], [ -111.262341, 40.210429 ], [ -111.262438, 40.210391 ], [ -111.262524, 40.210351 ], [ -111.262736, 40.210282 ], [ -111.262963, 40.210226 ], [ -111.263074, 40.210195 ], [ -111.263182, 40.210155 ], [ -111.263416, 40.210055 ], [ -111.26355, 40.210041 ], [ -111.263684, 40.209984 ], [ -111.263813, 40.209914 ], [ -111.263933, 40.209836 ], [ -111.264073, 40.209764 ], [ -111.264385, 40.20963 ], [ -111.264536, 40.209581 ], [ -111.264676, 40.209544 ], [ -111.264781, 40.209495 ], [ -111.264867, 40.20936 ], [ -111.264906, 40.209259 ], [ -111.26482, 40.209072 ], [ -111.264737, 40.208855 ], [ -111.264724, 40.208804 ], [ -111.264711, 40.208748 ], [ -111.264692, 40.208638 ], [ -111.264657, 40.20853 ], [ -111.264535, 40.208273 ], [ -111.264481, 40.208143 ], [ -111.264428, 40.20803 ], [ -111.264372, 40.207924 ], [ -111.264303, 40.207835 ], [ -111.264242, 40.207738 ], [ -111.264174, 40.207643 ], [ -111.263959, 40.207375 ], [ -111.263932, 40.207341 ], [ -111.263914, 40.207317 ], [ -111.26389, 40.207284 ], [ -111.263804, 40.20713 ], [ -111.263769, 40.207067 ], [ -111.263602, 40.206695 ], [ -111.263589, 40.206618 ], [ -111.263489, 40.206564 ], [ -111.263349, 40.206477 ], [ -111.263292, 40.206403 ], [ -111.263293, 40.206315 ], [ -111.263307, 40.206087 ], [ -111.263335, 40.206002 ], [ -111.263336, 40.205906 ], [ -111.263307, 40.205797 ], [ -111.263308, 40.205721 ], [ -111.263293, 40.205656 ], [ -111.263236, 40.205581 ], [ -111.263153, 40.205515 ], [ -111.262955, 40.20546 ], [ -111.262716, 40.205373 ], [ -111.262476, 40.205265 ], [ -111.262379, 40.205228 ], [ -111.262169, 40.205193 ], [ -111.26215, 40.20519 ], [ -111.261951, 40.205212 ], [ -111.261939, 40.205213 ], [ -111.261816, 40.205209 ], [ -111.261657, 40.205191 ], [ -111.261422, 40.205138 ], [ -111.261235, 40.205075 ], [ -111.260639, 40.20486 ], [ -111.260354, 40.204728 ], [ -111.260212, 40.204639 ], [ -111.259997, 40.204489 ], [ -111.259714, 40.204141 ], [ -111.259615, 40.204025 ], [ -111.259565, 40.203948 ], [ -111.259489, 40.203801 ], [ -111.259416, 40.203751 ], [ -111.259237, 40.20363 ], [ -111.259202, 40.203596 ], [ -111.259139, 40.203536 ], [ -111.2591, 40.203499 ], [ -111.259005, 40.203419 ], [ -111.258972, 40.203391 ], [ -111.258873, 40.203306 ], [ -111.258774, 40.203222 ], [ -111.258697, 40.20315 ], [ -111.258621, 40.203086 ], [ -111.258576, 40.203056 ], [ -111.258468, 40.202986 ], [ -111.258452, 40.202976 ], [ -111.258414, 40.202956 ], [ -111.258372, 40.202935 ], [ -111.258242, 40.202895 ], [ -111.258195, 40.202881 ], [ -111.258185, 40.202876 ], [ -111.258134, 40.202847 ], [ -111.257981, 40.202763 ], [ -111.257931, 40.202735 ], [ -111.257916, 40.202727 ], [ -111.257874, 40.202703 ], [ -111.25786, 40.202696 ], [ -111.257775, 40.202648 ], [ -111.257616, 40.20256 ], [ -111.257545, 40.202511 ], [ -111.257528, 40.202496 ], [ -111.257491, 40.202465 ], [ -111.257458, 40.20243 ], [ -111.257446, 40.202417 ], [ -111.257439, 40.202406 ], [ -111.257408, 40.202355 ], [ -111.257396, 40.202325 ], [ -111.257386, 40.202297 ], [ -111.257375, 40.202269 ], [ -111.257358, 40.202221 ], [ -111.257351, 40.202198 ], [ -111.257323, 40.202135 ], [ -111.257236, 40.202014 ], [ -111.257189, 40.201949 ], [ -111.257169, 40.201917 ], [ -111.257139, 40.201871 ], [ -111.257016, 40.201677 ], [ -111.256993, 40.201636 ], [ -111.256971, 40.201596 ], [ -111.256951, 40.201555 ], [ -111.256916, 40.201485 ], [ -111.256892, 40.201436 ], [ -111.256805, 40.201366 ], [ -111.256749, 40.201332 ], [ -111.256704, 40.201305 ], [ -111.256681, 40.201298 ], [ -111.256493, 40.201241 ], [ -111.256451, 40.201232 ], [ -111.256362, 40.201157 ], [ -111.256381, 40.200916 ], [ -111.256406, 40.200727 ], [ -111.256739, 40.200176 ], [ -111.256971, 40.199858 ], [ -111.257199, 40.199583 ], [ -111.257282, 40.199489 ], [ -111.257528, 40.199241 ], [ -111.257542, 40.199224 ], [ -111.257718, 40.19916 ], [ -111.257768, 40.199114 ], [ -111.257819, 40.199067 ], [ -111.257847, 40.199026 ], [ -111.257901, 40.198953 ], [ -111.258043, 40.198707 ], [ -111.258104, 40.19859 ], [ -111.258183, 40.198466 ], [ -111.258293, 40.198267 ], [ -111.258325, 40.198141 ], [ -111.25831, 40.197973 ], [ -111.258239, 40.197891 ], [ -111.258155, 40.197849 ], [ -111.258042, 40.197843 ], [ -111.25792, 40.197845 ], [ -111.257821, 40.197847 ], [ -111.257798, 40.197848 ], [ -111.257675, 40.197849 ], [ -111.257553, 40.197854 ], [ -111.257517, 40.197858 ], [ -111.257432, 40.197871 ], [ -111.257053, 40.197904 ], [ -111.25694, 40.197908 ], [ -111.256823, 40.197897 ], [ -111.256807, 40.197892 ], [ -111.25671, 40.197864 ], [ -111.256619, 40.197828 ], [ -111.256587, 40.197816 ], [ -111.256337, 40.197708 ], [ -111.25622, 40.197665 ], [ -111.256028, 40.197577 ], [ -111.255855, 40.197527 ], [ -111.255474, 40.197391 ], [ -111.25514, 40.19726 ], [ -111.254917, 40.197183 ], [ -111.25479, 40.197156 ], [ -111.25467, 40.197115 ], [ -111.254552, 40.197068 ], [ -111.254419, 40.197036 ], [ -111.25431, 40.196995 ], [ -111.254187, 40.196959 ], [ -111.253926, 40.196915 ], [ -111.2539, 40.196904 ], [ -111.253824, 40.196874 ], [ -111.253799, 40.196864 ], [ -111.253697, 40.196791 ], [ -111.253601, 40.19673 ], [ -111.253487, 40.196695 ], [ -111.253267, 40.196664 ], [ -111.253157, 40.196642 ], [ -111.253058, 40.196607 ], [ -111.252846, 40.196483 ], [ -111.252728, 40.196421 ], [ -111.252606, 40.196364 ], [ -111.252557, 40.196337 ], [ -111.2525, 40.196306 ], [ -111.252488, 40.1963 ], [ -111.252373, 40.19621 ], [ -111.252267, 40.196109 ], [ -111.252228, 40.196075 ], [ -111.25216, 40.196017 ], [ -111.252148, 40.196007 ], [ -111.252063, 40.195917 ], [ -111.251967, 40.195829 ], [ -111.251861, 40.195737 ], [ -111.251647, 40.195561 ], [ -111.251531, 40.195469 ], [ -111.25142, 40.195374 ], [ -111.251368, 40.195325 ], [ -111.251319, 40.195279 ], [ -111.25131, 40.19527 ], [ -111.251211, 40.19516 ], [ -111.251189, 40.195129 ], [ -111.251151, 40.195076 ], [ -111.251035, 40.194899 ], [ -111.251001, 40.194846 ], [ -111.25088, 40.194741 ], [ -111.250812, 40.19468 ], [ -111.250788, 40.194659 ], [ -111.250707, 40.194638 ], [ -111.249985, 40.194523 ], [ -111.24973, 40.194463 ], [ -111.24945, 40.194398 ], [ -111.248968, 40.194282 ], [ -111.248562, 40.194153 ], [ -111.248291, 40.19404 ], [ -111.248133, 40.193929 ], [ -111.248003, 40.193833 ], [ -111.247902, 40.193727 ], [ -111.247814, 40.193636 ], [ -111.247749, 40.193451 ], [ -111.247746, 40.193406 ], [ -111.247746, 40.193385 ], [ -111.247736, 40.193203 ], [ -111.2477, 40.192924 ], [ -111.247522, 40.192506 ], [ -111.247328, 40.192203 ], [ -111.247168, 40.191952 ], [ -111.246854, 40.191417 ], [ -111.246627, 40.191109 ], [ -111.246595, 40.191066 ], [ -111.246253, 40.190738 ], [ -111.246237, 40.190727 ], [ -111.245882, 40.190495 ], [ -111.245399, 40.190154 ], [ -111.244999, 40.189885 ], [ -111.244687, 40.18971 ], [ -111.244491, 40.189572 ], [ -111.244433, 40.189531 ], [ -111.244335, 40.189431 ], [ -111.244321, 40.189423 ], [ -111.244257, 40.189346 ], [ -111.244141, 40.189219 ], [ -111.244041, 40.189071 ], [ -111.243941, 40.188983 ], [ -111.243688, 40.188736 ], [ -111.243573, 40.188598 ], [ -111.243301, 40.18828 ], [ -111.243059, 40.187925 ], [ -111.243018, 40.187862 ], [ -111.242918, 40.187709 ], [ -111.242829, 40.187574 ], [ -111.242534, 40.187259 ], [ -111.242207, 40.186894 ], [ -111.241997, 40.186639 ], [ -111.241912, 40.18652 ], [ -111.241668, 40.186186 ], [ -111.241561, 40.186105 ], [ -111.241449, 40.186023 ], [ -111.24126, 40.185879 ], [ -111.240854, 40.185623 ], [ -111.240683, 40.185506 ], [ -111.240495, 40.185353 ], [ -111.240271, 40.18511 ], [ -111.24013, 40.184973 ], [ -111.240087, 40.184927 ], [ -111.23993, 40.184778 ], [ -111.239807, 40.184674 ], [ -111.23954, 40.18436 ], [ -111.23948, 40.184248 ], [ -111.239404, 40.184108 ], [ -111.239351, 40.184009 ], [ -111.239179, 40.183577 ], [ -111.239078, 40.183271 ], [ -111.239042, 40.183014 ], [ -111.239018, 40.182775 ], [ -111.238906, 40.182658 ], [ -111.238879, 40.182645 ], [ -111.238862, 40.182636 ], [ -111.238847, 40.182624 ], [ -111.238658, 40.182536 ], [ -111.238505, 40.18247 ], [ -111.237982, 40.182264 ], [ -111.237556, 40.182057 ], [ -111.237422, 40.181997 ], [ -111.23715, 40.181865 ], [ -111.237077, 40.181843 ], [ -111.236826, 40.181728 ], [ -111.236717, 40.18167 ], [ -111.236217, 40.181401 ], [ -111.235905, 40.181204 ], [ -111.235692, 40.180967 ], [ -111.235499, 40.180712 ], [ -111.23548, 40.180688 ], [ -111.235343, 40.180446 ], [ -111.235321, 40.180409 ], [ -111.235185, 40.18013 ], [ -111.235023, 40.179887 ], [ -111.23498, 40.179716 ], [ -111.23493, 40.179606 ], [ -111.234892, 40.179488 ], [ -111.234886, 40.179469 ], [ -111.234842, 40.1791 ], [ -111.234842, 40.178952 ], [ -111.234921, 40.178699 ], [ -111.234974, 40.17854 ], [ -111.235028, 40.178431 ], [ -111.235114, 40.17826 ], [ -111.235147, 40.178216 ], [ -111.235265, 40.178062 ], [ -111.235313, 40.177999 ], [ -111.235334, 40.177939 ], [ -111.235385, 40.177851 ], [ -111.235449, 40.177691 ], [ -111.235443, 40.177591 ], [ -111.235441, 40.177575 ], [ -111.235438, 40.177528 ], [ -111.235437, 40.177513 ], [ -111.235435, 40.177499 ], [ -111.235431, 40.177457 ], [ -111.23543, 40.177444 ], [ -111.235429, 40.177427 ], [ -111.235429, 40.177376 ], [ -111.235429, 40.17736 ], [ -111.235429, 40.17735 ], [ -111.235432, 40.17732 ], [ -111.235433, 40.177311 ], [ -111.235433, 40.177298 ], [ -111.235433, 40.177263 ], [ -111.235434, 40.177251 ], [ -111.235433, 40.177234 ], [ -111.235433, 40.177184 ], [ -111.235433, 40.177168 ], [ -111.235432, 40.177159 ], [ -111.23543, 40.177124 ], [ -111.235428, 40.177091 ], [ -111.235427, 40.177075 ], [ -111.235424, 40.177028 ], [ -111.235423, 40.177013 ], [ -111.235421, 40.176982 ], [ -111.235419, 40.176948 ], [ -111.235417, 40.176938 ], [ -111.235409, 40.176897 ], [ -111.235366, 40.176674 ], [ -111.235372, 40.176517 ], [ -111.235368, 40.17647 ], [ -111.235349, 40.176161 ], [ -111.235337, 40.17604 ], [ -111.235294, 40.17599 ], [ -111.235266, 40.175958 ], [ -111.235227, 40.175935 ], [ -111.235162, 40.175894 ], [ -111.234924, 40.175731 ], [ -111.234872, 40.17569 ], [ -111.234544, 40.175447 ], [ -111.234416, 40.175279 ], [ -111.234342, 40.175149 ], [ -111.234234, 40.17505 ], [ -111.233916, 40.174804 ], [ -111.2337, 40.174564 ], [ -111.233529, 40.174428 ], [ -111.233391, 40.174282 ], [ -111.233267, 40.174192 ], [ -111.233179, 40.174075 ], [ -111.233025, 40.173953 ], [ -111.232876, 40.173919 ], [ -111.23229, 40.173696 ], [ -111.232244, 40.173671 ], [ -111.231992, 40.173535 ], [ -111.231685, 40.173357 ], [ -111.231385, 40.173051 ], [ -111.231351, 40.173004 ], [ -111.231317, 40.17298 ], [ -111.231252, 40.172925 ], [ -111.231202, 40.172832 ], [ -111.231165, 40.172732 ], [ -111.231151, 40.172694 ], [ -111.231036, 40.172493 ], [ -111.230944, 40.172145 ], [ -111.230917, 40.172043 ], [ -111.230816, 40.171633 ], [ -111.230787, 40.171456 ], [ -111.230738, 40.171152 ], [ -111.230643, 40.170936 ], [ -111.230472, 40.170748 ], [ -111.23015, 40.170495 ], [ -111.229589, 40.170118 ], [ -111.229054, 40.169849 ], [ -111.228698, 40.169697 ], [ -111.228307, 40.169458 ], [ -111.227866, 40.169148 ], [ -111.227559, 40.168879 ], [ -111.227251, 40.168649 ], [ -111.227186, 40.168593 ], [ -111.226971, 40.168473 ], [ -111.226865, 40.168359 ], [ -111.226627, 40.168214 ], [ -111.226469, 40.168143 ], [ -111.226329, 40.168057 ], [ -111.226288, 40.168012 ], [ -111.226239, 40.167974 ], [ -111.226203, 40.167947 ], [ -111.226175, 40.167944 ], [ -111.226012, 40.167827 ], [ -111.225865, 40.167697 ], [ -111.225682, 40.167486 ], [ -111.225581, 40.167351 ], [ -111.225433, 40.167022 ], [ -111.225361, 40.166809 ], [ -111.225326, 40.166686 ], [ -111.225312, 40.166609 ], [ -111.225276, 40.166537 ], [ -111.225225, 40.166367 ], [ -111.225218, 40.166301 ], [ -111.225232, 40.166158 ], [ -111.225232, 40.165916 ], [ -111.22526, 40.165773 ], [ -111.225268, 40.165666 ], [ -111.225323, 40.165387 ], [ -111.225357, 40.165216 ], [ -111.225392, 40.164863 ], [ -111.225394, 40.164843 ], [ -111.225406, 40.164706 ], [ -111.225415, 40.164683 ], [ -111.22553, 40.164354 ], [ -111.225717, 40.164035 ], [ -111.226027, 40.163683 ], [ -111.226432, 40.163209 ], [ -111.226553, 40.163072 ], [ -111.226875, 40.162708 ], [ -111.227279, 40.162271 ], [ -111.227472, 40.162 ], [ -111.227539, 40.161874 ], [ -111.227596, 40.161775 ], [ -111.227646, 40.161715 ], [ -111.227638, 40.161555 ], [ -111.227624, 40.161506 ], [ -111.22762, 40.161468 ], [ -111.227599, 40.16141 ], [ -111.227508, 40.161267 ], [ -111.227499, 40.161252 ], [ -111.227375, 40.161072 ], [ -111.22731, 40.160937 ], [ -111.227314, 40.160848 ], [ -111.227315, 40.160811 ], [ -111.227362, 40.160635 ], [ -111.227467, 40.160464 ], [ -111.227522, 40.160397 ], [ -111.227613, 40.160288 ], [ -111.227992, 40.159832 ], [ -111.228414, 40.159389 ], [ -111.228496, 40.159304 ], [ -111.228535, 40.159263 ], [ -111.228627, 40.159188 ], [ -111.228703, 40.159126 ], [ -111.228765, 40.159064 ], [ -111.228859, 40.158969 ], [ -111.228966, 40.15885 ], [ -111.229169, 40.158683 ], [ -111.229229, 40.158591 ], [ -111.229229, 40.158499 ], [ -111.229216, 40.158427 ], [ -111.229144, 40.158343 ], [ -111.229, 40.158262 ], [ -111.22876, 40.158169 ], [ -111.228478, 40.158096 ], [ -111.228341, 40.158061 ], [ -111.228269, 40.158042 ], [ -111.228138, 40.158004 ], [ -111.227846, 40.157879 ], [ -111.227681, 40.157824 ], [ -111.22743, 40.157726 ], [ -111.227245, 40.15752 ], [ -111.227211, 40.157507 ], [ -111.22715, 40.15733 ], [ -111.227071, 40.157203 ], [ -111.227027, 40.157104 ], [ -111.226984, 40.156895 ], [ -111.226865, 40.156603 ], [ -111.226804, 40.156406 ], [ -111.226804, 40.156268 ], [ -111.226797, 40.156213 ], [ -111.226725, 40.156004 ], [ -111.226729, 40.155813 ], [ -111.2268, 40.155695 ], [ -111.22694, 40.155546 ], [ -111.227085, 40.155275 ], [ -111.227109, 40.155236 ], [ -111.227189, 40.155099 ], [ -111.22726, 40.154982 ], [ -111.227268, 40.154969 ], [ -111.227441, 40.154441 ], [ -111.227444, 40.154416 ], [ -111.227464, 40.15427 ], [ -111.227498, 40.154112 ], [ -111.227516, 40.154066 ], [ -111.227583, 40.153913 ], [ -111.227632, 40.153796 ], [ -111.227726, 40.153684 ], [ -111.227814, 40.153557 ], [ -111.227889, 40.15335 ], [ -111.227894, 40.153197 ], [ -111.22787, 40.152994 ], [ -111.227888, 40.152881 ], [ -111.227958, 40.152787 ], [ -111.228104, 40.152615 ], [ -111.228244, 40.152525 ], [ -111.22852, 40.152389 ], [ -111.228866, 40.152231 ], [ -111.22917, 40.152027 ], [ -111.229451, 40.151761 ], [ -111.229668, 40.151563 ], [ -111.229776, 40.151461 ], [ -111.229905, 40.151269 ], [ -111.229933, 40.151181 ], [ -111.229947, 40.151059 ], [ -111.229963, 40.150992 ], [ -111.230011, 40.150962 ], [ -111.230129, 40.150871 ], [ -111.230227, 40.150796 ], [ -111.230276, 40.150758 ], [ -111.230512, 40.150661 ], [ -111.230582, 40.150565 ], [ -111.230693, 40.150434 ], [ -111.230818, 40.150372 ], [ -111.230929, 40.150295 ], [ -111.230971, 40.150205 ], [ -111.230998, 40.150147 ], [ -111.231012, 40.150007 ], [ -111.231011, 40.149868 ], [ -111.230983, 40.149751 ], [ -111.230927, 40.149611 ], [ -111.230873, 40.149456 ], [ -111.230861, 40.149402 ], [ -111.230875, 40.149299 ], [ -111.230887, 40.149204 ], [ -111.230951, 40.149105 ], [ -111.231062, 40.148978 ], [ -111.231167, 40.148834 ], [ -111.231311, 40.148659 ], [ -111.231332, 40.148604 ], [ -111.231382, 40.148428 ], [ -111.231396, 40.148406 ], [ -111.231425, 40.148304 ], [ -111.231432, 40.148279 ], [ -111.231446, 40.148251 ], [ -111.231445, 40.147977 ], [ -111.23146, 40.147932 ], [ -111.231467, 40.147888 ], [ -111.231459, 40.147833 ], [ -111.231337, 40.147647 ], [ -111.231328, 40.147627 ], [ -111.231239, 40.147546 ], [ -111.230963, 40.147434 ], [ -111.230871, 40.147383 ], [ -111.230751, 40.14732 ], [ -111.230511, 40.14719 ], [ -111.230434, 40.147148 ], [ -111.23031, 40.147079 ], [ -111.230028, 40.146935 ], [ -111.229705, 40.146819 ], [ -111.229576, 40.146777 ], [ -111.229352, 40.146703 ], [ -111.228964, 40.146532 ], [ -111.228877, 40.146489 ], [ -111.228796, 40.146449 ], [ -111.228734, 40.146419 ], [ -111.228635, 40.146371 ], [ -111.228181, 40.14612 ], [ -111.227966, 40.145994 ], [ -111.227571, 40.145802 ], [ -111.22725, 40.145609 ], [ -111.227217, 40.145596 ], [ -111.227034, 40.145501 ], [ -111.22678, 40.145316 ], [ -111.226314, 40.144908 ], [ -111.226088, 40.144736 ], [ -111.225821, 40.144618 ], [ -111.225822, 40.144598 ], [ -111.22577, 40.144537 ], [ -111.225743, 40.144505 ], [ -111.225642, 40.144336 ], [ -111.225602, 40.144268 ], [ -111.225564, 40.144176 ], [ -111.225469, 40.143939 ], [ -111.225438, 40.143911 ], [ -111.225379, 40.143833 ], [ -111.225344, 40.14374 ], [ -111.225242, 40.143461 ], [ -111.225233, 40.143435 ], [ -111.225215, 40.143366 ], [ -111.225138, 40.143245 ], [ -111.22507, 40.143138 ], [ -111.225023, 40.143065 ], [ -111.224978, 40.142855 ], [ -111.224948, 40.142716 ], [ -111.224856, 40.142512 ], [ -111.224865, 40.1425 ], [ -111.224907, 40.142458 ], [ -111.224951, 40.142359 ], [ -111.225086, 40.142189 ], [ -111.225172, 40.142024 ], [ -111.225303, 40.141818 ], [ -111.225372, 40.14171 ], [ -111.225424, 40.14162 ], [ -111.225466, 40.141421 ], [ -111.225452, 40.141228 ], [ -111.225427, 40.141198 ], [ -111.225358, 40.141076 ], [ -111.225267, 40.140991 ], [ -111.224953, 40.140605 ], [ -111.224781, 40.140401 ], [ -111.224537, 40.140143 ], [ -111.224458, 40.14 ], [ -111.224307, 40.139884 ], [ -111.22428, 40.139848 ], [ -111.224274, 40.139771 ], [ -111.224245, 40.139688 ], [ -111.224133, 40.139474 ], [ -111.223993, 40.139302 ], [ -111.223951, 40.139174 ], [ -111.223921, 40.139095 ], [ -111.223894, 40.139025 ], [ -111.223825, 40.138885 ], [ -111.22374, 40.13864 ], [ -111.223684, 40.138534 ], [ -111.223642, 40.138425 ], [ -111.223627, 40.138286 ], [ -111.223641, 40.138169 ], [ -111.223682, 40.138061 ], [ -111.223738, 40.137966 ], [ -111.223807, 40.13787 ], [ -111.223835, 40.137762 ], [ -111.223848, 40.137676 ], [ -111.223845, 40.137552 ], [ -111.223834, 40.137433 ], [ -111.223843, 40.13741 ], [ -111.223886, 40.137247 ], [ -111.223944, 40.137055 ], [ -111.223974, 40.136974 ], [ -111.224027, 40.13683 ], [ -111.224082, 40.136659 ], [ -111.224123, 40.136479 ], [ -111.224145, 40.136167 ], [ -111.22415, 40.136092 ], [ -111.224117, 40.135871 ], [ -111.224135, 40.135791 ], [ -111.224182, 40.135641 ], [ -111.224143, 40.135325 ], [ -111.22416, 40.134987 ], [ -111.224147, 40.134653 ], [ -111.224063, 40.134275 ], [ -111.224021, 40.13394 ], [ -111.224023, 40.133931 ], [ -111.224051, 40.133821 ], [ -111.224087, 40.133485 ], [ -111.224115, 40.133298 ], [ -111.224122, 40.133127 ], [ -111.223985, 40.132946 ], [ -111.223878, 40.132775 ], [ -111.223749, 40.132649 ], [ -111.22347, 40.132407 ], [ -111.223111, 40.13202 ], [ -111.222993, 40.131736 ], [ -111.222903, 40.131349 ], [ -111.222873, 40.13102 ], [ -111.222855, 40.130741 ], [ -111.222895, 40.130484 ], [ -111.222982, 40.130277 ], [ -111.223034, 40.130011 ], [ -111.222992, 40.129777 ], [ -111.222876, 40.129535 ], [ -111.222835, 40.129476 ], [ -111.222787, 40.129415 ], [ -111.222606, 40.129156 ], [ -111.222396, 40.128841 ], [ -111.222323, 40.128755 ], [ -111.222161, 40.128612 ], [ -111.222002, 40.12845 ], [ -111.221925, 40.128288 ], [ -111.221901, 40.128112 ], [ -111.221953, 40.127828 ], [ -111.222024, 40.127531 ], [ -111.222096, 40.127271 ], [ -111.222179, 40.126976 ], [ -111.222266, 40.126539 ], [ -111.222306, 40.126355 ], [ -111.222341, 40.126192 ], [ -111.222328, 40.125964 ], [ -111.222216, 40.125756 ], [ -111.221977, 40.125484 ], [ -111.221739, 40.125284 ], [ -111.221615, 40.125155 ], [ -111.221494, 40.124965 ], [ -111.221464, 40.124918 ], [ -111.221526, 40.124523 ], [ -111.221617, 40.124468 ], [ -111.22166, 40.124441 ], [ -111.222164, 40.124269 ], [ -111.222669, 40.124147 ], [ -111.222862, 40.124065 ], [ -111.222967, 40.123968 ], [ -111.223008, 40.12393 ], [ -111.223143, 40.123704 ], [ -111.223218, 40.123515 ], [ -111.223212, 40.123366 ], [ -111.22317, 40.123145 ], [ -111.223097, 40.122929 ], [ -111.222898, 40.122398 ], [ -111.222838, 40.122128 ], [ -111.222857, 40.12192 ], [ -111.222861, 40.12188 ], [ -111.22293, 40.121628 ], [ -111.223059, 40.121348 ], [ -111.223198, 40.121173 ], [ -111.223362, 40.120972 ], [ -111.223481, 40.120836 ], [ -111.223684, 40.120694 ], [ -111.224012, 40.120509 ], [ -111.224268, 40.120406 ], [ -111.224522, 40.120305 ], [ -111.224545, 40.120299 ], [ -111.225011, 40.120172 ], [ -111.225389, 40.120057 ], [ -111.225413, 40.119993 ], [ -111.22548, 40.119812 ], [ -111.225937, 40.118575 ], [ -111.225994, 40.118434 ], [ -111.226087, 40.118204 ], [ -111.226106, 40.118109 ], [ -111.226094, 40.117878 ], [ -111.226047, 40.117612 ], [ -111.226045, 40.117568 ], [ -111.226049, 40.117431 ], [ -111.226096, 40.117294 ], [ -111.226116, 40.11714 ], [ -111.22621, 40.116868 ], [ -111.226265, 40.116694 ], [ -111.226283, 40.11664 ], [ -111.22647, 40.116098 ], [ -111.226501, 40.116008 ], [ -111.226577, 40.115871 ], [ -111.226632, 40.115729 ], [ -111.226666, 40.115548 ], [ -111.226714, 40.115384 ], [ -111.226768, 40.115242 ], [ -111.226914, 40.114914 ], [ -111.226938, 40.114659 ], [ -111.226947, 40.114557 ], [ -111.226988, 40.114376 ], [ -111.226977, 40.114244 ], [ -111.226977, 40.114018 ], [ -111.226967, 40.11388 ], [ -111.227016, 40.113694 ], [ -111.227, 40.113512 ], [ -111.227078, 40.113305 ], [ -111.227087, 40.113266 ], [ -111.227215, 40.113065 ], [ -111.227307, 40.112857 ], [ -111.227382, 40.112732 ], [ -111.227444, 40.11259 ], [ -111.227485, 40.112409 ], [ -111.227541, 40.112223 ], [ -111.22758, 40.112114 ], [ -111.227612, 40.111987 ], [ -111.227775, 40.111611 ], [ -111.227856, 40.111524 ], [ -111.227972, 40.111374 ], [ -111.228107, 40.111266 ], [ -111.228312, 40.111125 ], [ -111.228451, 40.111045 ], [ -111.228686, 40.110873 ], [ -111.228856, 40.110661 ], [ -111.228953, 40.110525 ], [ -111.229029, 40.110405 ], [ -111.229106, 40.110252 ], [ -111.229206, 40.110001 ], [ -111.229261, 40.109842 ], [ -111.229295, 40.109689 ], [ -111.229313, 40.109535 ], [ -111.229291, 40.109344 ], [ -111.229273, 40.109308 ], [ -111.229222, 40.10921 ], [ -111.229203, 40.109173 ], [ -111.22912, 40.10902 ], [ -111.229102, 40.108872 ], [ -111.229119, 40.108691 ], [ -111.229133, 40.108635 ], [ -111.22918, 40.108498 ], [ -111.229288, 40.108252 ], [ -111.229344, 40.108066 ], [ -111.229386, 40.10788 ], [ -111.229433, 40.10777 ], [ -111.229601, 40.107437 ], [ -111.229776, 40.107127 ], [ -111.229882, 40.106969 ], [ -111.229975, 40.106861 ], [ -111.230063, 40.10678 ], [ -111.230162, 40.106698 ], [ -111.230363, 40.106576 ], [ -111.230597, 40.106432 ], [ -111.230714, 40.106373 ], [ -111.23088, 40.10631 ], [ -111.231097, 40.106184 ], [ -111.231392, 40.10602 ], [ -111.231675, 40.10585 ], [ -111.231921, 40.105756 ], [ -111.231972, 40.105729 ], [ -111.232299, 40.105592 ], [ -111.232569, 40.105437 ], [ -111.232612, 40.105416 ], [ -111.232889, 40.10525 ], [ -111.23335, 40.104966 ], [ -111.23348, 40.104925 ], [ -111.233612, 40.104811 ], [ -111.233845, 40.104678 ], [ -111.23405, 40.104511 ], [ -111.234299, 40.104366 ], [ -111.234459, 40.104292 ], [ -111.234546, 40.104261 ], [ -111.234698, 40.104191 ], [ -111.234754, 40.104083 ], [ -111.234781, 40.103924 ], [ -111.234729, 40.103194 ], [ -111.234669, 40.102802 ], [ -111.23456, 40.102329 ], [ -111.234478, 40.101989 ], [ -111.234317, 40.101655 ], [ -111.234272, 40.101464 ], [ -111.234287, 40.101331 ], [ -111.23433, 40.101108 ], [ -111.234516, 40.100415 ], [ -111.234602, 40.099969 ], [ -111.234861, 40.099332 ], [ -111.235023, 40.099009 ], [ -111.235103, 40.098599 ], [ -111.235296, 40.098255 ], [ -111.235315, 40.098225 ], [ -111.235582, 40.097804 ], [ -111.235609, 40.097762 ], [ -111.235769, 40.097472 ], [ -111.235948, 40.097154 ], [ -111.23617, 40.096704 ], [ -111.236216, 40.09663 ], [ -111.236485, 40.096194 ], [ -111.236832, 40.095743 ], [ -111.236859, 40.095697 ], [ -111.237011, 40.095404 ], [ -111.237096, 40.095107 ], [ -111.23719, 40.09485 ], [ -111.237319, 40.094701 ], [ -111.237489, 40.094584 ], [ -111.237799, 40.094533 ], [ -111.238174, 40.094472 ], [ -111.238228, 40.094422 ], [ -111.238283, 40.094371 ], [ -111.238445, 40.094087 ], [ -111.238504, 40.093939 ], [ -111.238592, 40.09379 ], [ -111.238828, 40.09353 ], [ -111.239001, 40.093389 ], [ -111.239138, 40.093278 ], [ -111.239434, 40.093117 ], [ -111.239926, 40.092901 ], [ -111.240055, 40.092855 ], [ -111.240144, 40.092774 ], [ -111.240158, 40.092746 ], [ -111.240203, 40.092661 ], [ -111.240251, 40.092544 ], [ -111.240321, 40.092398 ], [ -111.240394, 40.092308 ], [ -111.240498, 40.09225 ], [ -111.240593, 40.092257 ], [ -111.240745, 40.092267 ], [ -111.240839, 40.092273 ], [ -111.240909, 40.092248 ], [ -111.241001, 40.092215 ], [ -111.241115, 40.092149 ], [ -111.241312, 40.092033 ], [ -111.241415, 40.091896 ], [ -111.241453, 40.091828 ], [ -111.241459, 40.091818 ], [ -111.241517, 40.091552 ], [ -111.241909, 40.090148 ], [ -111.241921, 40.08992 ], [ -111.241929, 40.089473 ], [ -111.241959, 40.088847 ], [ -111.242008, 40.08838 ], [ -111.242042, 40.088188 ], [ -111.242048, 40.088004 ], [ -111.242079, 40.08788 ], [ -111.242138, 40.087723 ], [ -111.242135, 40.087597 ], [ -111.242243, 40.087132 ], [ -111.242359, 40.086717 ], [ -111.242404, 40.086402 ], [ -111.242392, 40.086167 ], [ -111.242367, 40.086061 ], [ -111.242344, 40.08596 ], [ -111.242273, 40.085812 ], [ -111.242173, 40.085659 ], [ -111.241896, 40.085349 ], [ -111.241696, 40.085119 ], [ -111.24149, 40.084921 ], [ -111.241249, 40.084746 ], [ -111.240808, 40.084513 ], [ -111.240717, 40.084447 ], [ -111.240688, 40.084432 ], [ -111.240469, 40.084268 ], [ -111.240421, 40.084246 ], [ -111.240261, 40.084117 ], [ -111.240206, 40.084039 ], [ -111.240074, 40.083888 ], [ -111.239978, 40.083754 ], [ -111.23991, 40.083632 ], [ -111.239814, 40.083504 ], [ -111.239753, 40.083434 ], [ -111.239678, 40.083312 ], [ -111.239495, 40.082984 ], [ -111.239371, 40.082664 ], [ -111.239352, 40.082578 ], [ -111.239305, 40.082363 ], [ -111.239267, 40.082244 ], [ -111.23926, 40.082201 ], [ -111.239214, 40.082062 ], [ -111.239152, 40.081979 ], [ -111.239062, 40.081878 ], [ -111.238925, 40.081667 ], [ -111.238794, 40.081527 ], [ -111.23866, 40.081425 ], [ -111.238473, 40.081229 ], [ -111.238348, 40.081106 ], [ -111.238266, 40.080984 ], [ -111.238238, 40.080934 ], [ -111.238212, 40.080861 ], [ -111.238062, 40.080623 ], [ -111.238007, 40.080551 ], [ -111.238009, 40.080485 ], [ -111.237985, 40.080319 ], [ -111.237997, 40.080187 ], [ -111.238, 40.080077 ], [ -111.237988, 40.079984 ], [ -111.238035, 40.079559 ], [ -111.238144, 40.079081 ], [ -111.238278, 40.078815 ], [ -111.238401, 40.078549 ], [ -111.23847, 40.078373 ], [ -111.238491, 40.078283 ], [ -111.238545, 40.07804 ], [ -111.238632, 40.077702 ], [ -111.238671, 40.077625 ], [ -111.238785, 40.077399 ], [ -111.239046, 40.077007 ], [ -111.239285, 40.076704 ], [ -111.239479, 40.076438 ], [ -111.239624, 40.076272 ], [ -111.239792, 40.076025 ], [ -111.239968, 40.075766 ], [ -111.24026, 40.075284 ], [ -111.240557, 40.074819 ], [ -111.240679, 40.074485 ], [ -111.24074, 40.074099 ], [ -111.240718, 40.073851 ], [ -111.240695, 40.073663 ], [ -111.240693, 40.073503 ], [ -111.240631, 40.073409 ], [ -111.240601, 40.073336 ], [ -111.240564, 40.073278 ], [ -111.240405, 40.073144 ], [ -111.240199, 40.07304 ], [ -111.239876, 40.072946 ], [ -111.239665, 40.07292 ], [ -111.239619, 40.072915 ], [ -111.23926, 40.072876 ], [ -111.238993, 40.072817 ], [ -111.238932, 40.072804 ], [ -111.238691, 40.072719 ], [ -111.238509, 40.072629 ], [ -111.238321, 40.072471 ], [ -111.238132, 40.07227 ], [ -111.237956, 40.07204 ], [ -111.237922, 40.071975 ], [ -111.237714, 40.071581 ], [ -111.237372, 40.071078 ], [ -111.237107, 40.070722 ], [ -111.237035, 40.070644 ], [ -111.236959, 40.070549 ], [ -111.236813, 40.070403 ], [ -111.236729, 40.070358 ], [ -111.236574, 40.070283 ], [ -111.236341, 40.070142 ], [ -111.236031, 40.069998 ], [ -111.235989, 40.069959 ], [ -111.235895, 40.069843 ], [ -111.235878, 40.069761 ], [ -111.235883, 40.069635 ], [ -111.235924, 40.069517 ], [ -111.236076, 40.069301 ], [ -111.236274, 40.069125 ], [ -111.236719, 40.068781 ], [ -111.237398, 40.068456 ], [ -111.237925, 40.068261 ], [ -111.238222, 40.068122 ], [ -111.238294, 40.068089 ], [ -111.238592, 40.067796 ], [ -111.2386, 40.067789 ], [ -111.238953, 40.06747 ], [ -111.239469, 40.067154 ], [ -111.24006, 40.066837 ], [ -111.240417, 40.066575 ], [ -111.240651, 40.066377 ], [ -111.240873, 40.066187 ], [ -111.241071, 40.065984 ], [ -111.241305, 40.065677 ], [ -111.241421, 40.065371 ], [ -111.241578, 40.064947 ], [ -111.241636, 40.064587 ], [ -111.241635, 40.0644 ], [ -111.241633, 40.064083 ], [ -111.24161, 40.063908 ], [ -111.241596, 40.063761 ], [ -111.241567, 40.063546 ], [ -111.24157, 40.063452 ], [ -111.24159, 40.063366 ], [ -111.241642, 40.063199 ], [ -111.241741, 40.063033 ], [ -111.241933, 40.062826 ], [ -111.242057, 40.062734 ], [ -111.242312, 40.062563 ], [ -111.242408, 40.062487 ], [ -111.24255, 40.062386 ], [ -111.242952, 40.062169 ], [ -111.243162, 40.061912 ], [ -111.243296, 40.06165 ], [ -111.243393, 40.061445 ], [ -111.243652, 40.061303 ], [ -111.244026, 40.061251 ], [ -111.244396, 40.061041 ], [ -111.244682, 40.060858 ], [ -111.244957, 40.060681 ], [ -111.245378, 40.060455 ], [ -111.245476, 40.060291 ], [ -111.245714, 40.060161 ], [ -111.245981, 40.060064 ], [ -111.246625, 40.059415 ], [ -111.246878, 40.059177 ], [ -111.247326, 40.058689 ], [ -111.247494, 40.058483 ], [ -111.247508, 40.058451 ], [ -111.247614, 40.058208 ], [ -111.247728, 40.057946 ], [ -111.247815, 40.057747 ], [ -111.247996, 40.057369 ], [ -111.248402, 40.056764 ], [ -111.24867, 40.056385 ], [ -111.249227, 40.055595 ], [ -111.249367, 40.055334 ], [ -111.249339, 40.055217 ], [ -111.24916, 40.05508 ], [ -111.249071, 40.055011 ], [ -111.248674, 40.054765 ], [ -111.248394, 40.054591 ], [ -111.248154, 40.05442 ], [ -111.24812, 40.054405 ], [ -111.248076, 40.054385 ], [ -111.247945, 40.054325 ], [ -111.247902, 40.054305 ], [ -111.247846, 40.05428 ], [ -111.247817, 40.054268 ], [ -111.247684, 40.054198 ], [ -111.247631, 40.054171 ], [ -111.247508, 40.054106 ], [ -111.247322, 40.054009 ], [ -111.247168, 40.053874 ], [ -111.24714, 40.05385 ], [ -111.247074, 40.053774 ], [ -111.247059, 40.053756 ], [ -111.247014, 40.053704 ], [ -111.246999, 40.053687 ], [ -111.246914, 40.053471 ], [ -111.246856, 40.053291 ], [ -111.246492, 40.052442 ], [ -111.24643, 40.052297 ], [ -111.246336, 40.051927 ], [ -111.246292, 40.051776 ], [ -111.246278, 40.051635 ], [ -111.246306, 40.051538 ], [ -111.246292, 40.051441 ], [ -111.246262, 40.051114 ], [ -111.24629, 40.050995 ], [ -111.246346, 40.050887 ], [ -111.246318, 40.050822 ], [ -111.246302, 40.050486 ], [ -111.246315, 40.050043 ], [ -111.246299, 40.049784 ], [ -111.246285, 40.049653 ], [ -111.246313, 40.049405 ], [ -111.246283, 40.049005 ], [ -111.24627, 40.048476 ], [ -111.246266, 40.048311 ], [ -111.246252, 40.048002 ], [ -111.246236, 40.047662 ], [ -111.246207, 40.047466 ], [ -111.24602, 40.047193 ], [ -111.245768, 40.046905 ], [ -111.245697, 40.046797 ], [ -111.245684, 40.046708 ], [ -111.245668, 40.046601 ], [ -111.245611, 40.046504 ], [ -111.245545, 40.046453 ], [ -111.245263, 40.046293 ], [ -111.244964, 40.046141 ], [ -111.244711, 40.045939 ], [ -111.244561, 40.045783 ], [ -111.244512, 40.045732 ], [ -111.244236, 40.045462 ], [ -111.244193, 40.045421 ], [ -111.243817, 40.04513 ], [ -111.243559, 40.044968 ], [ -111.243236, 40.044793 ], [ -111.242984, 40.044735 ], [ -111.242773, 40.044727 ], [ -111.242462, 40.044714 ], [ -111.242163, 40.044642 ], [ -111.241857, 40.044526 ], [ -111.241646, 40.044418 ], [ -111.241393, 40.044238 ], [ -111.24107, 40.043996 ], [ -111.240823, 40.043803 ], [ -111.240682, 40.043623 ], [ -111.240558, 40.043475 ], [ -111.240382, 40.043222 ], [ -111.240075, 40.042497 ], [ -111.24006, 40.042389 ], [ -111.239777, 40.041839 ], [ -111.239039, 40.040261 ], [ -111.238571, 40.039449 ], [ -111.238231, 40.038734 ], [ -111.23817, 40.038693 ], [ -111.237982, 40.038568 ], [ -111.237688, 40.038716 ], [ -111.23745, 40.038784 ], [ -111.237255, 40.038795 ], [ -111.237059, 40.038786 ], [ -111.236736, 40.038704 ], [ -111.236525, 40.038587 ], [ -111.236356, 40.038468 ], [ -111.2362, 40.038288 ], [ -111.236058, 40.038139 ], [ -111.235903, 40.038 ], [ -111.235594, 40.037864 ], [ -111.235411, 40.037832 ], [ -111.235002, 40.037822 ], [ -111.234664, 40.03779 ], [ -111.234438, 40.037726 ], [ -111.234283, 40.03766 ], [ -111.234127, 40.037564 ], [ -111.234, 40.037467 ], [ -111.233703, 40.037262 ], [ -111.233534, 40.037187 ], [ -111.233294, 40.037121 ], [ -111.233055, 40.037123 ], [ -111.232788, 40.037177 ], [ -111.232521, 40.037255 ], [ -111.23238, 40.037309 ], [ -111.232212, 40.037342 ], [ -111.232071, 40.037353 ], [ -111.231874, 40.037353 ], [ -111.231634, 40.037278 ], [ -111.230717, 40.036923 ], [ -111.230335, 40.036805 ], [ -111.230253, 40.036787 ], [ -111.230007, 40.036733 ], [ -111.229925, 40.036715 ], [ -111.229566, 40.036594 ], [ -111.229244, 40.03647 ], [ -111.228958, 40.036353 ], [ -111.228729, 40.036238 ], [ -111.228626, 40.036207 ], [ -111.228521, 40.036176 ], [ -111.228329, 40.036156 ], [ -111.228144, 40.036191 ], [ -111.227968, 40.036233 ], [ -111.227773, 40.036224 ], [ -111.227574, 40.036134 ], [ -111.227107, 40.035885 ], [ -111.226705, 40.035693 ], [ -111.226501, 40.035686 ], [ -111.226286, 40.03573 ], [ -111.225824, 40.035934 ], [ -111.225609, 40.036041 ], [ -111.225429, 40.036171 ], [ -111.225282, 40.036319 ], [ -111.225156, 40.036474 ], [ -111.225032, 40.036637 ], [ -111.224947, 40.03673 ], [ -111.22488, 40.036805 ], [ -111.224691, 40.036965 ], [ -111.224499, 40.03714 ], [ -111.2243, 40.037334 ], [ -111.224125, 40.037548 ], [ -111.223936, 40.037686 ], [ -111.223868, 40.037736 ], [ -111.223831, 40.037776 ], [ -111.22375, 40.037865 ], [ -111.22366, 40.037944 ], [ -111.223611, 40.038029 ], [ -111.223572, 40.038097 ], [ -111.223515, 40.038192 ], [ -111.223514, 40.038222 ], [ -111.223484, 40.03834 ], [ -111.223457, 40.038741 ], [ -111.223444, 40.039325 ], [ -111.223457, 40.03965 ], [ -111.223486, 40.039942 ], [ -111.223458, 40.040104 ], [ -111.223177, 40.040483 ], [ -111.222953, 40.040624 ], [ -111.222798, 40.040677 ], [ -111.222501, 40.040709 ], [ -111.222332, 40.040688 ], [ -111.222106, 40.040644 ], [ -111.221657, 40.040579 ], [ -111.221347, 40.0406 ], [ -111.221065, 40.040633 ], [ -111.220616, 40.040772 ], [ -111.220376, 40.040859 ], [ -111.22025, 40.040947 ], [ -111.220038, 40.041009 ], [ -111.219799, 40.041138 ], [ -111.219399, 40.041344 ], [ -111.21911, 40.041493 ], [ -111.219011, 40.041602 ], [ -111.218912, 40.041786 ], [ -111.218687, 40.042043 ], [ -111.218489, 40.042237 ], [ -111.218321, 40.042335 ], [ -111.218138, 40.04241 ], [ -111.217997, 40.042452 ], [ -111.217729, 40.042474 ], [ -111.217392, 40.042472 ], [ -111.216984, 40.042482 ], [ -111.216773, 40.042503 ], [ -111.216563, 40.042536 ], [ -111.216351, 40.042587 ], [ -111.215928, 40.042717 ], [ -111.215648, 40.042858 ], [ -111.215494, 40.042864 ], [ -111.21546, 40.042863 ], [ -111.215243, 40.042858 ], [ -111.214908, 40.042831 ], [ -111.214713, 40.04281 ], [ -111.214347, 40.042836 ], [ -111.214146, 40.042882 ], [ -111.213898, 40.042984 ], [ -111.213567, 40.043251 ], [ -111.213407, 40.043504 ], [ -111.213244, 40.043739 ], [ -111.212414, 40.044476 ], [ -111.21201, 40.044702 ], [ -111.211926, 40.044769 ], [ -111.211813, 40.044859 ], [ -111.211756, 40.044906 ], [ -111.211745, 40.044915 ], [ -111.211427, 40.045175 ], [ -111.211065, 40.045496 ], [ -111.210971, 40.045541 ], [ -111.210807, 40.045589 ], [ -111.210532, 40.04565 ], [ -111.210352, 40.04567 ], [ -111.210005, 40.04571 ], [ -111.209723, 40.045755 ], [ -111.209471, 40.045796 ], [ -111.209108, 40.045905 ], [ -111.208936, 40.045984 ], [ -111.208722, 40.046082 ], [ -111.208336, 40.04633 ], [ -111.207464, 40.046705 ], [ -111.207257, 40.046799 ], [ -111.206937, 40.046945 ], [ -111.206498, 40.04713 ], [ -111.205853, 40.047393 ], [ -111.20538, 40.047655 ], [ -111.204923, 40.047931 ], [ -111.20459, 40.048264 ], [ -111.204516, 40.048355 ], [ -111.204475, 40.048404 ], [ -111.204314, 40.048589 ], [ -111.204263, 40.048648 ], [ -111.204135, 40.04886 ], [ -111.204054, 40.049099 ], [ -111.204024, 40.049175 ], [ -111.203995, 40.049216 ], [ -111.203931, 40.049262 ], [ -111.203919, 40.04927 ], [ -111.20383, 40.049298 ], [ -111.203784, 40.049198 ], [ -111.203752, 40.048981 ], [ -111.20376, 40.048892 ], [ -111.2038, 40.048496 ], [ -111.203804, 40.047842 ], [ -111.203811, 40.047485 ], [ -111.203819, 40.047108 ], [ -111.203918, 40.046734 ], [ -111.203946, 40.046545 ], [ -111.203943, 40.046465 ], [ -111.20394, 40.04636 ], [ -111.20384, 40.046144 ], [ -111.203711, 40.045983 ], [ -111.203485, 40.045746 ], [ -111.203193, 40.045519 ], [ -111.202846, 40.04506 ], [ -111.20255, 40.044682 ], [ -111.202448, 40.044524 ], [ -111.202398, 40.044448 ], [ -111.202323, 40.044323 ], [ -111.202229, 40.04416 ], [ -111.202086, 40.043985 ], [ -111.201986, 40.043796 ], [ -111.201945, 40.04371 ], [ -111.201885, 40.043345 ], [ -111.201872, 40.043295 ], [ -111.201866, 40.043269 ], [ -111.201785, 40.042976 ], [ -111.201661, 40.042765 ], [ -111.201449, 40.042598 ], [ -111.201038, 40.042297 ], [ -111.200829, 40.04217 ], [ -111.20062, 40.042035 ], [ -111.200583, 40.042015 ], [ -111.200512, 40.041901 ], [ -111.20044, 40.041705 ], [ -111.200423, 40.041487 ], [ -111.200424, 40.041254 ], [ -111.20037, 40.041055 ], [ -111.200237, 40.040898 ], [ -111.199841, 40.040666 ], [ -111.199444, 40.040347 ], [ -111.19899, 40.040041 ], [ -111.198984, 40.039934 ], [ -111.198937, 40.039665 ], [ -111.198864, 40.039407 ], [ -111.198917, 40.039184 ], [ -111.199122, 40.039014 ], [ -111.199395, 40.03886 ], [ -111.199595, 40.038757 ], [ -111.199607, 40.038638 ], [ -111.199597, 40.038319 ], [ -111.199599, 40.038217 ], [ -111.199606, 40.038109 ], [ -111.19961, 40.038071 ], [ -111.199621, 40.037991 ], [ -111.199663, 40.037851 ], [ -111.199763, 40.037559 ], [ -111.19982, 40.037444 ], [ -111.199893, 40.037351 ], [ -111.199984, 40.037276 ], [ -111.200115, 40.037224 ], [ -111.200275, 40.037198 ], [ -111.200306, 40.037195 ], [ -111.200294, 40.037107 ], [ -111.200279, 40.03708 ], [ -111.200268, 40.037058 ], [ -111.200244, 40.036995 ], [ -111.200234, 40.036967 ], [ -111.200223, 40.036938 ], [ -111.200209, 40.036897 ], [ -111.200197, 40.036853 ], [ -111.20019, 40.036825 ], [ -111.200176, 40.036771 ], [ -111.20016, 40.036649 ], [ -111.200145, 40.036533 ], [ -111.200079, 40.036329 ], [ -111.200071, 40.036182 ], [ -111.200062, 40.036125 ], [ -111.200052, 40.036061 ], [ -111.200027, 40.035951 ], [ -111.199955, 40.035632 ], [ -111.199914, 40.035511 ], [ -111.199874, 40.03542 ], [ -111.199827, 40.035337 ], [ -111.199684, 40.035171 ], [ -111.199625, 40.035089 ], [ -111.199533, 40.034915 ], [ -111.199493, 40.034849 ], [ -111.199456, 40.034771 ], [ -111.199333, 40.034594 ], [ -111.199309, 40.03453 ], [ -111.199262, 40.034469 ], [ -111.199189, 40.034405 ], [ -111.198987, 40.034309 ], [ -111.19894, 40.034248 ], [ -111.198912, 40.034173 ], [ -111.198879, 40.034102 ], [ -111.198806, 40.034045 ], [ -111.198606, 40.033935 ], [ -111.198527, 40.033876 ], [ -111.198447, 40.0338 ], [ -111.198362, 40.033739 ], [ -111.198268, 40.033687 ], [ -111.198198, 40.033624 ], [ -111.198094, 40.033498 ], [ -111.198056, 40.033428 ], [ -111.197995, 40.033263 ], [ -111.197981, 40.033181 ], [ -111.197987, 40.033046 ], [ -111.198001, 40.032938 ], [ -111.198021, 40.032622 ], [ -111.198044, 40.032514 ], [ -111.198075, 40.032404 ], [ -111.198077, 40.032313 ], [ -111.198067, 40.032237 ], [ -111.198039, 40.032103 ], [ -111.198036, 40.032084 ], [ -111.197959, 40.031992 ], [ -111.197933, 40.031922 ], [ -111.197892, 40.031832 ], [ -111.197883, 40.031768 ], [ -111.197864, 40.0317 ], [ -111.197831, 40.031626 ], [ -111.197796, 40.031581 ], [ -111.197756, 40.031513 ], [ -111.197721, 40.031432 ], [ -111.197711, 40.031353 ], [ -111.197713, 40.031298 ], [ -111.197713, 40.031284 ], [ -111.197727, 40.031228 ], [ -111.197708, 40.031179 ], [ -111.197605, 40.031151 ], [ -111.197556, 40.031159 ], [ -111.19753, 40.031163 ], [ -111.1975, 40.031169 ], [ -111.197451, 40.031167 ], [ -111.197425, 40.031166 ], [ -111.197354, 40.031164 ], [ -111.197255, 40.031152 ], [ -111.197229, 40.03115 ], [ -111.19707, 40.031125 ], [ -111.19695, 40.031129 ], [ -111.196822, 40.03114 ], [ -111.196749, 40.031159 ], [ -111.196716, 40.031169 ], [ -111.196611, 40.031207 ], [ -111.196589, 40.031218 ], [ -111.196422, 40.031305 ], [ -111.19614, 40.031372 ], [ -111.195831, 40.031375 ], [ -111.195689, 40.031365 ], [ -111.195296, 40.031465 ], [ -111.195142, 40.031533 ], [ -111.195029, 40.031587 ], [ -111.194931, 40.031599 ], [ -111.194861, 40.031598 ], [ -111.194762, 40.031568 ], [ -111.194621, 40.031503 ], [ -111.194479, 40.031395 ], [ -111.194408, 40.031311 ], [ -111.194357, 40.031276 ], [ -111.194224, 40.031181 ], [ -111.194026, 40.031072 ], [ -111.193729, 40.030878 ], [ -111.193519, 40.030711 ], [ -111.19336, 40.030587 ], [ -111.192934, 40.030397 ], [ -111.192622, 40.030291 ], [ -111.192312, 40.030219 ], [ -111.192129, 40.030188 ], [ -111.191945, 40.03017 ], [ -111.19186, 40.030137 ], [ -111.191789, 40.030072 ], [ -111.191716, 40.029965 ], [ -111.191574, 40.029826 ], [ -111.191477, 40.029712 ], [ -111.191464, 40.029709 ], [ -111.191377, 40.029683 ], [ -111.191253, 40.029545 ], [ -111.191189, 40.029336 ], [ -111.191114, 40.029054 ], [ -111.191062, 40.028901 ], [ -111.191116, 40.028734 ], [ -111.191118, 40.02872 ], [ -111.191201, 40.028461 ], [ -111.19121, 40.028368 ], [ -111.191279, 40.028212 ], [ -111.191207, 40.027984 ], [ -111.191206, 40.027853 ], [ -111.191248, 40.027723 ], [ -111.191267, 40.027686 ], [ -111.191305, 40.027604 ], [ -111.191319, 40.027539 ], [ -111.191275, 40.027451 ], [ -111.191236, 40.027306 ], [ -111.19119, 40.027135 ], [ -111.191117, 40.027062 ], [ -111.19103, 40.027 ], [ -111.190939, 40.026922 ], [ -111.190912, 40.026878 ], [ -111.190911, 40.026825 ], [ -111.190909, 40.026691 ], [ -111.19087, 40.026639 ], [ -111.190655, 40.026417 ], [ -111.190543, 40.026238 ], [ -111.190402, 40.026008 ], [ -111.19036, 40.025841 ], [ -111.19033, 40.025611 ], [ -111.190323, 40.025552 ], [ -111.190295, 40.025291 ], [ -111.190224, 40.025053 ], [ -111.190082, 40.024765 ], [ -111.189935, 40.024467 ], [ -111.18983, 40.024202 ], [ -111.189769, 40.023882 ], [ -111.189703, 40.02345 ], [ -111.189627, 40.023279 ], [ -111.189464, 40.023053 ], [ -111.189256, 40.022828 ], [ -111.188927, 40.022532 ], [ -111.188522, 40.022154 ], [ -111.188432, 40.022042 ], [ -111.188328, 40.021912 ], [ -111.188146, 40.021673 ], [ -111.188028, 40.021516 ], [ -111.18801, 40.021501 ], [ -111.187858, 40.021358 ], [ -111.187766, 40.021264 ], [ -111.187558, 40.021048 ], [ -111.187147, 40.020648 ], [ -111.186894, 40.020382 ], [ -111.18663, 40.020112 ], [ -111.186459, 40.019959 ], [ -111.18644, 40.019944 ], [ -111.186432, 40.019937 ], [ -111.186277, 40.019811 ], [ -111.186095, 40.019708 ], [ -111.185948, 40.019629 ], [ -111.185884, 40.019595 ], [ -111.185562, 40.019501 ], [ -111.185341, 40.019453 ], [ -111.185173, 40.019416 ], [ -111.184805, 40.019318 ], [ -111.184438, 40.019178 ], [ -111.184128, 40.019047 ], [ -111.183974, 40.018987 ], [ -111.183691, 40.01886 ], [ -111.183303, 40.018645 ], [ -111.183023, 40.018469 ], [ -111.182825, 40.018392 ], [ -111.182723, 40.018352 ], [ -111.182335, 40.018196 ], [ -111.181995, 40.018074 ], [ -111.181444, 40.017841 ], [ -111.18091, 40.017626 ], [ -111.180212, 40.017306 ], [ -111.179537, 40.017056 ], [ -111.178975, 40.01689 ], [ -111.178365, 40.016616 ], [ -111.177849, 40.016406 ], [ -111.177332, 40.016208 ], [ -111.17725, 40.016157 ], [ -111.177098, 40.016064 ], [ -111.176957, 40.015956 ], [ -111.176816, 40.015829 ], [ -111.176784, 40.015795 ], [ -111.176775, 40.015785 ], [ -111.176363, 40.015299 ], [ -111.176033, 40.014872 ], [ -111.175787, 40.014458 ], [ -111.175546, 40.013971 ], [ -111.175416, 40.013593 ], [ -111.175362, 40.013255 ], [ -111.17526, 40.01284 ], [ -111.175073, 40.012499 ], [ -111.174885, 40.012283 ], [ -111.174751, 40.012174 ], [ -111.174582, 40.012071 ], [ -111.174392, 40.011963 ], [ -111.174229, 40.0119 ], [ -111.174172, 40.011888 ], [ -111.174064, 40.011846 ], [ -111.174046, 40.011838 ], [ -111.173747, 40.011722 ], [ -111.173454, 40.011664 ], [ -111.173032, 40.011625 ], [ -111.172856, 40.011588 ], [ -111.172657, 40.011534 ], [ -111.172612, 40.011512 ], [ -111.17244, 40.011431 ], [ -111.172299, 40.011318 ], [ -111.172246, 40.011282 ], [ -111.172011, 40.011017 ], [ -111.171973, 40.010981 ], [ -111.171782, 40.010801 ], [ -111.171665, 40.010657 ], [ -111.171588, 40.010495 ], [ -111.1715, 40.010234 ], [ -111.171419, 40.009955 ], [ -111.171387, 40.009843 ], [ -111.171246, 40.009446 ], [ -111.171104, 40.008897 ], [ -111.171037, 40.008542 ], [ -111.170935, 40.008239 ], [ -111.170928, 40.00808 ], [ -111.170772, 40.007703 ], [ -111.170579, 40.007508 ], [ -111.170411, 40.007396 ], [ -111.170274, 40.007285 ], [ -111.169822, 40.006979 ], [ -111.169505, 40.006683 ], [ -111.16937, 40.006453 ], [ -111.16931, 40.006228 ], [ -111.169315, 40.006012 ], [ -111.169334, 40.005888 ], [ -111.16939, 40.005668 ], [ -111.169415, 40.00535 ], [ -111.169403, 40.005267 ], [ -111.169396, 40.005174 ], [ -111.1694, 40.004769 ], [ -111.169347, 40.004318 ], [ -111.169216, 40.004088 ], [ -111.169197, 40.00407 ], [ -111.169155, 40.004028 ], [ -111.169065, 40.00394 ], [ -111.168978, 40.003881 ], [ -111.168765, 40.003737 ], [ -111.168578, 40.003643 ], [ -111.168261, 40.003553 ], [ -111.168179, 40.003518 ], [ -111.168127, 40.003478 ], [ -111.168103, 40.003459 ], [ -111.168056, 40.003423 ], [ -111.167991, 40.00332 ], [ -111.167961, 40.003184 ], [ -111.167979, 40.00304 ], [ -111.168072, 40.002878 ], [ -111.168206, 40.002697 ], [ -111.16834, 40.002495 ], [ -111.168521, 40.002237 ], [ -111.168559, 40.002174 ], [ -111.168631, 40.002053 ], [ -111.168737, 40.0018 ], [ -111.16879, 40.001667 ], [ -111.168817, 40.001598 ], [ -111.168871, 40.001404 ], [ -111.168993, 40.001219 ], [ -111.169104, 40.001111 ], [ -111.169144, 40.00108 ], [ -111.169163, 40.001065 ], [ -111.169858, 40.000218 ], [ -111.169867, 40.00021 ], [ -111.169867, 39.999733 ], [ -111.169822, 39.999601 ], [ -111.169764, 39.999466 ], [ -111.169514, 39.999001 ], [ -111.169149, 39.998513 ], [ -111.169133, 39.998402 ], [ -111.169146, 39.998267 ], [ -111.169158, 39.9982 ], [ -111.16917, 39.998132 ], [ -111.169209, 39.997935 ], [ -111.169282, 39.997643 ], [ -111.16939, 39.997147 ], [ -111.169408, 39.996885 ], [ -111.169418, 39.996737 ], [ -111.169409, 39.996566 ], [ -111.169369, 39.996374 ], [ -111.169286, 39.996047 ], [ -111.169087, 39.995592 ], [ -111.168878, 39.995196 ], [ -111.168757, 39.994979 ], [ -111.168647, 39.994841 ], [ -111.168191, 39.994201 ], [ -111.167974, 39.993909 ], [ -111.167867, 39.993758 ], [ -111.1678, 39.993637 ], [ -111.167626, 39.993271 ], [ -111.167574, 39.993147 ], [ -111.16746, 39.992717 ], [ -111.167415, 39.992573 ], [ -111.16742, 39.99254 ], [ -111.16743, 39.992441 ], [ -111.167538, 39.992218 ], [ -111.167606, 39.992076 ], [ -111.167711, 39.991792 ], [ -111.167827, 39.991517 ], [ -111.167897, 39.991287 ], [ -111.167914, 39.99112 ], [ -111.167879, 39.990936 ], [ -111.167814, 39.990832 ], [ -111.167711, 39.990734 ], [ -111.167585, 39.990621 ], [ -111.167484, 39.990569 ], [ -111.167368, 39.990509 ], [ -111.167069, 39.990428 ], [ -111.166753, 39.990388 ], [ -111.16622, 39.990235 ], [ -111.165739, 39.990038 ], [ -111.165475, 39.990001 ], [ -111.165171, 39.990012 ], [ -111.164667, 39.990102 ], [ -111.164124, 39.990228 ], [ -111.164017, 39.990252 ], [ -111.16328, 39.990537 ], [ -111.163041, 39.990635 ], [ -111.162795, 39.990741 ], [ -111.16235, 39.991047 ], [ -111.161947, 39.991417 ], [ -111.161612, 39.991652 ], [ -111.161263, 39.991851 ], [ -111.161219, 39.991871 ], [ -111.160947, 39.991995 ], [ -111.160657, 39.99202 ], [ -111.160631, 39.992023 ], [ -111.160528, 39.992011 ], [ -111.160308, 39.991987 ], [ -111.159963, 39.991898 ], [ -111.159878, 39.991876 ], [ -111.159558, 39.991794 ], [ -111.159212, 39.991643 ], [ -111.159189, 39.991633 ], [ -111.158814, 39.991467 ], [ -111.158681, 39.991385 ], [ -111.158526, 39.991296 ], [ -111.158344, 39.991147 ], [ -111.158151, 39.99099 ], [ -111.157778, 39.990718 ], [ -111.157652, 39.990626 ], [ -111.15734, 39.990452 ], [ -111.157313, 39.990437 ], [ -111.157025, 39.990311 ], [ -111.156773, 39.990217 ], [ -111.15655, 39.9901 ], [ -111.156397, 39.989925 ], [ -111.156297, 39.989767 ], [ -111.156226, 39.989587 ], [ -111.15619, 39.989476 ], [ -111.156103, 39.989209 ], [ -111.156032, 39.988934 ], [ -111.155914, 39.988745 ], [ -111.155744, 39.988597 ], [ -111.155545, 39.988457 ], [ -111.155357, 39.988282 ], [ -111.155087, 39.987985 ], [ -111.154595, 39.987471 ], [ -111.154525, 39.987404 ], [ -111.154095, 39.986995 ], [ -111.154015, 39.986921 ], [ -111.153797, 39.986725 ], [ -111.15369, 39.986626 ], [ -111.153424, 39.986292 ], [ -111.153297, 39.986049 ], [ -111.15323, 39.985932 ], [ -111.153116, 39.98576 ], [ -111.153109, 39.985742 ], [ -111.152941, 39.985601 ], [ -111.152838, 39.985472 ], [ -111.152754, 39.985427 ], [ -111.152449, 39.985179 ], [ -111.152253, 39.985087 ], [ -111.152196, 39.985059 ], [ -111.152064, 39.984991 ], [ -111.1519, 39.984955 ], [ -111.151814, 39.984959 ], [ -111.151589, 39.984932 ], [ -111.151314, 39.984927 ], [ -111.150822, 39.985026 ], [ -111.150571, 39.985099 ], [ -111.150272, 39.985158 ], [ -111.149751, 39.9852 ], [ -111.149576, 39.985185 ], [ -111.149375, 39.98522 ], [ -111.148859, 39.98527 ], [ -111.148434, 39.985313 ], [ -111.147544, 39.98531 ], [ -111.146917, 39.985356 ], [ -111.146601, 39.985428 ], [ -111.146338, 39.985537 ], [ -111.146057, 39.985698 ], [ -111.145653, 39.985944 ], [ -111.145618, 39.985965 ], [ -111.145027, 39.986318 ], [ -111.144396, 39.986616 ], [ -111.143986, 39.986783 ], [ -111.143658, 39.9869 ], [ -111.143436, 39.986937 ], [ -111.143335, 39.986964 ], [ -111.143225, 39.986987 ], [ -111.143137, 39.986982 ], [ -111.143043, 39.986955 ], [ -111.143027, 39.986943 ], [ -111.143002, 39.986924 ], [ -111.142967, 39.986856 ], [ -111.142908, 39.986712 ], [ -111.142879, 39.986505 ], [ -111.142738, 39.985991 ], [ -111.14255, 39.985542 ], [ -111.142496, 39.98543 ], [ -111.142499, 39.985385 ], [ -111.142435, 39.985289 ], [ -111.142371, 39.985226 ], [ -111.142302, 39.985135 ], [ -111.14224, 39.985016 ], [ -111.142116, 39.984834 ], [ -111.142015, 39.984726 ], [ -111.141966, 39.984663 ], [ -111.141827, 39.984509 ], [ -111.141667, 39.984352 ], [ -111.141474, 39.9842 ], [ -111.141216, 39.984029 ], [ -111.140847, 39.983822 ], [ -111.140322, 39.983542 ], [ -111.139909, 39.983328 ], [ -111.139597, 39.983161 ], [ -111.139405, 39.983058 ], [ -111.138953, 39.982856 ], [ -111.13873, 39.982723 ], [ -111.138701, 39.982698 ], [ -111.13853, 39.98254 ], [ -111.138218, 39.982249 ], [ -111.13798, 39.982024 ], [ -111.13778, 39.981842 ], [ -111.137579, 39.981682 ], [ -111.137242, 39.981499 ], [ -111.136896, 39.981383 ], [ -111.136681, 39.981331 ], [ -111.136562, 39.981293 ], [ -111.136385, 39.981237 ], [ -111.136227, 39.981166 ], [ -111.136098, 39.981098 ], [ -111.136013, 39.98104 ], [ -111.135613, 39.98072 ], [ -111.135425, 39.980607 ], [ -111.135245, 39.980449 ], [ -111.135169, 39.980343 ], [ -111.135077, 39.980248 ], [ -111.134919, 39.980063 ], [ -111.134667, 39.979887 ], [ -111.134455, 39.97969 ], [ -111.134262, 39.979483 ], [ -111.134125, 39.979276 ], [ -111.134086, 39.979217 ], [ -111.133974, 39.978974 ], [ -111.133828, 39.978716 ], [ -111.133768, 39.978614 ], [ -111.133733, 39.978479 ], [ -111.133709, 39.978398 ], [ -111.133701, 39.978361 ], [ -111.133705, 39.978319 ], [ -111.133721, 39.978294 ], [ -111.133767, 39.978235 ], [ -111.133838, 39.978177 ], [ -111.134037, 39.978109 ], [ -111.1342, 39.978037 ], [ -111.134383, 39.977902 ], [ -111.134498, 39.977739 ], [ -111.134598, 39.977514 ], [ -111.134779, 39.977271 ], [ -111.135012, 39.977028 ], [ -111.135111, 39.976824 ], [ -111.135158, 39.976635 ], [ -111.13514, 39.976405 ], [ -111.135034, 39.976153 ], [ -111.134893, 39.975978 ], [ -111.134529, 39.97546 ], [ -111.134373, 39.97521 ], [ -111.134232, 39.974966 ], [ -111.134111, 39.974738 ], [ -111.133939, 39.97457 ], [ -111.133746, 39.974396 ], [ -111.133602, 39.974249 ], [ -111.133546, 39.974166 ], [ -111.133479, 39.974065 ], [ -111.133373, 39.973898 ], [ -111.133249, 39.973781 ], [ -111.133085, 39.973682 ], [ -111.133038, 39.973659 ], [ -111.132892, 39.973588 ], [ -111.132687, 39.973543 ], [ -111.132394, 39.973489 ], [ -111.13213, 39.973435 ], [ -111.131796, 39.973332 ], [ -111.131497, 39.97317 ], [ -111.131245, 39.973031 ], [ -111.131102, 39.972967 ], [ -111.131036, 39.97293 ], [ -111.130908, 39.972889 ], [ -111.130724, 39.972875 ], [ -111.130587, 39.972899 ], [ -111.130444, 39.972897 ], [ -111.130273, 39.972921 ], [ -111.130101, 39.972907 ], [ -111.130053, 39.972889 ], [ -111.130011, 39.972861 ], [ -111.130013, 39.972811 ], [ -111.130009, 39.972768 ], [ -111.130051, 39.972673 ], [ -111.130056, 39.972663 ], [ -111.130107, 39.972572 ], [ -111.130147, 39.972415 ], [ -111.130096, 39.972226 ], [ -111.130054, 39.972119 ], [ -111.129955, 39.971866 ], [ -111.129884, 39.971487 ], [ -111.129882, 39.971438 ], [ -111.129872, 39.971136 ], [ -111.12982, 39.970972 ], [ -111.129766, 39.970794 ], [ -111.129672, 39.970619 ], [ -111.129631, 39.970573 ], [ -111.12956, 39.970497 ], [ -111.129501, 39.970456 ], [ -111.129425, 39.970411 ], [ -111.129333, 39.970375 ], [ -111.129296, 39.970362 ], [ -111.129173, 39.970348 ], [ -111.129009, 39.970344 ], [ -111.128749, 39.970357 ], [ -111.128527, 39.970364 ], [ -111.128425, 39.970389 ], [ -111.127983, 39.970414 ], [ -111.127597, 39.970455 ], [ -111.127326, 39.970478 ], [ -111.126917, 39.97053 ], [ -111.12676, 39.970516 ], [ -111.126603, 39.970524 ], [ -111.126403, 39.970553 ], [ -111.126153, 39.970548 ], [ -111.125948, 39.970528 ], [ -111.125722, 39.970482 ], [ -111.125415, 39.970493 ], [ -111.125203, 39.970526 ], [ -111.124967, 39.970505 ], [ -111.124712, 39.970511 ], [ -111.124466, 39.970524 ], [ -111.124355, 39.970529 ], [ -111.12405, 39.970476 ], [ -111.123834, 39.970408 ], [ -111.123678, 39.970346 ], [ -111.123572, 39.970285 ], [ -111.123382, 39.97017 ], [ -111.12289, 39.969864 ], [ -111.122099, 39.969414 ], [ -111.121413, 39.969157 ], [ -111.121238, 39.969091 ], [ -111.120534, 39.96879 ], [ -111.119902, 39.968466 ], [ -111.119706, 39.968371 ], [ -111.119641, 39.968338 ], [ -111.119271, 39.968156 ], [ -111.119141, 39.96803 ], [ -111.118921, 39.9678 ], [ -111.118829, 39.967404 ], [ -111.118829, 39.967118 ], [ -111.118843, 39.966838 ], [ -111.118885, 39.966668 ], [ -111.118928, 39.966382 ], [ -111.11892, 39.966108 ], [ -111.11897, 39.965888 ], [ -111.118997, 39.96574 ], [ -111.119045, 39.96563 ], [ -111.1191, 39.965396 ], [ -111.119193, 39.965034 ], [ -111.119198, 39.964696 ], [ -111.119116, 39.964323 ], [ -111.118992, 39.963895 ], [ -111.118838, 39.963485 ], [ -111.118504, 39.962927 ], [ -111.118476, 39.962865 ], [ -111.118275, 39.96243 ], [ -111.118253, 39.96238 ], [ -111.118099, 39.962026 ], [ -111.118072, 39.961936 ], [ -111.118051, 39.961868 ], [ -111.11805, 39.961738 ], [ -111.118083, 39.96162 ], [ -111.118118, 39.961526 ], [ -111.118211, 39.961423 ], [ -111.118339, 39.961308 ], [ -111.118595, 39.961093 ], [ -111.118671, 39.961034 ], [ -111.119431, 39.960561 ], [ -111.120133, 39.960163 ], [ -111.120624, 39.959888 ], [ -111.120775, 39.959789 ], [ -111.120806, 39.959757 ], [ -111.120858, 39.959703 ], [ -111.120881, 39.959442 ], [ -111.120799, 39.959212 ], [ -111.120646, 39.958969 ], [ -111.120376, 39.958537 ], [ -111.120324, 39.958409 ], [ -111.120284, 39.958309 ], [ -111.120223, 39.958163 ], [ -111.120127, 39.957775 ], [ -111.120123, 39.957758 ], [ -111.120099, 39.957442 ], [ -111.120145, 39.957267 ], [ -111.120233, 39.957104 ], [ -111.120326, 39.957021 ], [ -111.120548, 39.956901 ], [ -111.120764, 39.956806 ], [ -111.120969, 39.956759 ], [ -111.121573, 39.956609 ], [ -111.122119, 39.956347 ], [ -111.122133, 39.956336 ], [ -111.122204, 39.956276 ], [ -111.122258, 39.956231 ], [ -111.122504, 39.956147 ], [ -111.122755, 39.956042 ], [ -111.123144, 39.955856 ], [ -111.123216, 39.955762 ], [ -111.123249, 39.955643 ], [ -111.123296, 39.955365 ], [ -111.123338, 39.955214 ], [ -111.123361, 39.954943 ], [ -111.123354, 39.954806 ], [ -111.123414, 39.954635 ], [ -111.123604, 39.954453 ], [ -111.123619, 39.954433 ], [ -111.123741, 39.954406 ], [ -111.124054, 39.954258 ], [ -111.124759, 39.953948 ], [ -111.124992, 39.953845 ], [ -111.125113, 39.953796 ], [ -111.125221, 39.953752 ], [ -111.125334, 39.95368 ], [ -111.12559, 39.953554 ], [ -111.125743, 39.953487 ], [ -111.127054, 39.952665 ], [ -111.127173, 39.952557 ], [ -111.127583, 39.952273 ], [ -111.127629, 39.952241 ], [ -111.12777, 39.952199 ], [ -111.127911, 39.952123 ], [ -111.128079, 39.95209 ], [ -111.12829, 39.951994 ], [ -111.128382, 39.951956 ], [ -111.128675, 39.951836 ], [ -111.128797, 39.951786 ], [ -111.129163, 39.951623 ], [ -111.129438, 39.951371 ], [ -111.129619, 39.951097 ], [ -111.129758, 39.950617 ], [ -111.129823, 39.950539 ], [ -111.129963, 39.950301 ], [ -111.130266, 39.950126 ], [ -111.130416, 39.950021 ], [ -111.130511, 39.949936 ], [ -111.130607, 39.94983 ], [ -111.130637, 39.949808 ], [ -111.130633, 39.949741 ], [ -111.13065, 39.949606 ], [ -111.130667, 39.949336 ], [ -111.130765, 39.948916 ], [ -111.130982, 39.948335 ], [ -111.131256, 39.947758 ], [ -111.131262, 39.947743 ], [ -111.131296, 39.947631 ], [ -111.131314, 39.947565 ], [ -111.131314, 39.947479 ], [ -111.131265, 39.94742 ], [ -111.131243, 39.947393 ], [ -111.131073, 39.947326 ], [ -111.130844, 39.947277 ], [ -111.130171, 39.947127 ], [ -111.129937, 39.947075 ], [ -111.129112, 39.947018 ], [ -111.128772, 39.946977 ], [ -111.128687, 39.94697 ], [ -111.128452, 39.946957 ], [ -111.12821, 39.946952 ], [ -111.128119, 39.946929 ], [ -111.127771, 39.946798 ], [ -111.127426, 39.946605 ], [ -111.127168, 39.946417 ], [ -111.126851, 39.946096 ], [ -111.126722, 39.945934 ], [ -111.126562, 39.945709 ], [ -111.126411, 39.945592 ], [ -111.126323, 39.945547 ], [ -111.126095, 39.945462 ], [ -111.125884, 39.945417 ], [ -111.12579, 39.94542 ], [ -111.125732, 39.945447 ], [ -111.125545, 39.945475 ], [ -111.125305, 39.945539 ], [ -111.124743, 39.945599 ], [ -111.124275, 39.945635 ], [ -111.124097, 39.94564 ], [ -111.123888, 39.945667 ], [ -111.123376, 39.945668 ], [ -111.123134, 39.94564 ], [ -111.122529, 39.945641 ], [ -111.122145, 39.945632 ], [ -111.121805, 39.945611 ], [ -111.121202, 39.945539 ], [ -111.120821, 39.945441 ], [ -111.120499, 39.94536 ], [ -111.120352, 39.945347 ], [ -111.120142, 39.945329 ], [ -111.119814, 39.945311 ], [ -111.119693, 39.945276 ], [ -111.119563, 39.945239 ], [ -111.11944, 39.945181 ], [ -111.119328, 39.945104 ], [ -111.119187, 39.944955 ], [ -111.119111, 39.944821 ], [ -111.119093, 39.944745 ], [ -111.11907, 39.944641 ], [ -111.119034, 39.944415 ], [ -111.11899, 39.944271 ], [ -111.118977, 39.944243 ], [ -111.118806, 39.94389 ], [ -111.118771, 39.943846 ], [ -111.118578, 39.943632 ], [ -111.118422, 39.943484 ], [ -111.115284, 39.943421 ], [ -111.114558, 39.943406 ], [ -111.114393, 39.943417 ], [ -111.114272, 39.9434 ], [ -111.11145, 39.943343 ], [ -111.106382, 39.943273 ], [ -111.092574, 39.943082 ], [ -111.089748, 39.943116 ], [ -111.084687, 39.943178 ], [ -111.083061, 39.943198 ], [ -111.083019, 39.933042 ], [ -111.083013, 39.93159 ], [ -111.083007, 39.930057 ], [ -111.083004, 39.929302 ], [ -111.083002, 39.92917 ], [ -111.082991, 39.928486 ], [ -111.082988, 39.928282 ], [ -111.082996, 39.928054 ], [ -111.083002, 39.927981 ], [ -111.083029, 39.927684 ], [ -111.083043, 39.92754 ], [ -111.083027, 39.92697 ], [ -111.083017, 39.926656 ], [ -111.083012, 39.926481 ], [ -111.083012, 39.926368 ], [ -111.083029, 39.925657 ], [ -111.083051, 39.924981 ], [ -111.083068, 39.924535 ], [ -111.083062, 39.923468 ], [ -111.083061, 39.922731 ], [ -111.083061, 39.920602 ], [ -111.083061, 39.920414 ], [ -111.08306, 39.91956 ], [ -111.083059, 39.919454 ], [ -111.083061, 39.919389 ], [ -111.08306, 39.918987 ], [ -111.08306, 39.9162 ], [ -111.08306, 39.915895 ], [ -111.08306, 39.915592 ], [ -111.083059, 39.914619 ], [ -111.083063, 39.913499 ], [ -111.083064, 39.913146 ], [ -111.083065, 39.912854 ], [ -111.083067, 39.91188 ], [ -111.083071, 39.911317 ], [ -111.08307, 39.910931 ], [ -111.083073, 39.910741 ], [ -111.083072, 39.910359 ], [ -111.083086, 39.905589 ], [ -111.083085, 39.904995 ], [ -111.083088, 39.904831 ], [ -111.083102, 39.900059 ], [ -111.082983, 39.900058 ], [ -111.079015, 39.900011 ], [ -111.078363, 39.900003 ], [ -111.078063, 39.899999 ], [ -111.076564, 39.900017 ], [ -111.075893, 39.900026 ], [ -111.0712, 39.899935 ], [ -111.069557, 39.899903 ], [ -111.066733, 39.899848 ], [ -111.066631, 39.899846 ], [ -111.064118, 39.899797 ], [ -111.06391, 39.899797 ], [ -111.063816, 39.899807 ], [ -111.063725, 39.899796 ], [ -111.062357, 39.899794 ], [ -111.06123, 39.899792 ], [ -111.056659, 39.899785 ], [ -111.056109, 39.899784 ], [ -111.056054, 39.899784 ], [ -111.054241, 39.899781 ], [ -111.053725, 39.89978 ], [ -111.052927, 39.899778 ], [ -111.052116, 39.899777 ], [ -111.051828, 39.899777 ], [ -111.05173, 39.899771 ], [ -111.051634, 39.899776 ], [ -111.046831, 39.899768 ], [ -111.03946, 39.899756 ], [ -111.039388, 39.899756 ], [ -111.03285, 39.899745 ], [ -111.031786, 39.899737 ], [ -111.031424, 39.899735 ], [ -111.029242, 39.899719 ], [ -111.026754, 39.899702 ], [ -111.022371, 39.899686 ], [ -111.022298, 39.899685 ], [ -111.017757, 39.899669 ], [ -111.017706, 39.899669 ], [ -111.016457, 39.899668 ], [ -111.016022, 39.899668 ], [ -111.013145, 39.899665 ], [ -111.013006, 39.899665 ], [ -111.008533, 39.899662 ], [ -111.008307, 39.899662 ], [ -111.003657, 39.899661 ], [ -110.998824, 39.89966 ], [ -110.99878, 39.89966 ], [ -110.998649, 39.89966 ], [ -110.996871, 39.899659 ], [ -110.996806, 39.899659 ], [ -110.996759, 39.899659 ], [ -110.996687, 39.899659 ], [ -110.996628, 39.899659 ], [ -110.996606, 39.899659 ], [ -110.996494, 39.899659 ], [ -110.996456, 39.899658 ], [ -110.996436, 39.899658 ], [ -110.996416, 39.899658 ], [ -110.996404, 39.899659 ], [ -110.996271, 39.899659 ], [ -110.995343, 39.899659 ], [ -110.991593, 39.899657 ], [ -110.991161, 39.899657 ], [ -110.990894, 39.899656 ], [ -110.989458, 39.899653 ], [ -110.984881, 39.899658 ], [ -110.984681, 39.899658 ], [ -110.983755, 39.899658 ], [ -110.979458, 39.89966 ], [ -110.978325, 39.899661 ], [ -110.973566, 39.899662 ], [ -110.972531, 39.899663 ], [ -110.972224, 39.899663 ], [ -110.966259, 39.899662 ], [ -110.965853, 39.899662 ], [ -110.959951, 39.899664 ], [ -110.959766, 39.89966 ], [ -110.959601, 39.899659 ], [ -110.959454, 39.899659 ], [ -110.958935, 39.899659 ], [ -110.956934, 39.899659 ], [ -110.954676, 39.899659 ], [ -110.954528, 39.899659 ], [ -110.953493, 39.899659 ], [ -110.947764, 39.899659 ], [ -110.947181, 39.899658 ], [ -110.941239, 39.899658 ], [ -110.940712, 39.899658 ], [ -110.937436, 39.899659 ], [ -110.934699, 39.899657 ], [ -110.934328, 39.899657 ], [ -110.931855, 39.899657 ], [ -110.931124, 39.899657 ], [ -110.929799, 39.899658 ], [ -110.929032, 39.899657 ], [ -110.927936, 39.899657 ], [ -110.92564, 39.899658 ], [ -110.920539, 39.899657 ], [ -110.917539, 39.899656 ], [ -110.91666, 39.899656 ], [ -110.915065, 39.899656 ], [ -110.913087, 39.899656 ], [ -110.904626, 39.899655 ], [ -110.899209, 39.899654 ], [ -110.893429, 39.899654 ], [ -110.891655, 39.899654 ], [ -110.890787, 39.899655 ], [ -110.88887, 39.899657 ], [ -110.871491, 39.899684 ], [ -110.865113, 39.899696 ], [ -110.863619, 39.899697 ], [ -110.859139, 39.899705 ], [ -110.857647, 39.899707 ], [ -110.85765, 39.899049 ], [ -110.857693, 39.888431 ], [ -110.857732, 39.879135 ], [ -110.85776, 39.872265 ], [ -110.857765, 39.871096 ], [ -110.857767, 39.870408 ], [ -110.857769, 39.869112 ], [ -110.857788, 39.861973 ], [ -110.85778, 39.849365 ], [ -110.857778, 39.839079 ], [ -110.857815, 39.834859 ], [ -110.857812, 39.834384 ], [ -110.85779, 39.831155 ], [ -110.857787, 39.830675 ], [ -110.857779, 39.829613 ], [ -110.85778, 39.827024 ], [ -110.85778, 39.823879 ], [ -110.857781, 39.821583 ], [ -110.85778, 39.821057 ], [ -110.857779, 39.815013 ], [ -110.857779, 39.814829 ], [ -110.85778, 39.813285 ], [ -110.857782, 39.813014 ], [ -110.867165, 39.813054 ], [ -110.868443, 39.813062 ], [ -110.876197, 39.813115 ], [ -110.877133, 39.813123 ], [ -110.87822, 39.81313 ], [ -110.881818, 39.813162 ], [ -110.882884, 39.81317 ], [ -110.887823, 39.813207 ], [ -110.88889, 39.813228 ], [ -110.890561, 39.813234 ], [ -110.893352, 39.813262 ], [ -110.903845, 39.813326 ], [ -110.911484, 39.813389 ], [ -110.913276, 39.813399 ], [ -110.91392, 39.813405 ], [ -110.914071, 39.813406 ], [ -110.914636, 39.81341 ], [ -110.91673, 39.813424 ], [ -110.919436, 39.813442 ], [ -110.929765, 39.813513 ], [ -110.931937, 39.813528 ], [ -110.936318, 39.81356 ], [ -110.936826, 39.813567 ], [ -110.937214, 39.813563 ], [ -110.937547, 39.813566 ], [ -110.939266, 39.81358 ], [ -110.944904, 39.813622 ], [ -110.95383, 39.813682 ], [ -110.95679, 39.813703 ], [ -110.957296, 39.813705 ], [ -110.958112, 39.813713 ], [ -110.961695, 39.813738 ], [ -110.961777, 39.813739 ], [ -110.965611, 39.813758 ], [ -110.967065, 39.813765 ], [ -110.970673, 39.813784 ], [ -110.971428, 39.813787 ], [ -110.975167, 39.813806 ], [ -110.975349, 39.813807 ], [ -110.975714, 39.813808 ], [ -110.978351, 39.813823 ], [ -110.980827, 39.813834 ], [ -110.985008, 39.813861 ], [ -110.985745, 39.813865 ], [ -110.985792, 39.813866 ], [ -110.985867, 39.813866 ], [ -110.985912, 39.813866 ], [ -110.98885, 39.813884 ], [ -110.989403, 39.813887 ], [ -110.997464, 39.813934 ], [ -110.997574, 39.813935 ], [ -111.010103, 39.813985 ], [ -111.010404, 39.813985 ], [ -111.010765, 39.813986 ], [ -111.01327, 39.813994 ], [ -111.013669, 39.813995 ], [ -111.015263, 39.814 ], [ -111.015439, 39.814 ], [ -111.017993, 39.814009 ], [ -111.018357, 39.81401 ], [ -111.023062, 39.814025 ], [ -111.025717, 39.814033 ], [ -111.027735, 39.814039 ], [ -111.031725, 39.814035 ], [ -111.031793, 39.814035 ], [ -111.03185, 39.814035 ], [ -111.03238, 39.814035 ], [ -111.032425, 39.814035 ], [ -111.033193, 39.814033 ], [ -111.035315, 39.814032 ], [ -111.037115, 39.814031 ], [ -111.037159, 39.81403 ], [ -111.037704, 39.81403 ], [ -111.040756, 39.814026 ], [ -111.041805, 39.814025 ], [ -111.046399, 39.81402 ], [ -111.055902, 39.814112 ], [ -111.060986, 39.814127 ], [ -111.063112, 39.814132 ], [ -111.065297, 39.814137 ], [ -111.065778, 39.814138 ], [ -111.069993, 39.814135 ], [ -111.074691, 39.814131 ], [ -111.079051, 39.814128 ], [ -111.079052, 39.812231 ], [ -111.097866, 39.812706 ], [ -111.103023, 39.812785 ], [ -111.106737, 39.812828 ], [ -111.108446, 39.81284 ], [ -111.110486, 39.812846 ], [ -111.113523, 39.812855 ], [ -111.115683, 39.812861 ], [ -111.125382, 39.812882 ], [ -111.133181, 39.812963 ], [ -111.133225, 39.812964 ], [ -111.134018, 39.812973 ], [ -111.13523, 39.81299 ], [ -111.136001, 39.812989 ], [ -111.136845, 39.812991 ], [ -111.138048, 39.812993 ], [ -111.139034, 39.812996 ], [ -111.139173, 39.812995 ], [ -111.144807, 39.813006 ], [ -111.148215, 39.813014 ], [ -111.150812, 39.81302 ], [ -111.150912, 39.81302 ], [ -111.151762, 39.813022 ], [ -111.15624, 39.813031 ], [ -111.163177, 39.813044 ], [ -111.166044, 39.81305 ], [ -111.166538, 39.813046 ], [ -111.178064, 39.81305 ], [ -111.178337, 39.813049 ], [ -111.18713, 39.813034 ], [ -111.199686, 39.813031 ], [ -111.200143, 39.813032 ], [ -111.200543, 39.813032 ], [ -111.205208, 39.813033 ], [ -111.20545, 39.813033 ], [ -111.207983, 39.813026 ], [ -111.223838, 39.813025 ], [ -111.226597, 39.813023 ], [ -111.23235, 39.813024 ], [ -111.233404, 39.813024 ], [ -111.245268, 39.813027 ], [ -111.247496, 39.813028 ], [ -111.250432, 39.813031 ], [ -111.251303, 39.813033 ], [ -111.252206, 39.813036 ], [ -111.255381, 39.813037 ], [ -111.256906, 39.813038 ], [ -111.261605, 39.81304 ], [ -111.271004, 39.813046 ], [ -111.275705, 39.813049 ], [ -111.281558, 39.813048 ], [ -111.285106, 39.813056 ], [ -111.289804, 39.813057 ], [ -111.293303, 39.813058 ], [ -111.293606, 39.813058 ], [ -111.294503, 39.813058 ], [ -111.295225, 39.813058 ], [ -111.295809, 39.813058 ], [ -111.296925, 39.813053 ], [ -111.297428, 39.813051 ], [ -111.297606, 39.813052 ], [ -111.297766, 39.813051 ], [ -111.297964, 39.813052 ], [ -111.298162, 39.813052 ], [ -111.298363, 39.813053 ], [ -111.298859, 39.813053 ], [ -111.298933, 39.813054 ], [ -111.299528, 39.813053 ], [ -111.300048, 39.813053 ], [ -111.300721, 39.813053 ], [ -111.301259, 39.813053 ], [ -111.301913, 39.813053 ], [ -111.302053, 39.813052 ], [ -111.302452, 39.813053 ], [ -111.303113, 39.813053 ], [ -111.303509, 39.813053 ], [ -111.303629, 39.813053 ], [ -111.303699, 39.813053 ], [ -111.304336, 39.813053 ], [ -111.305041, 39.813053 ], [ -111.305892, 39.813053 ], [ -111.306487, 39.813053 ], [ -111.306615, 39.813056 ], [ -111.306801, 39.813053 ], [ -111.306801, 39.812367 ], [ -111.308138, 39.812367 ], [ -111.308582, 39.812367 ], [ -111.309423, 39.812367 ], [ -111.310013, 39.812367 ], [ -111.310562, 39.812367 ], [ -111.311432, 39.812367 ], [ -111.313574, 39.812368 ], [ -111.313989, 39.812368 ], [ -111.31515, 39.812369 ], [ -111.315202, 39.812369 ], [ -111.315363, 39.812369 ], [ -111.315417, 39.812368 ], [ -111.315674, 39.812368 ], [ -111.315789, 39.812368 ], [ -111.316091, 39.812368 ], [ -111.316412, 39.812368 ], [ -111.316773, 39.812369 ], [ -111.316821, 39.812369 ], [ -111.316849, 39.812369 ], [ -111.317047, 39.812369 ], [ -111.317849, 39.812369 ], [ -111.318568, 39.812369 ], [ -111.319881, 39.81237 ], [ -111.321859, 39.81237 ], [ -111.323322, 39.812371 ], [ -111.326411, 39.812371 ], [ -111.327951, 39.812372 ], [ -111.329322, 39.812372 ], [ -111.331065, 39.812373 ], [ -111.332403, 39.812372 ], [ -111.3325, 39.812372 ], [ -111.333098, 39.812374 ], [ -111.335357, 39.812374 ], [ -111.335401, 39.812374 ], [ -111.337297, 39.812375 ], [ -111.340154, 39.812376 ], [ -111.341944, 39.812376 ], [ -111.344099, 39.812377 ], [ -111.344862, 39.812377 ], [ -111.346673, 39.812378 ], [ -111.346904, 39.812378 ], [ -111.347029, 39.812378 ], [ -111.348552, 39.812378 ], [ -111.348758, 39.812378 ], [ -111.348954, 39.812379 ], [ -111.349062, 39.812379 ], [ -111.349088, 39.812379 ], [ -111.349127, 39.812379 ], [ -111.349169, 39.81238 ], [ -111.349195, 39.81238 ], [ -111.349525, 39.812379 ], [ -111.351107, 39.81238 ], [ -111.351447, 39.812379 ], [ -111.35235, 39.812379 ], [ -111.353377, 39.81238 ], [ -111.353799, 39.81238 ], [ -111.355619, 39.812381 ], [ -111.355835, 39.812381 ], [ -111.356105, 39.812381 ], [ -111.357004, 39.812382 ], [ -111.35796, 39.812382 ], [ -111.358939, 39.812382 ], [ -111.359391, 39.812382 ], [ -111.360357, 39.812383 ], [ -111.361773, 39.812383 ], [ -111.363474, 39.812383 ], [ -111.364738, 39.812382 ], [ -111.365883, 39.812383 ], [ -111.366664, 39.812385 ], [ -111.366702, 39.812385 ], [ -111.369591, 39.812383 ], [ -111.370001, 39.812383 ], [ -111.371067, 39.812383 ], [ -111.371683, 39.812378 ], [ -111.374248, 39.812383 ], [ -111.376298, 39.812383 ], [ -111.378824, 39.812383 ], [ -111.379973, 39.812382 ], [ -111.381016, 39.812383 ], [ -111.383285, 39.812381 ], [ -111.383539, 39.812382 ], [ -111.38543, 39.812381 ], [ -111.386978, 39.812381 ], [ -111.388482, 39.812379 ], [ -111.388962, 39.81238 ], [ -111.390828, 39.812379 ], [ -111.392958, 39.812378 ], [ -111.395182, 39.812378 ], [ -111.397381, 39.812378 ], [ -111.397863, 39.812378 ], [ -111.399343, 39.812378 ], [ -111.399461, 39.81238 ], [ -111.400463, 39.812379 ], [ -111.400845, 39.812378 ], [ -111.402425, 39.812378 ], [ -111.402686, 39.812378 ], [ -111.403178, 39.812378 ], [ -111.403488, 39.812378 ], [ -111.403577, 39.812378 ], [ -111.403979, 39.812379 ], [ -111.404344, 39.812378 ], [ -111.40497, 39.812378 ], [ -111.405947, 39.812378 ], [ -111.406425, 39.812379 ], [ -111.407142, 39.812378 ], [ -111.40723, 39.812377 ], [ -111.407287, 39.812378 ], [ -111.408365, 39.812377 ], [ -111.408722, 39.812378 ], [ -111.408993, 39.812378 ], [ -111.409162, 39.812378 ], [ -111.409343, 39.812378 ], [ -111.409526, 39.812378 ], [ -111.409708, 39.812377 ], [ -111.409895, 39.812377 ], [ -111.410069, 39.812377 ], [ -111.410256, 39.812377 ], [ -111.410438, 39.812377 ], [ -111.410614, 39.812377 ], [ -111.410799, 39.812377 ], [ -111.410978, 39.812377 ], [ -111.411169, 39.812377 ], [ -111.411358, 39.812377 ], [ -111.411735, 39.812377 ], [ -111.412117, 39.812377 ], [ -111.412495, 39.812377 ], [ -111.412541, 39.812377 ], [ -111.412655, 39.812378 ], [ -111.413225, 39.812377 ], [ -111.413416, 39.812377 ], [ -111.413497, 39.812377 ], [ -111.414109, 39.812377 ], [ -111.414535, 39.812377 ], [ -111.416014, 39.812377 ], [ -111.416257, 39.812375 ], [ -111.416341, 39.812377 ], [ -111.41742, 39.812378 ], [ -111.418774, 39.812379 ], [ -111.419363, 39.812379 ], [ -111.419523, 39.812378 ], [ -111.419698, 39.812379 ], [ -111.420649, 39.81238 ], [ -111.421144, 39.81238 ], [ -111.421226, 39.812379 ], [ -111.422645, 39.812381 ], [ -111.424142, 39.812382 ], [ -111.425673, 39.812383 ], [ -111.42688, 39.812384 ], [ -111.428427, 39.812385 ], [ -111.429917, 39.812386 ], [ -111.431076, 39.812386 ], [ -111.431217, 39.812386 ], [ -111.431294, 39.812386 ], [ -111.432624, 39.812387 ], [ -111.434155, 39.812387 ], [ -111.434681, 39.812385 ], [ -111.435753, 39.812386 ], [ -111.437324, 39.812384 ], [ -111.438009, 39.812383 ], [ -111.439574, 39.812382 ], [ -111.440987, 39.81238 ], [ -111.441155, 39.81238 ], [ -111.441456, 39.81238 ], [ -111.441628, 39.81238 ], [ -111.441746, 39.81238 ], [ -111.441922, 39.812379 ], [ -111.442474, 39.812379 ], [ -111.443265, 39.812378 ], [ -111.443476, 39.812377 ], [ -111.443583, 39.812378 ], [ -111.443697, 39.812376 ], [ -111.444433, 39.812376 ], [ -111.444773, 39.812375 ], [ -111.446059, 39.812373 ], [ -111.446824, 39.812372 ], [ -111.448848, 39.812369 ], [ -111.450964, 39.812366 ], [ -111.45179, 39.812363 ], [ -111.452043, 39.812361 ], [ -111.452292, 39.812358 ], [ -111.453008, 39.81235 ], [ -111.453385, 39.812346 ], [ -111.454078, 39.812339 ], [ -111.454315, 39.812337 ], [ -111.455777, 39.812321 ], [ -111.455963, 39.812319 ], [ -111.456043, 39.812319 ], [ -111.456082, 39.812318 ], [ -111.457158, 39.812307 ], [ -111.457214, 39.812307 ], [ -111.457295, 39.812305 ], [ -111.45736, 39.812304 ], [ -111.457954, 39.812298 ], [ -111.458171, 39.812296 ], [ -111.458876, 39.812288 ], [ -111.458926, 39.812287 ], [ -111.459132, 39.812286 ], [ -111.459241, 39.812285 ], [ -111.459407, 39.812283 ], [ -111.45958, 39.812281 ], [ -111.459768, 39.812279 ], [ -111.460145, 39.812275 ], [ -111.460874, 39.812267 ], [ -111.461282, 39.812263 ], [ -111.461757, 39.812258 ], [ -111.462245, 39.812253 ], [ -111.46273, 39.812248 ], [ -111.463219, 39.812242 ], [ -111.463705, 39.812237 ], [ -111.464191, 39.812232 ], [ -111.464501, 39.812229 ], [ -111.46481, 39.812226 ], [ -111.465122, 39.812222 ], [ -111.465436, 39.812219 ], [ -111.465461, 39.812219 ], [ -111.46553, 39.812218 ], [ -111.465547, 39.812218 ], [ -111.46575, 39.812216 ], [ -111.465919, 39.812214 ], [ -111.465998, 39.812213 ], [ -111.466126, 39.812212 ], [ -111.466327, 39.81221 ], [ -111.466394, 39.812209 ], [ -111.466589, 39.812207 ], [ -111.466797, 39.812205 ], [ -111.467009, 39.812202 ], [ -111.467434, 39.812198 ], [ -111.467883, 39.812193 ], [ -111.468331, 39.812188 ], [ -111.468766, 39.812184 ], [ -111.470619, 39.812167 ], [ -111.475143, 39.812151 ], [ -111.479662, 39.812136 ], [ -111.48027, 39.812135 ], [ -111.48193, 39.812128 ], [ -111.482868, 39.812125 ], [ -111.484039, 39.812121 ], [ -111.484231, 39.81212 ], [ -111.485311, 39.812116 ], [ -111.485394, 39.812116 ], [ -111.485769, 39.812115 ], [ -111.48745, 39.812109 ], [ -111.487516, 39.812109 ], [ -111.488401, 39.812106 ], [ -111.488966, 39.812104 ], [ -111.489047, 39.812104 ], [ -111.489142, 39.812103 ], [ -111.489173, 39.812103 ], [ -111.49104, 39.812096 ], [ -111.492871, 39.812107 ], [ -111.493849, 39.812085 ], [ -111.495795, 39.812083 ], [ -111.498591, 39.812081 ], [ -111.499755, 39.812075 ], [ -111.500878, 39.812058 ], [ -111.501601, 39.812055 ], [ -111.503463, 39.812048 ], [ -111.505655, 39.812041 ], [ -111.505914, 39.812039 ], [ -111.506536, 39.812036 ], [ -111.507741, 39.812032 ], [ -111.508078, 39.812031 ], [ -111.508209, 39.81203 ], [ -111.508427, 39.812029 ], [ -111.508507, 39.812031 ], [ -111.50881, 39.812031 ], [ -111.509589, 39.812031 ], [ -111.510866, 39.812031 ], [ -111.511838, 39.812032 ], [ -111.511951, 39.812031 ], [ -111.51229, 39.812031 ], [ -111.512361, 39.81203 ], [ -111.512403, 39.812032 ], [ -111.512484, 39.812029 ], [ -111.513141, 39.81203 ], [ -111.514051, 39.812032 ], [ -111.515369, 39.812033 ], [ -111.515604, 39.812033 ], [ -111.516097, 39.812033 ], [ -111.516138, 39.812033 ], [ -111.516416, 39.812033 ], [ -111.516797, 39.812033 ], [ -111.516991, 39.812033 ], [ -111.517553, 39.812033 ], [ -111.517848, 39.812033 ], [ -111.518254, 39.812033 ], [ -111.518349, 39.812033 ], [ -111.518482, 39.812033 ], [ -111.518508, 39.812033 ], [ -111.518526, 39.812033 ], [ -111.518543, 39.812033 ], [ -111.518558, 39.812033 ], [ -111.518611, 39.812033 ], [ -111.518631, 39.812033 ], [ -111.518742, 39.812033 ], [ -111.518771, 39.812033 ], [ -111.518799, 39.812033 ], [ -111.518829, 39.812033 ], [ -111.518933, 39.812033 ], [ -111.520051, 39.812032 ], [ -111.52151, 39.812031 ], [ -111.526052, 39.812028 ], [ -111.526358, 39.812028 ], [ -111.526925, 39.812029 ], [ -111.527079, 39.812028 ], [ -111.527895, 39.812027 ], [ -111.528326, 39.812027 ], [ -111.528357, 39.812027 ], [ -111.528349, 39.812141 ], [ -111.528344, 39.812224 ], [ -111.528299, 39.812946 ], [ -111.528496, 39.812944 ], [ -111.529892, 39.812934 ], [ -111.530641, 39.812928 ], [ -111.531289, 39.812922 ], [ -111.532083, 39.812917 ], [ -111.533496, 39.8129 ], [ -111.533621, 39.812898 ], [ -111.536081, 39.812885 ], [ -111.537627, 39.812873 ], [ -111.537907, 39.812871 ], [ -111.538109, 39.812876 ], [ -111.539358, 39.812907 ], [ -111.539421, 39.812909 ], [ -111.539445, 39.812911 ], [ -111.539983, 39.812925 ], [ -111.540541, 39.812942 ], [ -111.540985, 39.812953 ], [ -111.541315, 39.812962 ], [ -111.542442, 39.81299 ], [ -111.542552, 39.812995 ], [ -111.542614, 39.812996 ], [ -111.543159, 39.813006 ], [ -111.543304, 39.813009 ], [ -111.544541, 39.813039 ], [ -111.544787, 39.813045 ], [ -111.546247, 39.813081 ], [ -111.546393, 39.813084 ], [ -111.54658, 39.813089 ], [ -111.546798, 39.81309 ], [ -111.547135, 39.813101 ], [ -111.547664, 39.813093 ], [ -111.548121, 39.813088 ], [ -111.548563, 39.813083 ], [ -111.548642, 39.813083 ], [ -111.548687, 39.813082 ], [ -111.549779, 39.813069 ], [ -111.549838, 39.813069 ], [ -111.550095, 39.813065 ], [ -111.551973, 39.813043 ], [ -111.553257, 39.813026 ], [ -111.554397, 39.813014 ], [ -111.554731, 39.81301 ], [ -111.555734, 39.812999 ], [ -111.556069, 39.812996 ], [ -111.556916, 39.812981 ], [ -111.559459, 39.812937 ], [ -111.560004, 39.812928 ], [ -111.560255, 39.812924 ], [ -111.560361, 39.812923 ], [ -111.560672, 39.812917 ], [ -111.561046, 39.81291 ], [ -111.561375, 39.812904 ], [ -111.562362, 39.81289 ], [ -111.562693, 39.812885 ], [ -111.562927, 39.81288 ], [ -111.562969, 39.812878 ], [ -111.563608, 39.812865 ], [ -111.563835, 39.812862 ], [ -111.564305, 39.812854 ], [ -111.564556, 39.81285 ], [ -111.565673, 39.812831 ], [ -111.565808, 39.812828 ], [ -111.566127, 39.812828 ], [ -111.567797, 39.812825 ], [ -111.56851, 39.812823 ], [ -111.572413, 39.812815 ], [ -111.573285, 39.812813 ], [ -111.574878, 39.81281 ], [ -111.575033, 39.81281 ], [ -111.575559, 39.812827 ], [ -111.577603, 39.812896 ], [ -111.578285, 39.81292 ], [ -111.578445, 39.812924 ], [ -111.578928, 39.812938 ], [ -111.579089, 39.812943 ], [ -111.580215, 39.812979 ], [ -111.58043, 39.812986 ], [ -111.580962, 39.813004 ], [ -111.581961, 39.813037 ], [ -111.58217, 39.813043 ], [ -111.582257, 39.813049 ], [ -111.5823, 39.813048 ], [ -111.582338, 39.813051 ], [ -111.582411, 39.813051 ], [ -111.58245, 39.813052 ], [ -111.58289, 39.813065 ], [ -111.583269, 39.813079 ], [ -111.58421, 39.81311 ], [ -111.584518, 39.813119 ], [ -111.584651, 39.813117 ], [ -111.585404, 39.813106 ], [ -111.587663, 39.813075 ], [ -111.588417, 39.813066 ], [ -111.588623, 39.813063 ], [ -111.589032, 39.813058 ], [ -111.589241, 39.813055 ], [ -111.589305, 39.813054 ], [ -111.59212, 39.813016 ], [ -111.592179, 39.813015 ], [ -111.592354, 39.813012 ], [ -111.592414, 39.813012 ], [ -111.5931, 39.813002 ], [ -111.595826, 39.812969 ], [ -111.596769, 39.812958 ], [ -111.600764, 39.81291 ], [ -111.602823, 39.812881 ], [ -111.605451, 39.812915 ], [ -111.606758, 39.812933 ], [ -111.610139, 39.812984 ], [ -111.610983, 39.812996 ], [ -111.613519, 39.813036 ], [ -111.614364, 39.813048 ], [ -111.614478, 39.81305 ], [ -111.615918, 39.813072 ], [ -111.616199, 39.813076 ], [ -111.621311, 39.813163 ], [ -111.621473, 39.813166 ], [ -111.621834, 39.813161 ], [ -111.623449, 39.813138 ], [ -111.624085, 39.813129 ], [ -111.624331, 39.813124 ], [ -111.625662, 39.813105 ], [ -111.626869, 39.813088 ], [ -111.62712, 39.813084 ], [ -111.627945, 39.813072 ], [ -111.62816, 39.813069 ], [ -111.628301, 39.813067 ], [ -111.62854, 39.813063 ], [ -111.628957, 39.813057 ], [ -111.62915, 39.813059 ], [ -111.629697, 39.813046 ], [ -111.632016, 39.813012 ], [ -111.633167, 39.812996 ], [ -111.636536, 39.812947 ], [ -111.638135, 39.812924 ], [ -111.641025, 39.812899 ], [ -111.641944, 39.812869 ], [ -111.644593, 39.812832 ], [ -111.646816, 39.812803 ], [ -111.649594, 39.812762 ], [ -111.652411, 39.812724 ], [ -111.65653, 39.812666 ], [ -111.660798, 39.812606 ], [ -111.665371, 39.81257 ], [ -111.667827, 39.81255 ], [ -111.670644, 39.812528 ], [ -111.673563, 39.812505 ], [ -111.676246, 39.812484 ] ] ] } }
]
}
